Hãng xe,Dòng xe,Xuất xứ,Kiểu dáng,Hộp số,Loại động cơ,Năm sản xuất,Số Km đã đi,Số ngày bài đã đăng,Dung tích động cơ,Giá thực tế,Giá dự đoán
mercedes,benz glc 200 2022,lắp ráp trong nước,suv,số tự động,xăng,2022.0,30000.0,60.0,2.0,1360.0,1380.530176573965
mazda,cx8 luxury 2019,lắp ráp trong nước,suv,số tự động,xăng,2019.0,73000.0,93.0,2.5,699.0,695.5688795458548
toyota,vios 1.5e cvt 2018,lắp ráp trong nước,sedan,số tự động,xăng,2018.0,50000.0,59.0,1.5,360.0,345.84247535800296
kia,sonet luxury 1.5 at 2025,lắp ráp trong nước,suv,số tự động,xăng,2025.0,2000.0,58.0,1.5,585.0,585.9624989609774
hyundai,santafe 2.4l 4wd 2017,lắp ráp trong nước,suv,số tự động,xăng,2017.0,80000.0,79.0,2.4,560.0,581.0238707197965
hyundai,accent 1.4 at đặc biệt 2021,lắp ráp trong nước,sedan,số tự động,xăng,2021.0,50000.0,60.0,1.4,410.0,432.83275151685723
toyota,vios 1.5e 2008,lắp ráp trong nước,sedan,số tay,xăng,2008.0,200000.0,88.0,1.5,118.0,159.2781750815903
mercedes,benz glc 200 4matic 2022,lắp ráp trong nước,suv,số tự động,xăng,2022.0,179626.7683965918,57.0,2.0,1399.0,1492.5411068526048
honda,civic 1.8 mt 2010,lắp ráp trong nước,sedan,số tay,xăng,2010.0,155000.0,84.0,1.8,195.0,183.39191698605373
hyundai,santafe premium 2.4l htrac 2019,lắp ráp trong nước,suv,số tự động,xăng,2019.0,83000.0,57.0,2.4,789.0,774.221675757134
mercedes,benz c class c200 2016,lắp ráp trong nước,sedan,số tự động,xăng,2016.0,90000.0,64.0,2.0,590.0,578.2630876376685
mercedes,benz c class c200 2017,lắp ráp trong nước,sedan,số tự động,xăng,2017.0,71000.0,57.0,2.0,639.0,656.4566351147856
kia,carnival signature 2.2d 2022,lắp ráp trong nước,van/minivan,số tự động,dầu,2022.0,71000.0,70.0,2.2,1120.0,1203.2378297358703
kia,carnival premium 2.2d 2022,lắp ráp trong nước,van/minivan,số tự động,dầu,2022.0,61000.0,60.0,2.2,1125.0,1110.5384608918766
mercedes,benz c class c43 amg 4matic coupe 2017,nhập khẩu,coupe,số tự động,xăng,2017.0,22000.0,77.0,3.0,1859.0,1437.1917742566202
ford,territory titanium x 1.5 at 2024,lắp ráp trong nước,suv,số tự động,xăng,2024.0,10000.0,60.0,1.5,840.0,831.6184915818556
peugeot,2008 gt line 1.2 at 2021,lắp ráp trong nước,crossover,số tự động,xăng,2021.0,18013.0,68.0,1.2,575.0,595.6440763692726
toyota,camry 2.0g 2020,nhập khẩu,sedan,số tự động,xăng,2020.0,60000.0,57.0,2.0,825.0,790.0218728116176
ford,ranger xls 2.2l 4x2 at 2020,nhập khẩu,bán tải / pickup,số tự động,dầu,2020.0,68000.0,58.0,2.2,530.0,536.6715414536283
mitsubishi,xpander cross 1.5 at 2022,nhập khẩu,suv,số tự động,xăng,2022.0,50000.0,59.0,1.5,538.0,558.3031361176904
honda,civic g 1.8 at 2019,nhập khẩu,sedan,số tự động,xăng,2019.0,60000.0,57.0,1.8,529.0,535.9393222302032
mazda,2 1.5 at 2018,lắp ráp trong nước,sedan,số tự động,xăng,2018.0,80000.0,101.0,1.5,335.0,338.7337851503194
suzuki,swift glx 1.2 at 2018,nhập khẩu,hatchback,số tự động,xăng,2018.0,6500.0,57.0,1.2,370.0,391.6037777946993
vinfast,vf e34 at 2022,lắp ráp trong nước,crossover,số tự động,điện,2022.0,170000.0,58.0,0.1,399.0,328.05916687656554
vinfast,vf8 eco awd 2022,lắp ráp trong nước,suv,số tự động,điện,2022.0,57000.0,57.0,2.097755539082448,715.0,665.2895083944874
porsche,panamera 3.6 v6 2010,nhập khẩu,sedan,số tự động,xăng,2010.0,84000.0,57.0,3.6,860.0,844.7376602472607
hyundai,santafe cao cấp 2.5l htrac 2024,lắp ráp trong nước,suv,số tự động,xăng,2024.0,24000.0,57.0,2.5,1196.0,1198.6484113317438
mazda,3 2.0l signature premium 2019,lắp ráp trong nước,sedan,số tự động,xăng,2019.0,179626.7683965918,77.0,2.0,533.0,411.97402027689816
subaru,forester 2.0i,nhập khẩu,suv,số tự động,xăng,2019.0,80000.0,60.0,2.0,2019.0,1836.9198187064328
kia,sedona 2.2l dath 2017,lắp ráp trong nước,van/minivan,số tự động,dầu,2017.0,92000.0,57.0,2.2,679.0,639.8066583990374
kia,cerato 1.6 at luxury 2020,lắp ráp trong nước,sedan,số tự động,xăng,2020.0,50000.0,57.0,1.6,460.0,464.18863519481187
honda,city 1.5 at 2015,lắp ráp trong nước,sedan,số tự động,xăng,2015.0,110000.0,80.0,1.5,280.0,288.16158324770356
mitsubishi,xpander premium 1.5 at 2022,nhập khẩu,suv,số tự động,xăng,2022.0,21000.0,57.0,1.5,538.0,545.2637783192276
kia,morning slx 1.0 at 2009,nhập khẩu,hatchback,số tự động,xăng,2009.0,120000.0,105.0,1.0,133.0,146.20364649012677
mazda,cx5 2.5 at 2wd 2018,lắp ráp trong nước,suv,số tự động,xăng,2018.0,70000.0,57.0,2.5,595.0,582.7863081111968
hyundai,kona 1.6 turbo 2018,lắp ráp trong nước,crossover,số tự động,xăng,2018.0,90000.0,58.0,1.6,445.0,439.63435313851284
toyota,vios 1.5g 2019,lắp ráp trong nước,sedan,số tự động,xăng,2019.0,86868.0,61.0,1.5,365.0,380.63770815749456
bmw,3 series 320i 2016,nhập khẩu,sedan,số tự động,xăng,2016.0,114000.0,57.0,2.0,552.0,555.3991568755273
hyundai,accent 1.4 at 2023,lắp ráp trong nước,sedan,số tự động,xăng,2023.0,7009.0,57.0,1.4,429.0,445.0710842468312
mitsubishi,attrage 1.2 mt 2020,nhập khẩu,sedan,số tay,xăng,2020.0,76982.0,57.0,1.2,245.0,194.84757319211553
ford,everest titanium 2.0l 4x4 at 2020,nhập khẩu,suv,số tự động,dầu,2020.0,65000.0,59.0,2.0,912.0,892.3048714090694
hyundai,kona 2.0 ath 2019,lắp ráp trong nước,crossover,số tự động,xăng,2019.0,92000.0,57.0,2.0,479.0,469.04755432959536
ford,ranger raptor 2.0l 4x4 at 2024,nhập khẩu,bán tải / pickup,số tự động,dầu,2024.0,17000.0,58.0,2.0,1198.0,1201.760350844148
toyota,yaris 1.5e 2016,nhập khẩu,hatchback,số tự động,xăng,2016.0,67000.0,57.0,1.5,359.0,358.6005889986962
toyota,fortuner 2.4l 4x2 at 2025,lắp ráp trong nước,suv,số tự động,dầu,2025.0,23.0,57.0,2.4,1079.0,1084.6154596625577
mercedes,benz e class e200 sport 2019,lắp ráp trong nước,sedan,số tự động,xăng,2019.0,11000.0,57.0,2.0,1320.0,1191.0061736522894
volkswagen,viloran premium 2023,nhập khẩu,van/minivan,số tự động,xăng,2023.0,32000.0,70.0,2.0,1738.0,1728.243583619874
hyundai,accent 1.4 at 2022,lắp ráp trong nước,sedan,số tự động,xăng,2022.0,45000.0,58.0,1.4,430.0,418.03685909632054
toyota,innova g 2008,lắp ráp trong nước,crossover,số tay,xăng,2008.0,179626.7683965918,57.0,2.0,172.0,182.98532060604276
kia,carnival signature 2.2d 2022,lắp ráp trong nước,van/minivan,số tự động,dầu,2022.0,34000.0,62.0,2.2,1245.0,1203.7947815479936
toyota,prado gx 2.7 at 2007,nhập khẩu,suv,số tự động,xăng,2007.0,150000.0,81.0,2.7,365.0,385.3259619226577
toyota,yaris cross 1.5 d,nhập khẩu,suv,số tự động,xăng,2024.0,17181.0,58.0,1.5,2024.0,2012.188712250034
mitsubishi,attrage 1.2mt 2017,nhập khẩu,sedan,số tay,xăng,2017.0,179626.7683965918,63.0,1.2,180.0,185.37800932506354
toyota,fortuner 2.4l 4x2 at 2022,lắp ráp trong nước,suv,số tự động,dầu,2022.0,54430.0,57.0,2.4,950.0,939.9682700778658
mazda,2 luxury 2023,nhập khẩu,sedan,số tự động,xăng,2023.0,27000.0,63.0,1.5,460.0,473.4921509782286
chevrolet,lacetti 1.6 2013,lắp ráp trong nước,sedan,số tay,xăng,2013.0,123456.0,104.0,1.6,160.0,104.98993300135429
toyota,yaris 1.5g 2019,nhập khẩu,hatchback,số tự động,xăng,2019.0,60000.0,57.0,1.5,440.0,458.52622791290906
ford,focus 1.8 at 2011,lắp ráp trong nước,hatchback,số tự động,xăng,2011.0,12000.0,67.0,1.8,195.0,179.93541961556662
toyota,corolla altis 2.0v 2015,lắp ráp trong nước,sedan,số tự động,xăng,2015.0,80000.0,102.0,2.0,410.0,434.365345555409
chevrolet,trailblazer lt 2.5l 4x2 mt 2018,nhập khẩu,suv,số tay,dầu,2018.0,80000.0,100.0,2.5,399.0,412.32515489633147
toyota,innova 2.0e 2017,lắp ráp trong nước,crossover,số tay,xăng,2017.0,60000.0,57.0,2.0,385.0,394.15384005793334
toyota,vios 1.5e 2011,lắp ráp trong nước,sedan,số tay,xăng,2011.0,159.0,57.0,1.5,159.0,140.59287867488231
mazda,2 sport luxury 2020,nhập khẩu,hatchback,số tự động,xăng,2020.0,50000.0,92.0,1.5,428.0,429.04553993620294
toyota,hilux gr sport 2.8l 4x4 at 2021,nhập khẩu,bán tải / pickup,số tự động,dầu,2021.0,85000.0,63.0,2.8,770.0,617.0184670609173
hyundai,tucson 2.0 at 2019,lắp ráp trong nước,crossover,số tự động,xăng,2019.0,60000.0,58.0,2.0,595.0,578.9321072197126
vinfast,fadil 1.4 at plus 2021,lắp ráp trong nước,hatchback,số tự động,xăng,2021.0,31000.0,72.0,1.4,299.0,324.4628751028752
toyota,vios e cvt 2024,lắp ráp trong nước,sedan,số tự động,xăng,2024.0,26000.0,58.0,1.5,455.0,449.1267009963739
hyundai,santafe cao cấp 2.5l htrac 2022,lắp ráp trong nước,suv,số tự động,xăng,2022.0,69000.0,59.0,2.5,995.0,1044.51520125661
nissan,x trail 2.5 sv 4wd premium 2018,lắp ráp trong nước,suv,số tự động,xăng,2018.0,179626.7683965918,57.0,2.5,518.0,504.52281805257286
mazda,3 1.5l sport luxury 2019,lắp ráp trong nước,hatchback,số tự động,xăng,2019.0,55000.0,71.0,1.5,432.0,452.1000055803448
mitsubishi,xforce premium 2024,nhập khẩu,suv,số tự động,xăng,2024.0,179626.7683965918,82.0,1.5,650.0,600.2758824464623
audi,a5 sportback 2.0 2017,nhập khẩu,sedan,số tự động,xăng,2017.0,179626.7683965918,60.0,2.0,950.0,958.9982848958128
acura,mdx sh,nhập khẩu,suv,số tự động,xăng,2008.0,140000.0,58.0,3.7,2008.0,1937.7048734491352
mitsubishi,pajero sport 2.4d 4x2 at 2021,nhập khẩu,suv,số tự động,dầu,2021.0,60000.0,57.0,2.4,840.0,841.2761982231258
lexus,rx 350 awd 2014,nhập khẩu,suv,số tự động,xăng,2014.0,200000.0,57.0,3.5,999.0,1183.2261317435893
toyota,raize g 1.0 cvt 2024,nhập khẩu,suv,số tự động,xăng,2024.0,2000.0,57.0,1.0,510.0,504.3649001352306
kia,sorento dmt 2.2l 2wd 2014,lắp ráp trong nước,suv,số tay,dầu,2014.0,160000.0,57.0,2.2,390.0,286.70829278789756
ford,ranger xls 2.2l 4x2 at 2018,nhập khẩu,bán tải / pickup,số tự động,dầu,2018.0,80000.0,57.0,2.2,495.0,496.46400212241264
ford,everest titanium 2.0l 4x2 at 2022,nhập khẩu,suv,số tự động,dầu,2022.0,24000.0,58.0,2.0,1140.0,1079.1256309225519
mercedes,benz e class e200 exclusive 2022,lắp ráp trong nước,sedan,số tự động,xăng,2022.0,10000.0,57.0,2.0,1739.0,1697.5582627213216
ford,ecosport titanium 1.5 at 2021,lắp ráp trong nước,suv,số tự động,xăng,2021.0,68000.0,57.0,1.5,458.0,457.9635839654875
mercedes,benz s class s450l 2019,lắp ráp trong nước,sedan,số tự động,xăng,2019.0,48000.0,58.0,3.0,2088.0,2095.5721758083773
mercedes,benz e class e200 sport 2019,lắp ráp trong nước,sedan,số tự động,xăng,2019.0,70000.0,57.0,2.0,1250.0,1191.673998111249
bmw,5 series 528i gt 2015,nhập khẩu,sedan,số tự động,xăng,2015.0,15000.0,57.0,2.0,1059.0,882.9515688396614
vinfast,vf7 eco 2025,lắp ráp trong nước,suv,số tự động,điện,2025.0,179626.7683965918,74.0,2.097755539082448,715.0,742.359297875197
mazda,3 1.5 at 2015,lắp ráp trong nước,hatchback,số tự động,xăng,2015.0,100000.0,59.0,1.5,360.0,351.2052948331187
audi,q5 sline 45 tfsi quattro 2024,nhập khẩu,suv,số tự động,xăng,2024.0,5000.0,63.0,2.0,2060.0,2125.0210606921673
hyundai,i10 grand 1.2 at 2020,lắp ráp trong nước,hatchback,số tự động,xăng,2020.0,40000.0,58.0,1.25,335.0,321.3506832556234
mitsubishi,outlander premium 2.0 cvt 2023,lắp ráp trong nước,suv,số tự động,xăng,2023.0,179626.7683965918,57.0,2.0,830.0,762.7974584052217
hyundai,i20 1.4 at 2011,nhập khẩu,hatchback,số tự động,xăng,2011.0,102000.0,57.0,1.4,239.0,221.5756631279043
toyota,yaris 1.5 at 2013,nhập khẩu,hatchback,số tự động,xăng,2013.0,179626.7683965918,58.0,1.5,280.0,274.2721083703648
toyota,innova 2.0g 2019,lắp ráp trong nước,crossover,số tự động,xăng,2019.0,85555.0,57.0,2.0,485.0,549.6539509496806
mercedes,benz glc 300 4matic coupe 2020,nhập khẩu,suv,số tự động,xăng,2020.0,179626.7683965918,64.0,2.0,1759.0,1683.5472865538682
hyundai,accent 1.4 at 2021,lắp ráp trong nước,sedan,số tự động,xăng,2021.0,60000.0,84.0,1.4,395.0,397.98742047774044
hyundai,elantra 2.0 at 2019,lắp ráp trong nước,sedan,số tự động,xăng,2019.0,25000.0,57.0,2.0,465.0,445.18087253668756
suzuki,swift glx 1.2 at 2019,nhập khẩu,hatchback,số tự động,xăng,2019.0,62000.0,57.0,1.2,425.0,399.35286530413464
honda,hrv rs 2024,nhập khẩu,crossover,số tự động,xăng,2024.0,3300.0,57.0,1.5,825.0,536.3982764599449
hyundai,kona 2.0 at 2020,lắp ráp trong nước,crossover,số tự động,xăng,2020.0,60000.0,57.0,2.0,435.0,469.0029337806666
mg,5 luxury 1.5 at 2022,nhập khẩu,sedan,số tự động,xăng,2022.0,40000.0,60.0,1.5,415.0,398.9226485046627
mercedes,benz s class s63 amg 2008,nhập khẩu,sedan,số tự động,xăng,2008.0,89800.0,57.0,6.2,540.0,998.8028244549846
ford,everest 2.5l 4x2 at 2015,lắp ráp trong nước,suv,số tự động,dầu,2015.0,91000.0,58.0,2.5,329.0,386.09626991668847
hyundai,i10 grand 1.2 mt 2019,lắp ráp trong nước,sedan,số tay,xăng,2019.0,37000.0,73.0,1.25,269.0,237.32738019782127
kia,soluto 1.4 at luxury 2020,lắp ráp trong nước,sedan,số tự động,xăng,2020.0,39000.0,59.0,1.4,358.0,275.95437301084155
lexus,gx 460 2015,nhập khẩu,suv,số tự động,xăng,2015.0,150000.0,57.0,4.6,2150.0,2215.8343308340163
mercedes,benz c class c300 amg 2011,lắp ráp trong nước,sedan,số tự động,xăng,2011.0,120000.0,57.0,3.0,310.0,269.7619968159623
honda,hrv g 2024,nhập khẩu,crossover,số tự động,xăng,2024.0,179626.7683965918,57.0,1.5,695.0,652.3021914773719
mercedes,benz e class e200 2019,lắp ráp trong nước,sedan,số tự động,xăng,2019.0,59000.0,57.0,2.0,1059.0,1040.1706825230563
mazda,6 signature premium 2.5 at 2022,lắp ráp trong nước,sedan,số tự động,xăng,2022.0,43000.0,61.0,2.5,719.0,703.4870292339767
hyundai,santafe cao cấp 2.2l htrac 2021,lắp ráp trong nước,suv,số tự động,dầu,2021.0,60000.0,57.0,2.2,890.0,1000.6215321870048
vinfast,vf3 plus 2025,lắp ráp trong nước,hatchback,số tự động,điện,2025.0,500.0,57.0,2.097755539082448,285.0,258.6970644288121
kia,sonet deluxe 1.5 at 2023,lắp ráp trong nước,crossover,số tự động,xăng,2023.0,24000.0,64.0,1.5,495.0,498.4212960684498
hyundai,creta đặc biệt 1.5 at 2022,nhập khẩu,crossover,số tự động,xăng,2022.0,179626.7683965918,57.0,1.5,565.0,564.3941762946519
ford,ranger raptor 2.0l 4x4 at 2019,nhập khẩu,bán tải / pickup,số tự động,dầu,2019.0,80000.0,57.0,2.0,800.0,883.6620336130436
lexus,rx 400h 2008,nhập khẩu,suv,số tự động,hybrid,2008.0,120000.0,89.0,3.3,460.0,820.2030168725275
kia,sportage signature x,lắp ráp trong nước,crossover,số tự động,xăng,2022.0,52000.0,60.0,1.6,1.0,1.0137394224113299
ford,territory titanium x 1.5 at 2024,lắp ráp trong nước,suv,số tự động,xăng,2024.0,179626.7683965918,75.0,1.5,775.0,803.7523070352008
honda,civic g 1.8 at 2020,nhập khẩu,sedan,số tự động,xăng,2020.0,67000.0,71.0,1.8,545.0,550.3623266148378
mitsubishi,outlander premium 2.0 cvt 2022,lắp ráp trong nước,suv,số tự động,xăng,2022.0,45000.0,57.0,2.0,725.0,750.460310782648
hyundai,accent 1.4 at 2022,lắp ráp trong nước,sedan,số tự động,xăng,2022.0,40000.0,83.0,1.4,425.0,417.4580801634343
chevrolet,trailblazer ltz 2.5l vgt 4x4 at 2018,nhập khẩu,suv,số tự động,dầu,2018.0,179626.7683965918,85.0,2.5,595.0,575.0261220711517
bmw,3 series 320i 2015,nhập khẩu,sedan,số tự động,xăng,2015.0,110000.0,60.0,2.0,499.0,510.80595448173705
mazda,3 1.5l luxury 2021,lắp ráp trong nước,sedan,số tự động,xăng,2021.0,50000.0,57.0,1.5,540.0,518.4931980133548
mercedes,benz ml class ml350 2007,nhập khẩu,suv,số tự động,xăng,2007.0,110000.0,57.0,3.5,320.0,285.1762947859154
mercedes,benz c class c300 amg 2021,lắp ráp trong nước,sedan,số tự động,xăng,2021.0,15000.0,57.0,2.0,1339.0,1296.3341961613319
hyundai,elantra 2.0 at 2018,lắp ráp trong nước,sedan,số tự động,xăng,2018.0,51000.0,57.0,2.0,445.0,376.374028861271
mitsubishi,xpander cross 1.5 at 2023,nhập khẩu,suv,số tự động,xăng,2023.0,38.0,104.0,1.5,595.0,588.5761500336585
hyundai,santafe cao cấp 2.2l htrac 2022,lắp ráp trong nước,suv,số tự động,dầu,2022.0,5300.0,57.0,2.2,1169.0,1134.9887855681707
kia,carens 2.0 at 2009,nhập khẩu,crossover,số tự động,xăng,2009.0,179626.7683965918,57.0,2.0,185.0,159.75076361757954
hyundai,creta tiêu chuẩn 1.5 at 2022,nhập khẩu,crossover,số tự động,xăng,2022.0,179626.7683965918,59.0,1.5,538.0,527.908765330112
volvo,xc60 inscription b6 awd 2021,nhập khẩu,suv,số tự động,xăng,2021.0,79000.0,57.0,2.0,1599.0,1599.9294161697123
jaguar,xj series xjl 2.0 portfolio 2016,nhập khẩu,sedan,số tự động,xăng,2016.0,53000.0,57.0,2.0,1379.0,685.5411189037965
kia,cerato 2.0 at premium 2020,lắp ráp trong nước,sedan,số tự động,xăng,2020.0,93000.0,76.0,2.0,455.0,477.0361232063202
mercedes,benz c class c300 amg 2015,lắp ráp trong nước,sedan,số tự động,xăng,2015.0,100000.0,63.0,2.0,650.0,649.1224158736061
mazda,3 1.5 at 2018,lắp ráp trong nước,sedan,số tự động,xăng,2018.0,25000.0,64.0,1.5,465.0,423.3391646381531
toyota,vios 1.5g 2020,lắp ráp trong nước,sedan,số tự động,xăng,2020.0,60000.0,57.0,1.5,419.0,396.7233950099543
kia,soluto 1.4 at deluxe 2021,lắp ráp trong nước,sedan,số tự động,xăng,2021.0,30000.0,60.0,1.4,345.0,345.73967100436204
honda,crv l 2019,nhập khẩu,suv,số tự động,xăng,2019.0,75000.0,57.0,1.5,735.0,756.4282979434715
kia,cerato 1.6 at luxury 2018,lắp ráp trong nước,sedan,số tự động,xăng,2018.0,80000.0,63.0,1.6,430.0,426.1777043810235
toyota,innova g 2007,lắp ráp trong nước,crossover,số tay,xăng,2007.0,140000.0,57.0,2.0,168.0,156.5151960187821
toyota,vios 1.5g 2016,lắp ráp trong nước,sedan,số tự động,xăng,2016.0,150000.0,57.0,1.5,345.0,336.89139495790585
mg,5 luxury 1.5 at 2024,nhập khẩu,sedan,số tự động,xăng,2024.0,18000.0,57.0,1.5,440.0,450.30627853621627
hyundai,venue 1.0 t,lắp ráp trong nước,suv,số tự động,xăng,2024.0,15000.0,58.0,1.0,2024.0,2008.4168483299886
mitsubishi,triton 4x2 at mivec premium 2021,nhập khẩu,bán tải / pickup,số tự động,dầu,2021.0,50000.0,62.0,2.4,550.0,562.7637724271207
ford,transit limousine 2018,lắp ráp trong nước,van/minivan,số tay,dầu,2018.0,20000.0,58.0,2.4,380.0,481.34290533591906
toyota,corolla cross 1.8v 2022,nhập khẩu,suv,số tự động,xăng,2022.0,27677.0,57.0,1.8,710.0,721.4517240115463
landrover,range rover evoque dynamic 2014,nhập khẩu,suv,số tự động,xăng,2014.0,65000.0,57.0,2.0,720.0,653.0050082128662
kia,k5 luxury 2.0 at 2022,lắp ráp trong nước,sedan,số tự động,xăng,2022.0,58000.0,60.0,2.0,645.0,665.1151359731768
kia,sedona 2.2 dat luxury 2019,lắp ráp trong nước,van/minivan,số tự động,dầu,2019.0,179626.7683965918,57.0,2.2,760.0,747.5623389659625
toyota,hilux 2.4l 4x2 mt 2020,nhập khẩu,bán tải / pickup,số tay,dầu,2020.0,96383.0,57.0,2.4,525.0,423.14480467524476
volkswagen,viloran luxury 2024,nhập khẩu,van/minivan,số tự động,xăng,2024.0,14000.0,58.0,2.0,2138.0,2127.27828735826
kia,sonet deluxe 1.5 at 2023,lắp ráp trong nước,crossover,số tự động,xăng,2023.0,19000.0,59.0,1.5,509.0,497.40330872863063
mazda,2 luxury 2024,nhập khẩu,sedan,số tự động,xăng,2024.0,3000.0,57.0,1.5,480.0,469.9344153495129
suzuki,ciaz 1.4 at 2017,nhập khẩu,sedan,số tự động,xăng,2017.0,96000.0,58.0,1.4,258.0,267.97306102074384
mercedes,benz e class e300 amg 2019,lắp ráp trong nước,sedan,số tự động,xăng,2019.0,30000.0,57.0,2.0,1286.0,1321.6243406270178
vinfast,fadil nâng cao 1.4 at 2022,lắp ráp trong nước,hatchback,số tự động,xăng,2022.0,56000.0,88.0,1.4,310.0,332.4440387077392
vinfast,vf e34 at 2022,lắp ráp trong nước,crossover,số tự động,điện,2022.0,70000.0,57.0,0.1,448.0,336.3836174542688
toyota,corolla altis 1.8g mt 2008,lắp ráp trong nước,sedan,số tay,xăng,2008.0,179626.7683965918,60.0,1.8,188.0,159.9530341053329
toyota,fortuner 2.4l 4x2 mt 2022,lắp ráp trong nước,suv,số tay,dầu,2022.0,91000.0,67.0,2.4,810.0,848.2397237808482
ford,everest titanium plus 2.0l 4x4 at 2023,nhập khẩu,suv,số tự động,dầu,2023.0,50000.0,58.0,2.0,1330.0,1369.952164645341
vinfast,vf8 plus awd 2023,lắp ráp trong nước,suv,số tự động,điện,2023.0,29000.0,57.0,2.097755539082448,880.0,834.361181053921
volvo,s90 ultra b6 awd 2025,nhập khẩu,sedan,số tự động,xăng,2025.0,1000.0,57.0,2.0,2150.0,2162.9812142199653
hyundai,creta đặc biệt 1.5 at 2022,nhập khẩu,crossover,số tự động,xăng,2022.0,179626.7683965918,57.0,1.5,565.0,564.3941762946519
toyota,raize g 1.0 cvt 2024,nhập khẩu,suv,số tự động,xăng,2024.0,45000.0,81.0,1.0,478.0,507.77310096693265
kia,k3 luxury 1.6 at 2022,lắp ráp trong nước,sedan,số tự động,xăng,2022.0,25000.0,57.0,1.6,529.0,528.1545652274374
ford,transit svp 2018,lắp ráp trong nước,van/minivan,số tay,dầu,2018.0,100000.0,57.0,2.4,410.0,417.570265361406
audi,q5 2.0 at 2018,nhập khẩu,suv,số tự động,xăng,2018.0,43000.0,90.0,2.0,1199.0,1284.019527914092
mercedes,benz e class e200 sport 2019,lắp ráp trong nước,sedan,số tự động,xăng,2019.0,80000.0,59.0,2.0,1199.0,1191.0827008468707
ford,everest titanium 2.0l 4x2 at 2019,nhập khẩu,suv,số tự động,dầu,2019.0,58000.0,57.0,2.0,820.0,819.0438174581561
bmw,3 series 320i 2015,nhập khẩu,sedan,số tự động,xăng,2015.0,78000.0,57.0,2.0,499.0,512.2206129253644
mercedes,benz e class e180 2020,lắp ráp trong nước,sedan,số tự động,xăng,2020.0,50000.0,57.0,1.5,960.0,939.1595928643701
ford,everest titanium 2.0l 4x2 at 2022,nhập khẩu,suv,số tự động,dầu,2022.0,60000.0,58.0,2.0,919.0,1078.018540232337
mitsubishi,attrage 1.2 cvt 2020,nhập khẩu,sedan,số tự động,xăng,2020.0,60000.0,57.0,1.2,309.0,317.47216097177557
mazda,cx5 2.5 signature premium awd i,lắp ráp trong nước,suv,số tự động,xăng,2020.0,60000.0,57.0,2.5,2020.0,1991.960857214806
vinfast,vf3 plus 2024,lắp ráp trong nước,hatchback,số tự động,điện,2024.0,9000.0,57.0,2.097755539082448,229.0,231.20445046550327
kia,k3 premium 1.6 at 2022,lắp ráp trong nước,sedan,số tự động,xăng,2022.0,20000.0,60.0,1.6,580.0,546.5628687646093
toyota,innova e 2.0 mt 2020,lắp ráp trong nước,crossover,số tay,xăng,2020.0,63000.0,57.0,2.0,570.0,357.6134393662668
toyota,corolla altis 1.8g at 2017,lắp ráp trong nước,sedan,số tự động,xăng,2017.0,51000.0,57.0,1.8,490.0,464.6452766812692
mazda,3 1.5l sport luxury 2019,lắp ráp trong nước,hatchback,số tự động,xăng,2019.0,35000.0,57.0,1.5,485.0,450.6866971474779
hyundai,accent 1.4 at 2012,nhập khẩu,sedan,số tự động,xăng,2012.0,179626.7683965918,62.0,1.4,240.0,264.1914279987787
mazda,cx8 premium awd 2022,lắp ráp trong nước,suv,số tự động,xăng,2022.0,70000.0,57.0,2.5,880.0,875.116275973804
mercedes,benz c class c200 2018,lắp ráp trong nước,sedan,số tự động,xăng,2018.0,50000.0,58.0,2.0,735.0,742.9773588072235
bmw,5 series 530i m sport 2022,nhập khẩu,sedan,số tự động,xăng,2022.0,38000.0,57.0,2.0,1999.0,2022.3941770592564
mazda,2 1.5 at 2016,lắp ráp trong nước,sedan,số tự động,xăng,2016.0,65000.0,58.0,1.5,320.0,291.43596942473005
mercedes,benz glc 200 4matic 2022,lắp ráp trong nước,suv,số tự động,xăng,2022.0,179626.7683965918,57.0,2.0,1399.0,1492.5411068526048
ford,territory titanium 1.5 at 2023,lắp ráp trong nước,suv,số tự động,xăng,2023.0,22000.0,103.0,1.5,750.0,723.9143032078258
mazda,2 1.5 at 2015,lắp ráp trong nước,hatchback,số tự động,xăng,2015.0,150000.0,72.0,1.5,246.0,270.5001777873631
toyota,fortuner 2.4g 4x2 at 2020,lắp ráp trong nước,suv,số tự động,dầu,2020.0,46800.0,58.0,2.4,860.0,830.5087632053555
kia,morning van 1.0 at 2016,nhập khẩu,van/minivan,số tự động,xăng,2016.0,8000.0,60.0,1.0,188.0,203.47354857522907
mitsubishi,attrage 1.2 cvt 2021,nhập khẩu,sedan,số tự động,xăng,2021.0,30000.0,61.0,1.2,330.0,322.015388756185
mercedes,benz glc 200 4matic 2024,lắp ráp trong nước,suv,số tự động,xăng,2024.0,1000.0,57.0,2.0,2220.0,2055.2252690175524
ford,territory titanium x 1.5 at 2024,lắp ráp trong nước,suv,số tự động,xăng,2024.0,2000.0,57.0,1.5,869.0,830.117758556589
volkswagen,viloran luxury 2023,nhập khẩu,van/minivan,số tự động,xăng,2023.0,16000.0,57.0,2.0,2079.0,1971.8164604623064
ford,ecosport titanium 1.5l at 2017,lắp ráp trong nước,suv,số tự động,xăng,2017.0,87000.0,57.0,1.5,350.0,346.6327907967542
vinfast,vf7 plus 2024,lắp ráp trong nước,suv,số tự động,điện,2024.0,10000.0,57.0,0.3,840.0,798.9342211005476
mercedes,benz glk class glk300 4matic 2009,lắp ráp trong nước,suv,số tự động,xăng,2009.0,160000.0,59.0,3.0,265.0,305.4199750267805
mg,5 luxury 1.5 at 2024,nhập khẩu,sedan,số tự động,xăng,2024.0,23000.0,57.0,1.5,448.0,450.3793943629403
ford,ecosport titanium 1.5l at 2017,lắp ráp trong nước,suv,số tự động,xăng,2017.0,68000.0,58.0,1.5,325.0,347.56960522114355
nissan,navara pro,nhập khẩu,bán tải / pickup,số tự động,dầu,2021.0,61000.0,58.0,2.5,4.0,13.873842113472566
toyota,corolla cross 1.8g 2020,nhập khẩu,suv,số tự động,xăng,2020.0,32000.0,67.0,1.8,608.0,613.6961566837776
hyundai,santafe slx 2009,nhập khẩu,suv,số tự động,dầu,2009.0,179626.7683965918,57.0,2.0,345.0,342.5133459506752
honda,city rs 1.5 at 2024,lắp ráp trong nước,sedan,số tự động,xăng,2024.0,11000.0,57.0,1.5,520.0,539.3083232058646
audi,a6 45 tfsi 2022,nhập khẩu,sedan,số tự động,xăng,2022.0,4500.0,57.0,2.0,1899.0,1766.9756784408294
mercedes,benz glc 200 4matic 2022,lắp ráp trong nước,suv,số tự động,xăng,2022.0,50000.0,57.0,2.0,1480.0,1552.723274423765
mercedes,benz e class e300 amg 2019,lắp ráp trong nước,sedan,số tự động,xăng,2019.0,23000.0,57.0,2.0,1399.0,1320.874241502402
mitsubishi,xpander premium 1.5 at 2024,nhập khẩu,suv,số tự động,xăng,2024.0,22000.0,57.0,1.5,580.0,590.2858766562491
bmw,5 series 528i gt 2017,nhập khẩu,sedan,số tự động,xăng,2017.0,100000.0,58.0,2.0,768.0,839.124470664241
toyota,fortuner 2.4l 4x2 at 2024,lắp ráp trong nước,suv,số tự động,dầu,2024.0,27000.0,62.0,2.4,1070.0,1008.6383424607069
mercedes,benz glc 300 4matic 2017,lắp ráp trong nước,suv,số tự động,xăng,2017.0,81000.0,104.0,2.0,1050.0,905.9187120356917
hyundai,santafe cao cấp 2.5l htrac 2021,lắp ráp trong nước,suv,số tự động,xăng,2021.0,47000.0,107.0,2.5,939.0,959.5039242521184
toyota,yaris 1.5 at 2012,nhập khẩu,hatchback,số tự động,xăng,2012.0,80000.0,57.0,1.5,240.0,262.8239152791959
vinfast,vf8 eco awd 2023,lắp ráp trong nước,suv,số tự động,điện,2023.0,38420.0,59.0,2.097755539082448,750.0,715.0552346667275
mercedes,benz glc 300 4matic 2017,lắp ráp trong nước,suv,số tự động,xăng,2017.0,16000.0,57.0,2.0,1090.0,931.1396128316762
nissan,sunny xv 2015,lắp ráp trong nước,sedan,số tự động,xăng,2015.0,8000.0,61.0,1.5,255.0,222.4211163319893
toyota,corolla altis 1.8g at 2008,lắp ráp trong nước,sedan,số tự động,xăng,2008.0,200000.0,57.0,1.8,245.0,258.2394647349924
mitsubishi,outlander 2.0 cvt 2022,lắp ráp trong nước,suv,số tự động,xăng,2022.0,62000.0,57.0,2.0,675.0,682.5336413184651
mercedes,benz e class e200 exclusive 2021,lắp ráp trong nước,sedan,số tự động,xăng,2021.0,50000.0,57.0,2.0,1489.0,1464.0236415721056
ford,ranger xls 2.2l 4x2 at 2022,lắp ráp trong nước,bán tải / pickup,số tự động,dầu,2022.0,45000.0,58.0,2.2,580.0,570.0463763703139
kia,carnival royal 2.2d 2022,lắp ráp trong nước,van/minivan,số tự động,dầu,2022.0,40000.0,57.0,2.2,1899.0,1897.898732276757
toyota,vios g 2007,lắp ráp trong nước,sedan,số tay,xăng,2007.0,99900.0,60.0,1.5,88.0,110.42378204252431
kia,k3 luxury 1.6 at 2022,lắp ráp trong nước,sedan,số tự động,xăng,2022.0,57000.0,57.0,1.6,546.0,527.2763159132534
ford,everest titanium plus 2.0l 4x4 at 2024,nhập khẩu,suv,số tự động,dầu,2024.0,5500.0,57.0,2.0,1485.0,1435.0239037497902
mazda,cx5 2.5 signature premium 2wd 2020,lắp ráp trong nước,suv,số tự động,xăng,2020.0,45000.0,98.0,2.5,670.0,684.1862042836602
mazda,3 1.5 at 2018,lắp ráp trong nước,hatchback,số tự động,xăng,2018.0,80000.0,93.0,1.5,416.0,423.4472324038952
toyota,vios g 1.5 cvt 2023,lắp ráp trong nước,sedan,số tự động,xăng,2023.0,179626.7683965918,64.0,1.5,470.0,467.5031672278709
mitsubishi,pajero sport 2.4d 4x2 mt 2019,nhập khẩu,suv,số tay,dầu,2019.0,98000.0,57.0,2.4,620.0,535.4438099279762
volvo,xc40 ultimate b5 awd 2023,nhập khẩu,suv,số tự động,xăng,2023.0,17890.0,57.0,2.0,1598.0,1603.6954800345206
bmw,3 series 328i 2014,nhập khẩu,sedan,số tự động,xăng,2014.0,179626.7683965918,64.0,2.0,510.0,567.7166840101303
mercedes,benz gls 400 4matic 2016,nhập khẩu,suv,số tự động,xăng,2016.0,80000.0,61.0,3.0,1580.0,1558.8687733623706
kia,sorento 2.4 gat deluxe 2020,lắp ráp trong nước,suv,số tự động,xăng,2020.0,77000.0,57.0,2.4,565.0,562.7848133443399
peugeot,5008 gt 1.6 at 2022,lắp ráp trong nước,suv,số tự động,xăng,2022.0,43000.0,58.0,1.6,895.0,906.2445269199286
smart,fortwo 1.0 at 2008,nhập khẩu,hatchback,số tự động,xăng,2008.0,179626.7683965918,57.0,1.0,350.0,75.42947996342286
ford,focus trend 1.5l 2017,lắp ráp trong nước,sedan,số tự động,xăng,2017.0,74000.0,78.0,1.5,330.0,361.0956724434231
honda,city 1.5top 2019,lắp ráp trong nước,sedan,số tự động,xăng,2019.0,49000.0,85.0,1.5,410.0,384.9849192687185
bmw,x4 xdrive20i m sport 2020,nhập khẩu,suv,số tự động,xăng,2020.0,39000.0,57.0,2.0,1799.0,1816.1593744835059
hyundai,elantra 1.6 at 2018,lắp ráp trong nước,sedan,số tự động,xăng,2018.0,90000.0,69.0,1.6,395.0,385.8994639491135
mercedes,benz c class c300 amg 2016,lắp ráp trong nước,sedan,số tự động,xăng,2016.0,179626.7683965918,57.0,2.0,655.0,655.4311524636375
hyundai,i10 grand 1.2 mt 2017,nhập khẩu,hatchback,số tay,xăng,2017.0,90000.0,81.0,1.25,220.0,246.77614562852528
ford,everest 2.5l 4x2 at 2009,lắp ráp trong nước,suv,số tự động,dầu,2009.0,179626.7683965918,75.0,2.5,275.0,292.4938512566398
lexus,gx 470 2009,nhập khẩu,suv,số tự động,xăng,2009.0,179626.7683965918,58.0,4.7,810.0,774.4076899930482
vinfast,vf e34 at 2022,lắp ráp trong nước,crossover,số tự động,điện,2022.0,41000.0,69.0,2.097755539082448,450.0,679.1612592343299
mazda,6 2.0 at 2016,lắp ráp trong nước,sedan,số tự động,xăng,2016.0,179626.7683965918,82.0,2.0,320.0,398.17676004566977
honda,crv 2.0 at 2014,lắp ráp trong nước,suv,số tự động,xăng,2014.0,100000.0,61.0,2.0,455.0,463.8916077992296
hyundai,grand starex 2.5 mt 2017,nhập khẩu,van/minivan,số tay,dầu,2017.0,130000.0,57.0,2.5,555.0,516.6167391644176
mercedes,benz c class c300 amg 2022,lắp ráp trong nước,sedan,số tự động,xăng,2022.0,16000.0,60.0,2.0,1750.0,1604.9754230686478
honda,crv e 2018,nhập khẩu,suv,số tự động,xăng,2018.0,50000.0,71.0,1.5,685.0,541.252042429024
landrover,range rover hse 3.0 2014,nhập khẩu,suv,số tự động,xăng,2014.0,150000.0,57.0,3.0,1950.0,2003.5306062435156
suzuki,ertiga 1.4 at 2016,nhập khẩu,suv,số tự động,xăng,2016.0,100000.0,57.0,1.4,280.0,330.54221546644897
hyundai,i30 cw 1.6 at 2009,nhập khẩu,hatchback,số tự động,xăng,2009.0,100000.0,57.0,1.6,235.0,213.52288439888127
mercedes,benz e class e200 exclusive 2022,lắp ráp trong nước,sedan,số tự động,hybrid,2022.0,28000.0,57.0,2.0,1699.0,1774.7803438316548
mercedes,benz s class s400l 2016,lắp ráp trong nước,sedan,số tự động,xăng,2016.0,110000.0,57.0,3.0,1290.0,1292.4841207417287
mg,5 1.5 mt 2024,nhập khẩu,sedan,số tay,xăng,2024.0,13000.0,57.0,1.5,310.0,309.34788687344525
hyundai,santafe 2.2l 4wd 2018,lắp ráp trong nước,suv,số tự động,dầu,2018.0,14000.0,92.0,2.2,710.0,689.4591703089565
toyota,fortuner 2.7v 4x2 at 2019,nhập khẩu,suv,số tự động,xăng,2019.0,80000.0,59.0,2.7,735.0,737.0649750169458
vinfast,vf8 plus awd 2023,lắp ráp trong nước,suv,số tự động,điện,2023.0,40000.0,57.0,2.097755539082448,855.0,834.3183024395731
hyundai,tucson 2.0 ath 2019,lắp ráp trong nước,crossover,số tự động,xăng,2019.0,179626.7683965918,59.0,2.0,645.0,620.0588491615757
kia,carens sx 2.0 at 2010,lắp ráp trong nước,crossover,số tự động,xăng,2010.0,121500.0,103.0,2.0,225.0,204.4865146801724
mercedes,benz c class c200 exclusive 2019,lắp ráp trong nước,sedan,số tự động,xăng,2019.0,71000.0,58.0,1.5,859.0,845.4458362093978
kia,sorento 2.2 dat premium 2019,lắp ráp trong nước,suv,số tự động,dầu,2019.0,65000.0,57.0,2.2,640.0,641.023150594293
suzuki,carry pro 2017,nhập khẩu,truck,số tay,xăng,2017.0,68000.0,78.0,1.6,195.0,280.0392688925698
kia,carens 1.5d premium 2022,lắp ráp trong nước,suv,số tự động,dầu,2022.0,5.0,58.0,1.5,605.0,611.4672606136713
ford,everest titanium 2.0l 4x2 at 2023,nhập khẩu,suv,số tự động,dầu,2023.0,40000.0,57.0,2.0,1190.0,1215.1082461941753
mitsubishi,attrage 1.2 cvt 2020,nhập khẩu,sedan,số tự động,xăng,2020.0,70000.0,58.0,1.2,330.0,317.2513034248652
lexus,rx 350 awd 2010,nhập khẩu,suv,số tự động,xăng,2010.0,100000.0,57.0,3.5,829.0,805.4547595921451
ford,ranger raptor 2.0l 4x4 at 2019,nhập khẩu,bán tải / pickup,số tự động,dầu,2019.0,6666.0,62.0,2.0,860.0,883.3807937535673
volvo,xc60 t6 awd inscription 2020,nhập khẩu,suv,số tự động,xăng,2020.0,33700.0,58.0,2.0,1299.0,1402.867244207499
toyota,veloz cross 1.5 cvt 2022,nhập khẩu,suv,số tự động,xăng,2022.0,179626.7683965918,58.0,1.5,465.0,495.34377582765177
toyota,innova e 2.0 mt 2021,lắp ráp trong nước,crossover,số tay,xăng,2021.0,109200.0,58.0,2.0,571.0,518.5632565692741
toyota,camry 2.5hv 2022,nhập khẩu,sedan,số tự động,hybrid,2022.0,11.0,57.0,2.5,1199.0,1240.133497190545
kia,sorento gat 2.4l 4wd 2013,lắp ráp trong nước,suv,số tự động,xăng,2013.0,138000.0,57.0,2.4,325.0,344.6127774263665
mercedes,benz glc 300 4matic 2021,lắp ráp trong nước,suv,số tự động,xăng,2021.0,50000.0,57.0,2.0,1480.0,1592.1664768791497
audi,q7 2.0 at 2016,nhập khẩu,suv,số tự động,xăng,2016.0,48000.0,58.0,2.0,1379.0,1163.8187784522515
mazda,3 1.5l luxury 2022,lắp ráp trong nước,sedan,số tự động,xăng,2022.0,60000.0,58.0,1.5,560.0,553.6152212426744
mitsubishi,xpander cross 1.5 at 2020,nhập khẩu,suv,số tự động,xăng,2020.0,60000.0,57.0,1.5,495.0,493.5580220976881
nissan,almera vl 1.0 cvt cao cấp 2023,nhập khẩu,sedan,số tự động,xăng,2023.0,7000.0,71.0,1.0,479.0,465.2391707547908
kia,seltos deluxe 1.4 at 2020,lắp ráp trong nước,crossover,số tự động,xăng,2020.0,30000.0,57.0,1.4,515.0,506.75522524184265
mitsubishi,attrage 1.2 cvt 2022,nhập khẩu,sedan,số tự động,xăng,2022.0,40600.0,65.0,1.2,375.0,356.8951698122938
mazda,3 1.5l luxury 2024,lắp ráp trong nước,sedan,số tự động,xăng,2024.0,1800.0,57.0,1.5,610.0,605.8487961594057
hyundai,elantra 2.0 at 2017,lắp ráp trong nước,sedan,số tự động,xăng,2017.0,70000.0,57.0,2.0,385.0,384.8055999275688
ford,ranger wildtrak 2.0l 4x4 at 2023,lắp ráp trong nước,bán tải / pickup,số tự động,dầu,2023.0,15683.0,58.0,2.0,875.0,848.3888691371139
hyundai,accent 1.4 at 2020,lắp ráp trong nước,sedan,số tự động,xăng,2020.0,80000.0,57.0,1.4,395.0,379.4830637395903
ford,fiesta titanium 1.5 at 2014,lắp ráp trong nước,sedan,số tự động,xăng,2014.0,179626.7683965918,91.0,1.5,210.0,241.8778173721555
volvo,xc60 t6 awd inscription 2020,nhập khẩu,suv,số tự động,xăng,2020.0,33700.0,57.0,2.0,1299.0,1401.8754728762642
ford,ranger xls 2.0l 4x2 at 2023,lắp ráp trong nước,bán tải / pickup,số tự động,dầu,2023.0,179626.7683965918,57.0,2.0,619.0,613.2180513648002
mercedes,benz glc 200 4matic 2021,lắp ráp trong nước,suv,số tự động,xăng,2021.0,40000.0,57.0,2.0,1480.0,1383.727191650564
chevrolet,spark ls 1.2 mt 2012,lắp ráp trong nước,hatchback,số tay,xăng,2012.0,179626.7683965918,77.0,1.2,108.0,104.30307752000817
honda,civic 1.8 mt 2008,lắp ráp trong nước,sedan,số tay,xăng,2008.0,128000.0,57.0,1.8,169.0,157.02306235574974
toyota,innova 2.0e 2019,lắp ráp trong nước,crossover,số tay,xăng,2019.0,110000.0,58.0,2.0,420.0,435.8417440255688
suzuki,xl7 1.5 at 2022,nhập khẩu,suv,số tự động,xăng,2022.0,45000.0,58.0,1.5,475.0,452.5609237968773
toyota,fortuner 2.4g 4x2 at legender 2021,lắp ráp trong nước,suv,số tự động,dầu,2021.0,70000.0,57.0,2.4,960.0,984.5248694250104
toyota,prado vx 2.7l 2019,nhập khẩu,suv,số tự động,xăng,2019.0,120000.0,58.0,2.7,1890.0,1906.1992945365314
kia,soluto 1.4 at deluxe 2020,lắp ráp trong nước,sedan,số tự động,xăng,2020.0,39000.0,104.0,1.4,340.0,323.40689494147034
kia,sedona 2.2 dat deluxe 2021,lắp ráp trong nước,van/minivan,số tự động,dầu,2021.0,68000.0,57.0,2.2,818.0,557.4448434060439
ford,ranger raptor 2.0l 4x4 at 2021,nhập khẩu,bán tải / pickup,số tự động,dầu,2021.0,68000.0,57.0,2.0,988.0,978.0204079407526
ford,ecosport titanium 1.5l at 2015,lắp ráp trong nước,suv,số tự động,xăng,2015.0,132000.0,97.0,1.5,285.0,280.9804882611061
kia,morning luxury 2020,lắp ráp trong nước,hatchback,số tự động,xăng,2020.0,73000.0,57.0,1.25,305.0,311.1843327728661
toyota,prado txl 2.7l 2015,nhập khẩu,suv,số tự động,xăng,2015.0,160000.0,57.0,2.7,1150.0,1067.5009399453738
mercedes,benz glc 200 2019,lắp ráp trong nước,suv,số tự động,xăng,2019.0,87000.0,59.0,2.0,839.0,981.6277945607984
toyota,innova 2.0e 2020,lắp ráp trong nước,crossover,số tay,xăng,2020.0,117000.0,57.0,2.0,510.0,487.7422093792513
mercedes,benz c class c300 coupe 2016,nhập khẩu,coupe,số tự động,xăng,2016.0,33000.0,58.0,2.0,1299.0,1278.9701735448775
ford,focus titanium 1.5l 2016,lắp ráp trong nước,sedan,số tự động,xăng,2016.0,179626.7683965918,57.0,1.5,350.0,356.3792449349435
toyota,camry 2.0e 2017,lắp ráp trong nước,sedan,số tự động,xăng,2017.0,86000.0,57.0,2.0,568.0,579.7445718712798
mercedes,benz c class c200 2014,lắp ráp trong nước,sedan,số tự động,xăng,2014.0,110000.0,57.0,1.8,385.0,486.7053688996033
kia,sorento signature 2.5 at awd 2022,lắp ráp trong nước,suv,số tự động,xăng,2022.0,20000.0,57.0,2.5,930.0,909.7645327836706
kia,morning 1.0 at sport 2011,nhập khẩu,hatchback,số tự động,xăng,2011.0,12345.0,57.0,1.0,215.0,210.26029740731403
mazda,cx5 2.5 at awd 2016,lắp ráp trong nước,suv,số tự động,xăng,2016.0,90000.0,57.0,2.5,495.0,469.16465263453705
lexus,nx 300 2017,nhập khẩu,suv,số tự động,xăng,2017.0,66000.0,57.0,2.0,1579.0,1568.6379501726503
suzuki,swift glx 1.2 at 2022,nhập khẩu,hatchback,số tự động,xăng,2022.0,20000.0,60.0,1.2,490.0,498.56076411017045
toyota,corolla cross 1.8v 2024,nhập khẩu,suv,số tự động,xăng,2024.0,20000.0,84.0,1.8,750.0,776.9119463125251
chevrolet,lacetti 1.6 2013,lắp ráp trong nước,sedan,số tay,xăng,2013.0,150000.0,58.0,1.6,135.0,106.66879691068783
honda,city 1.5 at 2016,lắp ráp trong nước,sedan,số tự động,xăng,2016.0,100000.0,57.0,1.5,305.0,316.23103099453897
mg,5 standard 1.5 at 2024,nhập khẩu,sedan,số tự động,xăng,2024.0,9000.0,57.0,1.5,420.0,412.98708044049613
lexus,ls 460l 2008,nhập khẩu,sedan,số tự động,xăng,2008.0,140000.0,57.0,4.6,520.0,632.0131226559182
ford,ranger wildtrak 3.2l 4x4 at 2017,nhập khẩu,bán tải / pickup,số tự động,dầu,2017.0,140000.0,57.0,3.2,545.0,555.0038295378773
toyota,yaris 1.5g 2018,nhập khẩu,hatchback,số tự động,xăng,2018.0,40000.0,57.0,1.5,440.0,437.2684175477422
mazda,3 1.5l luxury 2024,lắp ráp trong nước,sedan,số tự động,xăng,2024.0,10000.0,57.0,1.5,589.0,606.5471067032246
hyundai,elantra 2.0 at 2021,lắp ráp trong nước,sedan,số tự động,xăng,2021.0,20000.0,104.0,2.0,499.0,490.88018356759255
kia,carens sxmt 2011,lắp ráp trong nước,crossover,số tay,xăng,2011.0,100000.0,58.0,2.0,195.0,134.9606068713706
bmw,3 series 320i 2016,nhập khẩu,sedan,số tự động,xăng,2016.0,100000.0,57.0,2.0,590.0,556.6119776277137
mazda,6 signature premium 2.5 at 2021,lắp ráp trong nước,sedan,số tự động,xăng,2021.0,29000.0,57.0,2.5,595.0,692.8050116473571
landrover,range rover sport autobiography 2010,nhập khẩu,suv,số tự động,xăng,2010.0,120000.0,59.0,5.0,450.0,1301.8448113624347
ford,everest titanium 2.0l 4x2 at 2018,nhập khẩu,suv,số tự động,dầu,2018.0,179626.7683965918,57.0,2.0,769.0,749.5549872236168
mercedes,benz glc 200 4matic 2024,lắp ráp trong nước,suv,số tự động,xăng,2024.0,10000.0,57.0,2.0,2039.0,2055.9037616690184
mitsubishi,xpander premium 1.5 at 2023,nhập khẩu,suv,số tự động,xăng,2023.0,30000.0,58.0,1.5,575.0,553.0156201633372
bmw,5 series 528i gt 2017,nhập khẩu,sedan,số tự động,xăng,2017.0,59000.0,62.0,2.0,860.0,843.2786110855156
mercedes,benz glc 300 4matic 2017,lắp ráp trong nước,suv,số tự động,xăng,2017.0,179626.7683965918,57.0,2.0,995.0,895.0848526424476
toyota,4 runner limited 2013,nhập khẩu,suv,số tự động,xăng,2013.0,179626.7683965918,57.0,4.0,1589.0,1484.7252021950296
kia,seltos luxury 1.5 at 2024,lắp ráp trong nước,crossover,số tự động,xăng,2024.0,22000.0,58.0,1.5,645.0,644.8652879673177
mitsubishi,attrage premium 1.2 cvt 2021,nhập khẩu,sedan,số tự động,xăng,2021.0,60000.0,57.0,1.2,350.0,357.35680865172094
suzuki,swift glx 1.2 at 2018,nhập khẩu,hatchback,số tự động,xăng,2018.0,61000.0,57.0,1.2,398.0,391.38740943686565
toyota,fortuner 2.4g 4x2 at 2020,lắp ráp trong nước,suv,số tự động,dầu,2020.0,80000.0,101.0,2.4,900.0,816.2891479311327
mazda,6 premium 2.0 at 2019,lắp ráp trong nước,sedan,số tự động,xăng,2019.0,96000.0,57.0,2.0,535.0,520.8967932880481
isuzu,dmax ls 2.5 4x2 at 2014,nhập khẩu,bán tải / pickup,số tự động,dầu,2014.0,120000.0,57.0,2.5,335.0,67.18014801399227
ford,everest 2.5l 4x2 at 2014,lắp ráp trong nước,suv,số tự động,dầu,2014.0,179626.7683965918,57.0,2.5,375.0,392.58448457132806
mercedes,benz glc 200 2019,lắp ráp trong nước,suv,số tự động,xăng,2019.0,79000.0,57.0,2.0,1010.0,982.0916910772016
lexus,es 250 2022,nhập khẩu,sedan,số tự động,xăng,2022.0,41000.0,82.0,2.5,1999.0,2217.2666158031957
mazda,3 1.5l luxury 2022,lắp ráp trong nước,sedan,số tự động,xăng,2022.0,16000.0,58.0,1.5,555.0,551.839325981558
ford,ranger xls 2.2l 4x2 at 2018,nhập khẩu,bán tải / pickup,số tự động,dầu,2018.0,179626.7683965918,57.0,2.2,490.0,484.96948612335865
porsche,macan 2.0 2019,nhập khẩu,suv,số tự động,xăng,2019.0,15000.0,61.0,2.0,2290.0,2289.72305355938
mazda,cx5 premium exclusive 2.0 at 2024,lắp ráp trong nước,suv,số tự động,xăng,2024.0,15000.0,57.0,2.0,849.0,841.185878654253
toyota,fortuner trd sportivo 4x2 at 2014,lắp ráp trong nước,suv,số tự động,xăng,2014.0,120000.0,86.0,2.7,460.0,515.032499424373
mercedes,benz glc 200 4matic 2021,lắp ráp trong nước,suv,số tự động,xăng,2021.0,70000.0,57.0,2.0,1390.0,1378.310160564764
toyota,yaris 1.5g 2020,nhập khẩu,hatchback,số tự động,xăng,2020.0,30500.0,57.0,1.5,495.0,496.3417480503602
kia,carnival signature 2.2d 2023,lắp ráp trong nước,van/minivan,số tự động,dầu,2023.0,30000.0,59.0,2.2,1299.0,1291.707288534171
audi,a6 45 tfsi 2022,nhập khẩu,sedan,số tự động,xăng,2022.0,4400.0,57.0,2.0,1899.0,1766.9551959785094
ford,ecosport titanium 1.5l at 2015,lắp ráp trong nước,suv,số tự động,xăng,2015.0,80000.0,57.0,1.5,295.0,288.09791915333557
suzuki,ciaz 1.4 at 2018,nhập khẩu,sedan,số tự động,xăng,2018.0,81000.0,57.0,1.4,300.0,278.3407191595399
lexus,lx 570 2008,nhập khẩu,suv,số tự động,xăng,2008.0,179626.7683965918,62.0,5.7,1235.0,1162.5381546354965
toyota,corolla cross 1.8v 2021,nhập khẩu,suv,số tự động,xăng,2021.0,23000.0,82.0,1.8,685.0,686.4555059226726
mazda,3 1.5 at 2016,lắp ráp trong nước,sedan,số tự động,xăng,2016.0,100000.0,58.0,1.5,365.0,371.34718181561846
toyota,fortuner 2.4g 4x2 mt 2019,nhập khẩu,suv,số tay,dầu,2019.0,20000.0,57.0,2.4,775.0,763.2096176143381
kia,carnival signature 2.2d 2022,lắp ráp trong nước,van/minivan,số tự động,dầu,2022.0,69000.0,57.0,2.2,1185.0,1201.5547838804357
vinfast,vf3 plus 2024,lắp ráp trong nước,hatchback,số tự động,điện,2024.0,8000.0,57.0,2.097755539082448,270.0,231.17012175809268
vinfast,vf3 plus 2024,lắp ráp trong nước,hatchback,số tự động,điện,2024.0,5000.0,57.0,2.097755539082448,229.0,231.0628401663502
hyundai,santafe cao cấp 2.2l htrac 2024,lắp ráp trong nước,suv,số tự động,dầu,2024.0,30000.0,57.0,2.2,1280.0,1320.3343165683484
audi,q5 2.0 at 2015,nhập khẩu,suv,số tự động,xăng,2015.0,70000.0,57.0,2.0,699.0,657.7129104581693
ford,ranger wildtrak 2.0l 4x4 at 2024,lắp ráp trong nước,bán tải / pickup,số tự động,dầu,2024.0,19168.0,61.0,2.0,878.0,883.4936071412271
mg,5 luxury 1.5 at 2023,nhập khẩu,sedan,số tự động,xăng,2023.0,12895.0,68.0,1.5,420.0,423.4613468233502
ford,explorer limited 2.3l ecoboost 2019,nhập khẩu,suv,số tự động,xăng,2019.0,63000.0,57.0,2.3,1079.0,1044.6394019047952
kia,k5 premium 2.0 at 2022,lắp ráp trong nước,sedan,số tự động,xăng,2022.0,60000.0,58.0,2.0,720.0,708.2265636613458
mazda,3 1.5 at 2016,lắp ráp trong nước,sedan,số tự động,xăng,2016.0,80000.0,99.0,1.5,375.0,365.8460868367476
honda,accord 2.4 at 2017,nhập khẩu,sedan,số tự động,xăng,2017.0,76000.0,57.0,2.4,570.0,505.40627984711494
toyota,camry 2.5g 2014,lắp ráp trong nước,sedan,số tự động,xăng,2014.0,156000.0,58.0,2.5,440.0,361.1009891679604
toyota,prado gx 2.7 at 2008,nhập khẩu,suv,số tự động,xăng,2008.0,15000.0,59.0,2.7,445.0,436.7199360781396
honda,crv 2.4 at 2011,lắp ráp trong nước,suv,số tự động,xăng,2011.0,179626.7683965918,69.0,2.4,310.0,292.10181084331606
mazda,3 1.6 at 2009,nhập khẩu,hatchback,số tự động,xăng,2009.0,13000.0,93.0,1.6,210.0,202.40154557866822
hyundai,santafe calligraphy 2.5l turbo htrac 2024,lắp ráp trong nước,suv,số tự động,xăng,2024.0,7900.0,57.0,2.5,1210.0,1223.0207588571568
ford,explorer limited 2.3l ecoboost 2024,nhập khẩu,suv,số tự động,xăng,2024.0,23000.0,57.0,2.3,1789.0,1704.142542318563
kia,forte sli 1.6 at 2009,nhập khẩu,sedan,số tự động,xăng,2009.0,170000.0,103.0,1.6,235.0,212.14852522459702
toyota,fortuner 2.7v 4x4 at 2015,lắp ráp trong nước,suv,số tự động,xăng,2015.0,90000.0,57.0,2.7,479.0,479.7972223190731
toyota,fortuner 2.4g 4x2 at 2020,lắp ráp trong nước,suv,số tự động,dầu,2020.0,79000.0,81.0,2.4,845.0,829.0883124496864
mg,5 standard 1.5 at 2023,nhập khẩu,sedan,số tự động,xăng,2023.0,44000.0,58.0,1.5,389.0,388.84298017818605
bmw,5 series 520i 2012,nhập khẩu,sedan,số tự động,xăng,2012.0,110000.0,57.0,2.0,499.0,503.49730149887506
vinfast,fadil 1.4 at 2020,lắp ráp trong nước,hatchback,số tự động,xăng,2020.0,60000.0,61.0,1.4,305.0,287.0755817042213
kia,carens crdi 2.0 at 2007,nhập khẩu,crossover,số tự động,dầu,2007.0,179626.7683965918,59.0,2.0,210.0,149.50321043069982
hyundai,accent 1.4 mt 2019,lắp ráp trong nước,sedan,số tay,xăng,2019.0,68000.0,57.0,1.4,300.0,288.7451947467564
toyota,wigo 1.2g at 2018,nhập khẩu,hatchback,số tự động,xăng,2018.0,100000.0,96.0,1.2,199.0,272.02736619864913
landrover,range rover autobiography lwb 5.0 2014,nhập khẩu,suv,số tự động,xăng,2014.0,80000.0,57.0,5.0,2230.0,1671.6742434519792
hyundai,tucson 2.0 at đặc biệt 2023,lắp ráp trong nước,crossover,số tự động,xăng,2023.0,179626.7683965918,77.0,2.0,810.0,765.4179182497548
hyundai,grand starex van 2.4 mt 2011,nhập khẩu,van/minivan,số tay,xăng,2011.0,12345.0,101.0,2.4,175.0,297.48437122744696
mercedes,benz c class c200 exclusive 2021,lắp ráp trong nước,sedan,số tự động,xăng,2021.0,76000.0,57.0,1.5,999.0,1008.5843218145044
nissan,x trail 2.0 sl 2wd premium 2018,lắp ráp trong nước,suv,số tự động,xăng,2018.0,58000.0,94.0,2.0,525.0,502.19525762418715
mazda,cx5 luxury 2.0 at 2024,lắp ráp trong nước,suv,số tự động,xăng,2024.0,3000.0,60.0,2.0,755.0,767.2816036305364
hyundai,grand starex van 2.4 mt 2011,nhập khẩu,van/minivan,số tay,xăng,2011.0,130000.0,57.0,2.4,260.0,306.705673958472
mitsubishi,xpander premium 1.5 at 2023,nhập khẩu,suv,số tự động,xăng,2023.0,55600.0,69.0,1.5,550.0,554.1954617119912
mercedes,benz e class e200 exclusive 2021,lắp ráp trong nước,sedan,số tự động,xăng,2021.0,50000.0,58.0,2.0,1469.0,1464.5419053039834
landrover,range rover hse lwb 5.0 2013,nhập khẩu,suv,số tự động,xăng,2013.0,100000.0,57.0,5.0,1790.0,1856.4134766073428
hyundai,santafe cao cấp 2.5l htrac 2021,lắp ráp trong nước,suv,số tự động,xăng,2021.0,50000.0,57.0,2.5,975.0,978.7952806843706
toyota,innova 2.0e 2020,lắp ráp trong nước,crossover,số tay,xăng,2020.0,60000.0,106.0,2.0,519.0,479.26004313399943
mercedes,benz c class c180 amg 2021,lắp ráp trong nước,sedan,số tự động,xăng,2021.0,21999.0,84.0,1.5,899.0,885.9401887624088
mercedes,benz e class e200 exclusive 2022,lắp ráp trong nước,sedan,số tự động,hybrid,2022.0,31000.0,57.0,2.0,1689.0,1774.7407429825944
toyota,camry 2.5g 2015,lắp ráp trong nước,sedan,số tự động,xăng,2015.0,55000.0,58.0,2.5,620.0,545.1402917039594
toyota,fortuner 2.7v 4x2 at 2015,lắp ráp trong nước,suv,số tự động,xăng,2015.0,110000.0,57.0,2.7,450.0,445.36589652261216
kia,morning slx 1.0 at 2009,nhập khẩu,hatchback,số tự động,xăng,2009.0,165000.0,67.0,1.0,158.0,148.2915076236626
mitsubishi,xpander 1.5 at 2019,nhập khẩu,suv,số tự động,xăng,2019.0,25000.0,59.0,1.5,455.0,448.17071094888564
toyota,corolla altis 1.8g at 2018,lắp ráp trong nước,sedan,số tự động,xăng,2018.0,80000.0,57.0,1.8,520.0,511.4738089589081
peugeot,3008 allure 1.6 at 2021,lắp ráp trong nước,crossover,số tự động,xăng,2021.0,48000.0,60.0,1.6,728.0,681.3220896918679
toyota,fortuner 2.5g 2015,lắp ráp trong nước,suv,số tay,dầu,2015.0,15.0,59.0,2.5,485.0,508.7872311348466
mazda,3 1.5l luxury 2021,lắp ráp trong nước,sedan,số tự động,xăng,2021.0,61000.0,57.0,1.5,500.0,518.4396347027349
sym,v5 1.5 mt 2012,lắp ráp trong nước,van/minivan,số tay,xăng,2012.0,150000.0,71.0,1.5,48.0,101.8815711519246
mitsubishi,triton 4x4 at mivec 2018,nhập khẩu,bán tải / pickup,số tự động,dầu,2018.0,100000.0,59.0,2.4,560.0,352.72184022638953
toyota,raize g 1.0 cvt 2021,nhập khẩu,suv,số tự động,xăng,2021.0,20000.0,58.0,1.0,450.0,451.48321989204885
hyundai,i10 grand 1.2 at 2018,lắp ráp trong nước,sedan,số tự động,xăng,2018.0,80000.0,58.0,1.25,279.0,289.8585904075711
kia,cerato 1.6 at deluxe 2021,lắp ráp trong nước,sedan,số tự động,xăng,2021.0,60000.0,57.0,1.6,465.0,461.3848559028562
mitsubishi,xpander cross 1.5 at 2023,nhập khẩu,suv,số tự động,xăng,2023.0,27000.0,57.0,1.5,588.0,595.4778937948151
hyundai,accent 1.4 mt 2020,lắp ráp trong nước,sedan,số tay,xăng,2020.0,80260.0,58.0,1.4,305.0,318.6311909136542
audi,q2 1.0 tfsi 2019,nhập khẩu,crossover,số tự động,xăng,2019.0,40000.0,60.0,1.0,858.0,506.19204999490654
mercedes,benz glc 300 4matic 2021,lắp ráp trong nước,suv,số tự động,xăng,2021.0,80000.0,57.0,2.0,1599.0,1585.3940463842287
mercedes,benz gls 400 4matic 2016,nhập khẩu,suv,số tự động,xăng,2016.0,79000.0,57.0,3.0,1550.0,1556.7406590112341
mitsubishi,xpander cross 1.5 at 2022,nhập khẩu,suv,số tự động,xăng,2022.0,60000.0,88.0,1.5,575.0,558.663046163016
kia,morning si at 2017,lắp ráp trong nước,hatchback,số tự động,xăng,2017.0,120000.0,74.0,1.25,240.0,263.11600150348744
mercedes,benz c class c300 amg 2021,lắp ráp trong nước,sedan,số tự động,xăng,2021.0,46000.0,57.0,2.0,1199.0,1295.2187277744572
volkswagen,tiguan allspace 2017,nhập khẩu,suv,số tự động,xăng,2017.0,90000.0,57.0,2.0,768.0,758.4624465522472
mitsubishi,attrage 1.2 cvt 2019,nhập khẩu,sedan,số tự động,xăng,2019.0,9.0,61.0,1.2,285.0,290.302298941689
ford,everest titanium 2.0l 4x2 at 2022,nhập khẩu,suv,số tự động,dầu,2022.0,48000.0,58.0,2.0,1159.0,1078.9062763821933
honda,crv l 2019,nhập khẩu,suv,số tự động,xăng,2019.0,80000.0,57.0,1.5,755.0,755.6062334815963
toyota,corolla altis 1.8g at 2019,lắp ráp trong nước,sedan,số tự động,xăng,2019.0,75000.0,57.0,1.8,485.0,529.3899145703058
ford,ranger xls 2.0l 4x2 at 2023,lắp ráp trong nước,bán tải / pickup,số tự động,dầu,2023.0,31000.0,59.0,2.0,645.0,631.1994184591624
mercedes,benz e class e180 2022,lắp ráp trong nước,sedan,số tự động,xăng,2022.0,5999.0,60.0,1.5,1489.0,1518.4111502912806
peugeot,2008 gt line 1.2 at 2023,lắp ráp trong nước,crossover,số tự động,xăng,2023.0,9000.0,58.0,1.2,695.0,686.6316348965611
toyota,innova 2.0e 2018,lắp ráp trong nước,crossover,số tay,xăng,2018.0,91000.0,58.0,2.0,405.0,422.2840573164251
hyundai,santafe cao cấp 2.5l htrac 2021,lắp ráp trong nước,suv,số tự động,xăng,2021.0,30000.0,58.0,2.5,1020.0,980.871579363303
hyundai,santafe calligraphy 2.5l turbo htrac 2024,lắp ráp trong nước,suv,số tự động,xăng,2024.0,7000.0,58.0,2.5,1220.0,1223.911869362731
chevrolet,lacetti 1.6 2013,lắp ráp trong nước,sedan,số tay,xăng,2013.0,120000.0,80.0,1.6,150.0,107.09115458355457
byd,atto 3 dynamic 2024,nhập khẩu,crossover,số tự động,điện,2024.0,7000.0,83.0,5.0,630.0,911.707467602033
toyota,yaris 1.5 at 2012,nhập khẩu,hatchback,số tự động,xăng,2012.0,90000.0,58.0,1.5,250.0,262.49862019213765
mitsubishi,xpander premium 1.5 at 2022,nhập khẩu,suv,số tự động,xăng,2022.0,50000.0,57.0,1.5,505.0,544.6174554779407
kia,sorento dath 2015,lắp ráp trong nước,suv,số tự động,dầu,2015.0,130779.0,57.0,2.2,488.0,474.2657298346297
hyundai,tucson 1.6 at turbo đặc biệt 2021,lắp ráp trong nước,crossover,số tự động,xăng,2021.0,62000.0,76.0,1.6,725.0,719.7119080005953
mazda,3 1.5 at 2017,lắp ráp trong nước,sedan,số tự động,xăng,2017.0,110000.0,58.0,1.5,355.0,381.89548733964915
kia,morning 1.0 at 2011,nhập khẩu,hatchback,số tự động,xăng,2011.0,179626.7683965918,58.0,1.0,225.0,193.69577051759904
mercedes,benz glc 200 4matic 2023,lắp ráp trong nước,suv,số tự động,xăng,2023.0,1211.0,58.0,2.0,2080.0,1963.3474734885858
hyundai,stargazer x cao cấp 1.5 at 2024,nhập khẩu,van/minivan,số tự động,xăng,2024.0,10000.0,62.0,1.5,555.0,557.5179235138525
ford,ranger wildtrak 2.0l 4x4 at 2022,lắp ráp trong nước,bán tải / pickup,số tự động,dầu,2022.0,67000.0,57.0,2.0,740.0,786.4215931246163
mercedes,benz c class c200 2019,lắp ráp trong nước,sedan,số tự động,xăng,2019.0,90000.0,57.0,1.5,799.0,806.6970220256773
chevrolet,camaro rs 3.6 v6 2011,nhập khẩu,coupe,số tự động,xăng,2011.0,50000.0,57.0,3.6,1150.0,525.6893147220485
kia,carnival signature 2.2d 2022,lắp ráp trong nước,van/minivan,số tự động,dầu,2022.0,58000.0,63.0,2.2,1190.0,1204.1467362767007
ford,transit 2.4l 2013,lắp ráp trong nước,van/minivan,số tay,dầu,2013.0,160000.0,60.0,2.4,295.0,389.2157770907444
hyundai,creta đặc biệt 1.5 at 2022,nhập khẩu,crossover,số tự động,xăng,2022.0,25000.0,57.0,1.5,565.0,583.6450245936119
mercedes,benz s class s450l 2017,lắp ráp trong nước,sedan,số tự động,xăng,2017.0,179626.7683965918,57.0,3.0,1890.0,1689.916455490338
audi,q5 sportback sline 45 tfsi quattro 2021,nhập khẩu,suv,số tự động,xăng,2021.0,30000.0,58.0,2.0,1679.0,1683.5150249706446
toyota,camry 2.5q 2019,nhập khẩu,sedan,số tự động,xăng,2019.0,130000.0,57.0,2.5,815.0,821.1990315925011
mazda,2 1.5 at 2017,lắp ráp trong nước,sedan,số tự động,xăng,2017.0,85000.0,105.0,1.5,330.0,323.8290787055977
ford,ranger wildtrak 3.2l 4x4 at 2017,nhập khẩu,bán tải / pickup,số tự động,dầu,2017.0,105000.0,57.0,3.2,566.0,559.3693395523638
toyota,prado txl 2.7l 2015,nhập khẩu,suv,số tự động,xăng,2015.0,150000.0,57.0,2.7,1180.0,1072.1870150568293
toyota,hilux 2.8g 4x4 at 2018,nhập khẩu,bán tải / pickup,số tự động,dầu,2018.0,130000.0,57.0,2.8,670.0,504.04929324289554
mazda,cx5 premium 2.0 at 2024,lắp ráp trong nước,suv,số tự động,xăng,2024.0,16000.0,57.0,2.0,815.0,806.2606277373912
mercedes,benz glc 200 4matic 2021,lắp ráp trong nước,suv,số tự động,xăng,2021.0,64000.0,58.0,2.0,1380.0,1380.5979332347354
vinfast,fadil 1.4 at 2021,lắp ráp trong nước,hatchback,số tự động,xăng,2021.0,39000.0,57.0,1.4,280.0,306.59840733549754
mazda,cx5 2.5 signature premium awd i,lắp ráp trong nước,suv,số tự động,xăng,2019.0,65000.0,58.0,2.5,2019.0,1887.9057625078337
mercedes,benz glc 250 4matic 2018,lắp ráp trong nước,suv,số tự động,xăng,2018.0,80000.0,58.0,2.0,850.0,961.9461156590006
ford,everest titanium 2.0l 4x4 at 2019,nhập khẩu,suv,số tự động,dầu,2019.0,80000.0,64.0,2.0,858.0,865.1274825082158
kia,morning van 1.0 at 2011,nhập khẩu,van/minivan,số tự động,xăng,2011.0,90000.0,70.0,1.0,128.0,135.979522481514
hyundai,i10 grand 1.2 at 2018,lắp ráp trong nước,sedan,số tự động,xăng,2018.0,100000.0,58.0,1.25,250.0,288.7786664807764
chevrolet,express explorer limited se 6.0 v8 awd 2007,nhập khẩu,van/minivan,số tự động,xăng,2007.0,39000.0,57.0,6.0,1250.0,1279.9193929597923
mitsubishi,outlander 2.0 cvt 2022,lắp ráp trong nước,suv,số tự động,xăng,2022.0,58000.0,57.0,2.0,680.0,682.8827440243384
toyota,camry 2.0g 2021,nhập khẩu,sedan,số tự động,xăng,2021.0,20000.0,58.0,2.0,835.0,815.7881315053685
ford,ranger xls 2.2l 4x2 at 2020,nhập khẩu,bán tải / pickup,số tự động,dầu,2020.0,10.0,98.0,2.2,500.0,526.8353357643967
ford,transit tiêu chuẩn 2024,lắp ráp trong nước,van/minivan,số tay,dầu,2024.0,39000.0,59.0,2.2,730.0,729.6100660970022
mitsubishi,outlander 2.0 cvt 2022,lắp ráp trong nước,suv,số tự động,xăng,2022.0,40000.0,57.0,2.0,679.0,684.0121258149069
lexus,es 250 2022,nhập khẩu,sedan,số tự động,xăng,2022.0,25000.0,71.0,2.5,2159.0,2221.5163103490586
toyota,innova 2.0g 2017,lắp ráp trong nước,crossover,số tự động,xăng,2017.0,90000.0,57.0,2.0,465.0,485.75451582866685
suzuki,xl7 1.5 at 2020,nhập khẩu,suv,số tự động,xăng,2020.0,77000.0,57.0,1.5,425.0,421.8396206802706
gmc,savana 5.3 v8 2008,nhập khẩu,van/minivan,số tự động,xăng,2008.0,50000.0,64.0,5.3,699.0,410.7263440885061
mercedes,benz glc 300 4matic 2021,lắp ráp trong nước,suv,số tự động,xăng,2021.0,57453.0,57.0,2.0,1579.0,1590.9324359078532
honda,city rs 1.5 at 2021,lắp ráp trong nước,sedan,số tự động,xăng,2021.0,38000.0,60.0,1.5,450.0,447.81362933247834
toyota,corolla cross 1.8g 2022,nhập khẩu,suv,số tự động,xăng,2022.0,179626.7683965918,58.0,1.8,645.0,632.0972137105043
suzuki,xl7 1.5 at 2022,nhập khẩu,suv,số tự động,xăng,2022.0,95000.0,66.0,1.5,460.0,451.4771075499103
peugeot,508 1.6 at 2015,nhập khẩu,sedan,số tự động,xăng,2015.0,130000.0,79.0,1.6,385.0,367.704066191775
isuzu,mu,nhập khẩu,suv,số tự động,dầu,2017.0,51000.0,85.0,3.0,3.0,2.3020791120380446
bmw,7 series 750li 2015,nhập khẩu,sedan,số tự động,xăng,2015.0,10108.0,60.0,4.4,890.0,897.1577664586766
audi,q5 black edition 45 tfsi quattro 2024,nhập khẩu,suv,số tự động,xăng,2024.0,9000.0,57.0,2.0,2089.0,2060.276478064327
mercedes,benz c class c250 exclusive 2016,lắp ráp trong nước,sedan,số tự động,xăng,2016.0,91000.0,57.0,2.0,599.0,647.5183714602209
ford,explorer limited 2.3l ecoboost 2022,nhập khẩu,suv,số tự động,xăng,2022.0,20400.0,61.0,2.3,1800.0,1765.6156233259755
mg,zs luxury 1.5 at 2wd 2025,nhập khẩu,crossover,số tự động,xăng,2025.0,1000.0,57.0,1.5,519.0,532.4381519087323
hyundai,i10 grand 1.0 mt base 2015,nhập khẩu,hatchback,số tay,xăng,2015.0,170000.0,57.0,1.0,125.0,140.63619826240586
mazda,3 1.5l luxury 2019,lắp ráp trong nước,sedan,số tự động,xăng,2019.0,8000.0,58.0,1.5,435.0,449.8677034828511
mazda,cx5 2.5 at awd 2019,lắp ráp trong nước,suv,số tự động,xăng,2019.0,85000.0,57.0,2.5,620.0,657.0963363149524
mercedes,benz e class e200 sport 2019,lắp ráp trong nước,sedan,số tự động,xăng,2019.0,68000.0,57.0,2.0,1139.0,1191.881463358038
ford,ranger raptor 2.0l 4x4 at 2023,nhập khẩu,bán tải / pickup,số tự động,dầu,2023.0,28000.0,57.0,2.0,1155.0,1139.1180123083966
hyundai,elantra 2.0 at 2021,lắp ráp trong nước,sedan,số tự động,xăng,2021.0,37000.0,75.0,2.0,490.0,504.29208442513703
ford,ecosport titanium 1.5l at 2016,lắp ráp trong nước,suv,số tự động,xăng,2016.0,61000.0,58.0,1.5,342.0,313.9624120808702
mazda,cx5 2.0 premium 2020,lắp ráp trong nước,suv,số tự động,xăng,2020.0,40000.0,57.0,2.0,680.0,684.0479630522798
toyota,corolla altis 1.8e at 2020,lắp ráp trong nước,sedan,số tự động,xăng,2020.0,47000.0,58.0,1.8,550.0,535.6445795000174
mitsubishi,xpander 1.5 at 2021,lắp ráp trong nước,suv,số tự động,xăng,2021.0,179626.7683965918,84.0,1.5,455.0,410.7798605233654
mercedes,benz glc 200 4matic 2021,lắp ráp trong nước,suv,số tự động,xăng,2021.0,48000.0,57.0,2.0,1390.0,1382.6858989690936
mercedes,benz c class c300 amg 2022,lắp ráp trong nước,sedan,số tự động,xăng,2022.0,27000.0,57.0,2.0,1759.0,1604.3309045015951
mercedes,benz c class c200 avantgarde 2023,lắp ráp trong nước,sedan,số tự động,xăng,2023.0,3500.0,57.0,1.5,1399.0,1398.9413828066588
mercedes,benz glc 300 4matic 2022,lắp ráp trong nước,suv,số tự động,xăng,2022.0,20000.0,57.0,2.0,1799.0,1831.64905142145
hyundai,santafe cao cấp 2.2l htrac 2021,lắp ráp trong nước,suv,số tự động,dầu,2021.0,52000.0,65.0,2.2,1030.0,1005.6753611019117
hyundai,accent 1.4 ath 2018,lắp ráp trong nước,sedan,số tự động,xăng,2018.0,58000.0,70.0,1.4,385.0,363.1219638890145
kia,morning mt 2015,lắp ráp trong nước,hatchback,số tay,xăng,2015.0,90000.0,93.0,1.25,137.0,131.50078513878998
mercedes,benz c class c300 amg 2014,lắp ráp trong nước,sedan,số tự động,xăng,2014.0,60000.0,57.0,3.0,368.0,397.9371204110031
kia,carnival signature 2.2d 2022,lắp ráp trong nước,van/minivan,số tự động,dầu,2022.0,32000.0,64.0,2.2,1235.0,1203.9149471996438
toyota,fortuner 2.4l 4x2 at 2024,lắp ráp trong nước,suv,số tự động,dầu,2024.0,25000.0,58.0,2.4,1009.0,1006.6030805945107
mazda,2 sport luxury 2024,nhập khẩu,hatchback,số tự động,xăng,2024.0,11000.0,57.0,1.5,515.0,545.6225941143455
mazda,3 1.5l luxury 2019,lắp ráp trong nước,sedan,số tự động,xăng,2019.0,75000.0,57.0,1.5,438.0,450.20372964516247
kia,sorento dath 2016,lắp ráp trong nước,suv,số tự động,dầu,2016.0,179626.7683965918,57.0,2.2,550.0,511.5411070713019
kia,k3 premium 1.6 at 2022,lắp ráp trong nước,sedan,số tự động,xăng,2022.0,60000.0,57.0,1.6,535.0,544.7748209657428
vinfast,vf e34 at 2022,lắp ráp trong nước,crossover,số tự động,điện,2022.0,70000.0,58.0,0.1,465.0,336.52121676479555
ford,ranger xls 2.0l 4x2 at 2022,lắp ráp trong nước,bán tải / pickup,số tự động,dầu,2022.0,45000.0,58.0,2.0,580.0,622.6880740033698
mazda,cx5 premium 2.0 at 2022,lắp ráp trong nước,suv,số tự động,xăng,2022.0,33000.0,78.0,2.0,710.0,716.616487051833
lexus,es 250 2021,nhập khẩu,sedan,số tự động,xăng,2021.0,45259.0,57.0,2.5,2080.0,2087.905395979232
ford,everest titanium 2.0l 4x2 at 2021,nhập khẩu,suv,số tự động,dầu,2021.0,90000.0,57.0,2.0,910.0,918.353240353732
bmw,x5 xdrive35i 2011,nhập khẩu,suv,số tự động,xăng,2011.0,137000.0,57.0,3.0,465.0,442.34386396398907
toyota,corolla altis 1.8g at 2016,lắp ráp trong nước,sedan,số tự động,xăng,2016.0,92346.0,93.0,1.8,428.0,430.83678524126435
suzuki,xl7 1.5 at 2021,nhập khẩu,suv,số tự động,xăng,2021.0,113000.0,62.0,1.5,409.0,436.39974680672265
toyota,innova 2.0e 2019,lắp ráp trong nước,crossover,số tay,xăng,2019.0,49000.0,57.0,2.0,506.0,439.4520109675288
peugeot,5008 allure 1.6 at 2020,lắp ráp trong nước,suv,số tự động,xăng,2020.0,60000.0,71.0,1.6,715.0,703.5270006824114
hyundai,santafe calligraphy 2.5l turbo htrac 2024,lắp ráp trong nước,suv,số tự động,xăng,2024.0,10000.0,57.0,2.5,1205.0,1223.0755841910168
ford,fiesta s 1.6 at 2011,lắp ráp trong nước,hatchback,số tự động,xăng,2011.0,120668.0,58.0,1.6,165.0,189.64610302335652
vinfast,fadil 1.4 at premium 2019,lắp ráp trong nước,hatchback,số tự động,xăng,2019.0,179626.7683965918,59.0,1.4,278.0,291.40490654162215
ford,ranger wildtrak 2.0l 4x4 at 2023,lắp ráp trong nước,bán tải / pickup,số tự động,dầu,2023.0,39000.0,57.0,2.0,830.0,849.0187440627401
toyota,prado vx 2.7l 2019,nhập khẩu,suv,số tự động,xăng,2019.0,179626.7683965918,57.0,2.7,1980.0,1855.1971189872093
bmw,x4 xdrive20i 2018,nhập khẩu,suv,số tự động,xăng,2018.0,36000.0,76.0,2.0,1586.0,1303.0271803851037
mazda,2 1.5 at 2023,nhập khẩu,sedan,số tự động,xăng,2023.0,179626.7683965918,57.0,1.5,409.0,393.04186149216065
mercedes,benz c class c300 amg 2017,lắp ráp trong nước,sedan,số tự động,xăng,2017.0,75000.0,57.0,2.0,685.0,749.3440870160891
bmw,3 series 320i 2015,nhập khẩu,sedan,số tự động,xăng,2015.0,110000.0,64.0,2.0,499.0,511.50847582760923
vinfast,vf3 plus 2025,lắp ráp trong nước,hatchback,số tự động,điện,2025.0,5000.0,57.0,2.097755539082448,275.0,258.8154936054128
toyota,venza 3.5 awd 2009,nhập khẩu,crossover,số tự động,xăng,2009.0,67000.0,57.0,3.5,565.0,463.96346391016675
mazda,3 1.5l deluxe 2020,lắp ráp trong nước,sedan,số tự động,xăng,2020.0,50000.0,57.0,1.5,480.0,482.0763282111424
chevrolet,cruze ls 1.6 mt 2011,lắp ráp trong nước,sedan,số tay,xăng,2011.0,140000.0,85.0,1.6,130.0,133.34319076328813
ford,ranger xls 2.2l 4x2 at 2020,nhập khẩu,bán tải / pickup,số tự động,dầu,2020.0,69000.0,62.0,2.2,499.0,537.5954863529283
mercedes,benz e class e200 exclusive 2021,lắp ráp trong nước,sedan,số tự động,xăng,2021.0,41000.0,57.0,2.0,1499.0,1464.5648468080362
mitsubishi,attrage 1.2 mt 2021,nhập khẩu,sedan,số tay,xăng,2021.0,50000.0,58.0,1.2,263.0,260.20393124935356
mercedes,benz glc 200 4matic 2022,lắp ráp trong nước,suv,số tự động,xăng,2022.0,22000.0,57.0,2.0,1640.0,1554.6129176038364
bmw,7 series 730li 2018,nhập khẩu,sedan,số tự động,xăng,2018.0,179626.7683965918,58.0,2.0,1850.0,1756.452077762639
mercedes,benz s class s500l 2015,nhập khẩu,sedan,số tự động,xăng,2015.0,65000.0,57.0,4.7,1259.0,1403.2256702364566
ford,territory titanium x 1.5 at 2024,lắp ráp trong nước,suv,số tự động,xăng,2024.0,179626.7683965918,60.0,1.5,810.0,801.0923058682617
toyota,fortuner 2.4g 4x2 at 2019,lắp ráp trong nước,suv,số tự động,dầu,2019.0,179626.7683965918,58.0,2.4,795.0,752.636097950506
chevrolet,captiva lt maxx 2.4 mt 2009,lắp ráp trong nước,suv,số tay,xăng,2009.0,179626.7683965918,76.0,2.4,170.0,177.72073756034698
ford,ranger raptor 2.0l 4x4 at 2022,nhập khẩu,bán tải / pickup,số tự động,dầu,2022.0,70000.0,58.0,2.0,890.0,949.5674231777236
mazda,cx5 2.5 at 2wd 2018,lắp ráp trong nước,suv,số tự động,xăng,2018.0,78000.0,58.0,2.5,599.0,582.6236811553805
vinfast,vf8 plus awd 2023,lắp ráp trong nước,suv,số tự động,điện,2023.0,40000.0,57.0,2.097755539082448,750.0,834.3183024395731
mercedes,benz s class s450l 2017,lắp ráp trong nước,sedan,số tự động,xăng,2017.0,179626.7683965918,57.0,3.0,1890.0,1689.916455490338
toyota,fortuner 2.7v 4x4 at 2011,lắp ráp trong nước,suv,số tự động,xăng,2011.0,150000.0,57.0,2.7,286.0,322.79676924129956
bmw,5 series 530i m sport 2022,nhập khẩu,sedan,số tự động,xăng,2022.0,29000.0,63.0,2.0,1899.0,2027.726525993721
kia,k5 gt,lắp ráp trong nước,sedan,số tự động,xăng,2022.0,179626.7683965918,58.0,2.5,2.0,1.8590605452131477
mg,5 1.5 mt 2024,nhập khẩu,sedan,số tay,xăng,2024.0,19000.0,57.0,1.5,299.0,309.5115287974793
toyota,hilux 2.4e 4x2 at 2020,nhập khẩu,bán tải / pickup,số tự động,dầu,2020.0,98000.0,97.0,2.4,575.0,633.0734813136226
toyota,yaris 1.3 at 2010,nhập khẩu,hatchback,số tự động,xăng,2010.0,16000.0,103.0,1.3,236.0,261.55939780964354
ford,everest titanium plus 2.0l 4x4 at 2023,nhập khẩu,suv,số tự động,dầu,2023.0,25102.0,57.0,2.0,1346.0,1368.4318877007154
ford,ecosport titanium 1.5 at 2020,lắp ráp trong nước,suv,số tự động,xăng,2020.0,33000.0,58.0,1.5,438.0,470.87468398332635
audi,q5 2.0 at 2010,nhập khẩu,suv,số tự động,xăng,2010.0,145000.0,57.0,2.0,368.0,374.68699151867344
mitsubishi,zinger gls 2.4 mt 2009,lắp ráp trong nước,suv,số tay,xăng,2009.0,179626.7683965918,75.0,2.4,148.0,142.68637482578436
hyundai,santafe cao cấp 2.5l htrac 2022,lắp ráp trong nước,suv,số tự động,xăng,2022.0,40000.0,58.0,2.5,1065.0,1047.2868559063347
kia,cerato 2.0 at premium 2019,lắp ráp trong nước,sedan,số tự động,xăng,2019.0,52000.0,57.0,2.0,465.0,457.0109800250958
toyota,vios 1.5g 2019,lắp ráp trong nước,sedan,số tự động,xăng,2019.0,70000.0,57.0,1.5,395.0,381.1050538976592
kia,rio 1.4 at 2014,nhập khẩu,hatchback,số tự động,xăng,2014.0,105000.0,59.0,1.4,260.0,276.12136682087254
mercedes,benz gls 400 4matic 2016,nhập khẩu,suv,số tự động,xăng,2016.0,85000.0,59.0,3.0,1580.0,1556.881502758117
ford,everest wildtrak 2.0l 4x4 at 2024,nhập khẩu,suv,số tự động,dầu,2024.0,20000.0,57.0,2.0,1460.0,1447.7392351915782
kia,sorento 2.2 dat premium 2019,lắp ráp trong nước,suv,số tự động,dầu,2019.0,86000.0,58.0,2.2,730.0,639.7055056329066
kia,carnival signature 2.2d 2022,lắp ráp trong nước,van/minivan,số tự động,dầu,2022.0,50000.0,57.0,2.2,1210.0,1202.581387051794
ford,everest titanium 2.0l 4x2 at 2023,nhập khẩu,suv,số tự động,dầu,2023.0,3600.0,57.0,2.0,1255.0,1213.2151413788358
hyundai,santafe 2.4l 2021,lắp ráp trong nước,suv,số tự động,xăng,2021.0,40000.0,93.0,2.4,860.0,656.2278573025997
ford,everest titanium plus 2.0l 4x4 at 2023,nhập khẩu,suv,số tự động,dầu,2023.0,35000.0,57.0,2.0,1358.0,1369.0514894695386
chevrolet,spark ls 1.2 mt 2018,lắp ráp trong nước,hatchback,số tay,xăng,2018.0,179626.7683965918,71.0,1.2,148.0,162.2239461339344
vinfast,fadil 1.4 at 2019,lắp ráp trong nước,hatchback,số tự động,xăng,2019.0,50000.0,58.0,1.4,275.0,265.20314899006485
vinfast,vf3 plus 2025,lắp ráp trong nước,hatchback,số tự động,điện,2025.0,5000.0,57.0,2.097755539082448,235.0,258.8154936054128
mercedes,benz e class e300 amg 2023,lắp ráp trong nước,sedan,số tự động,xăng,2023.0,56.0,88.0,2.0,2150.0,2066.425083706131
hyundai,kona 2.0 ath 2020,lắp ráp trong nước,crossover,số tự động,xăng,2020.0,73000.0,57.0,2.0,469.0,482.5452534505132
ford,everest titanium 2.0l 4x4 at 2021,nhập khẩu,suv,số tự động,dầu,2021.0,179626.7683965918,57.0,2.0,920.0,885.9228181172998
toyota,vios 1.5g 2018,lắp ráp trong nước,sedan,số tự động,xăng,2018.0,45000.0,66.0,1.5,390.0,370.2790414775916
mitsubishi,pajero sport 2.4d 4x4 at 2022,nhập khẩu,suv,số tự động,dầu,2022.0,51000.0,58.0,2.4,970.0,989.0187103431192
lexus,rx 200t 2016,nhập khẩu,suv,số tự động,xăng,2016.0,10.0,57.0,2.0,1730.0,1703.3536191775358
hyundai,santafe cao cấp 2.2l htrac 2021,lắp ráp trong nước,suv,số tự động,dầu,2021.0,60000.0,58.0,2.2,1039.0,1001.259768457902
ford,fiesta titanium 1.5 at 2016,lắp ráp trong nước,sedan,số tự động,xăng,2016.0,98000.0,107.0,1.5,210.0,280.97989583078794
hyundai,accent 1.4 at 2020,lắp ráp trong nước,sedan,số tự động,xăng,2020.0,60000.0,99.0,1.4,352.0,373.80704976534264
bmw,3 series 320i 2016,nhập khẩu,sedan,số tự động,xăng,2016.0,90000.0,99.0,2.0,558.0,550.2499480925601
suzuki,xl7 hybrid 1.5 at 2025,nhập khẩu,suv,số tự động,hybrid,2025.0,1900.0,57.0,1.5,550.0,645.0528349622876
peugeot,2008 gt line 1.2 at 2024,lắp ráp trong nước,crossover,số tự động,xăng,2024.0,6000.0,57.0,1.2,685.0,714.193806631949
porsche,macan 2.0 2017,nhập khẩu,suv,số tự động,xăng,2017.0,60000.0,57.0,2.0,1750.0,1725.5190635159202
ford,ranger limited 2.0l 4x4 at 2021,lắp ráp trong nước,bán tải / pickup,số tự động,dầu,2021.0,80000.0,57.0,2.0,615.0,561.3671531535746
toyota,innova g 2007,lắp ráp trong nước,crossover,số tay,xăng,2007.0,179626.7683965918,57.0,2.0,180.0,154.81311981087285
honda,civic rs 1.5 at 2022,nhập khẩu,sedan,số tự động,xăng,2022.0,8400.0,68.0,1.5,750.0,737.5000050275045
mercedes,benz c class c300 amg 2022,nhập khẩu,sedan,số tự động,xăng,2022.0,19500.0,57.0,2.0,1699.0,1758.3610499046163
kia,seltos premium 1.5 at 2025,lắp ráp trong nước,crossover,số tự động,xăng,2025.0,2000.0,63.0,1.5,735.0,730.8875968294869
honda,brio rs 2019,nhập khẩu,hatchback,số tự động,xăng,2019.0,70000.0,59.0,1.2,298.0,341.1260623015993
vinfast,vf6 plus 2024,lắp ráp trong nước,suv,số tự động,điện,2024.0,70000.0,57.0,0.6,585.0,642.4174089437325
hyundai,custin cao cấp 2.0t 2024,lắp ráp trong nước,van/minivan,số tự động,xăng,2024.0,24000.0,69.0,2.0,909.0,898.1651808889062
toyota,prado txl 2.7l 2014,nhập khẩu,suv,số tự động,xăng,2014.0,120000.0,57.0,2.7,950.0,952.6607906926704
peugeot,5008 al 1.6 at 2022,lắp ráp trong nước,suv,số tự động,xăng,2022.0,30000.0,57.0,1.6,835.0,829.5403148739567
hyundai,accent 1.4 at đặc biệt 2021,lắp ráp trong nước,sedan,số tự động,xăng,2021.0,44000.0,59.0,1.4,425.0,432.8210221023687
lexus,gx 470 2008,nhập khẩu,suv,số tự động,xăng,2008.0,160000.0,57.0,4.7,830.0,767.1943155427716
toyota,corolla altis 1.8g at 2014,lắp ráp trong nước,sedan,số tự động,xăng,2014.0,120000.0,63.0,1.8,368.0,397.1052781955341
bmw,3 series 320i 2009,nhập khẩu,sedan,số tự động,xăng,2009.0,111000.0,76.0,2.0,188.0,237.83584254303
vinfast,vf9 plus 2023,lắp ráp trong nước,suv,số tự động,điện,2023.0,36000.0,64.0,0.2,1169.0,1048.8728107466604
mercedes,benz c class c200 avantgarde 2023,lắp ráp trong nước,sedan,số tự động,xăng,2023.0,3000.0,57.0,1.5,1398.0,1398.8716728972124
lexus,is 250c 2010,nhập khẩu,convertible/cabriolet,số tự động,xăng,2010.0,98000.0,57.0,2.5,790.0,905.0838928915208
hyundai,accent 1.4 at 2022,lắp ráp trong nước,sedan,số tự động,xăng,2022.0,48000.0,58.0,1.4,415.0,417.96882839395573
hyundai,tucson 2.0 at crdi 2020,lắp ráp trong nước,crossover,số tự động,dầu,2020.0,93000.0,72.0,2.0,695.0,697.0031757137252
lexus,rx 350 2017,nhập khẩu,suv,số tự động,xăng,2017.0,110000.0,60.0,3.5,2290.0,2186.5775325458685
kia,morning at 2019,lắp ráp trong nước,hatchback,số tự động,xăng,2019.0,179626.7683965918,64.0,1.25,250.0,275.6794398033455
hyundai,santafe premium 2.2l htrac 2020,lắp ráp trong nước,suv,số tự động,dầu,2020.0,77000.0,57.0,2.2,875.0,867.1319877257301
mercedes,benz glc 200 2019,lắp ráp trong nước,suv,số tự động,xăng,2019.0,90000.0,57.0,2.0,895.0,979.9139253651613
ford,focus s 2.0 at 2015,lắp ráp trong nước,hatchback,số tự động,xăng,2015.0,100000.0,58.0,2.0,315.0,314.9483604206823
mercedes,benz glc 300 4matic 2017,lắp ráp trong nước,suv,số tự động,xăng,2017.0,83210.0,59.0,2.0,898.0,926.656156908466
toyota,camry 2.0g 2020,nhập khẩu,sedan,số tự động,xăng,2020.0,60000.0,58.0,2.0,775.0,790.2823440553461
nissan,navara el a,nhập khẩu,bán tải / pickup,số tự động,dầu,2020.0,90000.0,59.0,2.5,2.0,4.142526854483047
mercedes,benz c class c200 avantgarde plus 2023,lắp ráp trong nước,sedan,số tự động,xăng,2023.0,2500.0,63.0,1.5,1680.0,1646.973949767445
suzuki,xl7 1.5 at 2020,nhập khẩu,suv,số tự động,xăng,2020.0,88000.0,57.0,1.5,425.0,421.1112403504888
toyota,fortuner 2.7v 4x2 at 2016,lắp ráp trong nước,suv,số tự động,xăng,2016.0,88068.0,57.0,2.7,438.0,483.72115716330774
hyundai,tucson 2.4 at limited 2013,nhập khẩu,crossover,số tự động,xăng,2013.0,97000.0,58.0,2.4,390.0,299.6145489769682
toyota,innova g 2010,lắp ráp trong nước,crossover,số tay,xăng,2010.0,25000.0,79.0,2.0,205.0,212.2998856958536
mini,cooper jcw convertible 2019,nhập khẩu,convertible/cabriolet,số tự động,xăng,2019.0,29000.0,58.0,2.0,1600.0,1359.8898179270236
kia,rondo gat 2016,lắp ráp trong nước,suv,số tự động,xăng,2016.0,82000.0,89.0,2.0,355.0,356.18567676918843
kia,carnival signature 3.5g 2023,lắp ráp trong nước,van/minivan,số tự động,xăng,2023.0,22000.0,67.0,3.5,1360.0,1268.3164821054881
mitsubishi,attrage 1.2 mt 2021,nhập khẩu,sedan,số tay,xăng,2021.0,179626.7683965918,57.0,1.2,205.0,253.68800951487032
mitsubishi,outlander 2.0 cvt 2020,lắp ráp trong nước,suv,số tự động,xăng,2020.0,95800.0,58.0,2.0,610.0,597.3416285442221
ford,focus 1.8 at 2010,lắp ráp trong nước,hatchback,số tự động,xăng,2010.0,179626.7683965918,106.0,1.8,175.0,208.84188486458612
kia,carnival signature 3.5g 2021,lắp ráp trong nước,van/minivan,số tự động,xăng,2021.0,69000.0,57.0,3.5,1090.0,1128.8386112219675
mercedes,benz e class e300 amg 2019,lắp ráp trong nước,sedan,số tự động,xăng,2019.0,88000.0,57.0,2.0,1299.0,1319.4236690217467
ford,ranger wildtrak 3.2l 4x4 at 2017,nhập khẩu,bán tải / pickup,số tự động,dầu,2017.0,100000.0,57.0,3.2,580.0,559.8149464991716
audi,q5 2.0 at 2017,nhập khẩu,suv,số tự động,xăng,2017.0,60000.0,59.0,2.0,1050.0,1026.3963715000166
honda,hrv rs 2023,nhập khẩu,crossover,số tự động,xăng,2023.0,20000.0,57.0,1.5,789.0,763.7957851874885
nissan,terra e 2.5 at 2wd 2019,nhập khẩu,suv,số tự động,xăng,2019.0,38000.0,59.0,2.5,610.0,616.1024605814439
toyota,innova cross 2.0 cvt 2024,nhập khẩu,crossover,số tự động,xăng,2024.0,25000.0,71.0,2.0,819.0,823.5792144484838
honda,civic 2.0 at 2014,lắp ráp trong nước,sedan,số tự động,xăng,2014.0,130000.0,58.0,2.0,355.0,359.4365199612481
ford,ranger xls 2.2l 4x2 mt 2020,nhập khẩu,bán tải / pickup,số tay,dầu,2020.0,189000.0,57.0,2.2,490.0,444.4219005090062
toyota,prado vx 2.7l 2019,nhập khẩu,suv,số tự động,xăng,2019.0,96000.0,57.0,2.7,1962.0,1919.2938721313508
nissan,murano sl 3.5 2009,nhập khẩu,crossover,số tự động,xăng,2009.0,112000.0,92.0,3.5,330.0,179.65719510897256
subaru,brz se lux 2.0 at 2012,nhập khẩu,coupe,số tự động,xăng,2012.0,33000.0,57.0,2.0,839.0,607.3720911590337
ford,ranger xls 2.0l 4x2 at 2023,lắp ráp trong nước,bán tải / pickup,số tự động,dầu,2023.0,70000.0,68.0,2.0,629.0,632.3420183676408
bmw,x4 xdrive20i 2018,nhập khẩu,suv,số tự động,xăng,2018.0,96000.0,57.0,2.0,1390.0,1286.643712861523
lexus,rx 450h 2010,nhập khẩu,suv,số tự động,hybrid,2010.0,120000.0,60.0,3.5,750.0,838.3475188628433
toyota,innova 2.0e 2016,lắp ráp trong nước,crossover,số tay,xăng,2016.0,163000.0,69.0,2.0,399.0,330.56425552615485
peugeot,2008 gt line 1.2 at 2023,lắp ráp trong nước,crossover,số tự động,xăng,2023.0,14000.0,58.0,1.2,669.0,686.6147689156622
toyota,fortuner 2.4g 4x2 mt 2017,nhập khẩu,suv,số tay,dầu,2017.0,213000.0,64.0,2.4,589.0,620.3677560179517
mitsubishi,xpander 1.5 mt 2021,nhập khẩu,suv,số tay,xăng,2021.0,90000.0,58.0,1.5,415.0,431.93561536696194
vinfast,fadil 1.4 at 2021,lắp ráp trong nước,hatchback,số tự động,xăng,2021.0,50000.0,60.0,1.4,299.0,306.80048614071654
daewoo,gentra sx 1.5 mt 2010,lắp ráp trong nước,sedan,số tay,xăng,2010.0,150000.0,57.0,1.5,70.0,90.79795915388038
ford,everest trend 2.0l 4x2 at 2020,nhập khẩu,suv,số tự động,dầu,2020.0,93000.0,84.0,2.0,757.0,784.3016042803938
hyundai,creta cao cấp 1.5 at 2022,nhập khẩu,crossover,số tự động,xăng,2022.0,68000.0,57.0,1.5,598.0,588.3673118082231
toyota,vios g 1.5 cvt 2022,lắp ráp trong nước,sedan,số tự động,xăng,2022.0,70000.0,57.0,1.5,455.0,446.70160159888525
mazda,cx5 2.5 at awd 2017,lắp ráp trong nước,suv,số tự động,xăng,2017.0,179626.7683965918,71.0,2.5,520.0,491.2459807257177
kia,sedona 2.2l dath 2018,lắp ráp trong nước,van/minivan,số tự động,dầu,2018.0,90000.0,67.0,2.2,650.0,660.848545867194
mercedes,benz c class c200 exclusive 2020,lắp ráp trong nước,sedan,số tự động,xăng,2020.0,179626.7683965918,103.0,1.5,865.0,942.2167513016669
honda,crv e 2018,nhập khẩu,suv,số tự động,xăng,2018.0,98000.0,57.0,1.5,625.0,533.4664275101339
kia,soluto 1.4 mt 2020,lắp ráp trong nước,sedan,số tay,xăng,2020.0,81000.0,74.0,1.4,249.0,266.3775360026181
hyundai,elantra 1.6 at 2018,lắp ráp trong nước,sedan,số tự động,xăng,2018.0,60000.0,57.0,1.6,399.0,386.7922876783481
chevrolet,aveo lt 1.5 mt 2016,lắp ráp trong nước,sedan,số tay,xăng,2016.0,160000.0,67.0,1.5,140.0,133.64415980737317
mazda,3 1.5l luxury 2019,lắp ráp trong nước,sedan,số tự động,xăng,2019.0,90000.0,58.0,1.5,440.0,449.7242942038035
mazda,cx5 premium 2.0 at 2023,lắp ráp trong nước,suv,số tự động,xăng,2023.0,179626.7683965918,58.0,2.0,795.0,725.3714099899702
honda,civic 2.0 at 2014,lắp ráp trong nước,sedan,số tự động,xăng,2014.0,72000.0,62.0,2.0,400.0,364.31745367693577
jaguar,xf 2.0 at 2014,nhập khẩu,sedan,số tự động,xăng,2014.0,125000.0,58.0,2.0,640.0,649.9996579246108
kia,cerato 2.0 at premium 2020,lắp ráp trong nước,sedan,số tự động,xăng,2020.0,60000.0,59.0,2.0,470.0,478.9290977936264
hyundai,santafe premium 2.4l htrac 2020,lắp ráp trong nước,suv,số tự động,xăng,2020.0,52000.0,57.0,2.4,810.0,814.3463329298717
audi,tt 2.0 tfsi 2015,nhập khẩu,coupe,số tự động,xăng,2015.0,68000.0,58.0,2.0,1079.0,1104.5448418636845
nissan,navara el 2.5 at 2wd 2017,nhập khẩu,bán tải / pickup,số tự động,dầu,2017.0,179626.7683965918,57.0,2.5,369.0,379.97521813821464
kia,seltos premium 1.6 at 2022,lắp ráp trong nước,crossover,số tự động,xăng,2022.0,54000.0,75.0,1.6,625.0,613.3195701238838
bmw,3 series 320i 2015,nhập khẩu,sedan,số tự động,xăng,2015.0,80000.0,57.0,2.0,499.0,512.134713015694
kia,soluto 1.4 at deluxe 2021,lắp ráp trong nước,sedan,số tự động,xăng,2021.0,179626.7683965918,57.0,1.4,335.0,335.36830926205226
kia,morning van 1.0 mt 2010,nhập khẩu,van/minivan,số tay,xăng,2010.0,179626.7683965918,103.0,1.0,65.0,138.56893624715912
mitsubishi,triton athlete 4wd at 2024,nhập khẩu,bán tải / pickup,số tự động,dầu,2024.0,2500.0,61.0,2.4,830.0,846.2768728359052
hyundai,santafe cao cấp 2.2l htrac 2021,lắp ráp trong nước,suv,số tự động,dầu,2021.0,179626.7683965918,57.0,2.2,1070.0,959.9401393014776
toyota,hiace 3.0 2018,nhập khẩu,van/minivan,số tay,dầu,2018.0,10000.0,86.0,3.0,560.0,733.6439699944895
suzuki,celerio 1.0 at 2019,nhập khẩu,hatchback,số tự động,xăng,2019.0,80000.0,60.0,1.0,255.0,248.7100853590895
kia,morning ex 2015,lắp ráp trong nước,hatchback,số tay,xăng,2015.0,179626.7683965918,65.0,1.25,118.0,137.93464160601744
mazda,cx8 premium 2022,lắp ráp trong nước,suv,số tự động,xăng,2022.0,40000.0,60.0,2.5,840.0,834.26609763756
mazda,cx5 2.0 at 2017,lắp ráp trong nước,suv,số tự động,xăng,2017.0,95000.0,57.0,2.0,555.0,506.22863691416234
mg,zs luxury 1.5 at 2wd 2025,nhập khẩu,crossover,số tự động,xăng,2025.0,1000.0,58.0,1.5,519.0,532.7487606805208
kia,seltos premium 1.5 at 2025,lắp ráp trong nước,crossover,số tự động,xăng,2025.0,2000.0,58.0,1.5,735.0,728.8519963522091
lexus,ls 460l 2007,nhập khẩu,sedan,số tự động,xăng,2007.0,125000.0,57.0,4.6,660.0,546.8969647545931
vinfast,fadil 1.4 at plus 2021,lắp ráp trong nước,hatchback,số tự động,xăng,2021.0,31000.0,57.0,1.4,308.0,323.90018690368953
mazda,3 1.5 at 2017,lắp ráp trong nước,hatchback,số tự động,xăng,2017.0,93000.0,57.0,1.5,398.0,387.84441341528253
kia,morning x,lắp ráp trong nước,hatchback,số tự động,xăng,2023.0,38000.0,57.0,1.25,2023.0,2176.4978704320442
ford,ranger raptor 2.0l 4x4 at 2021,nhập khẩu,bán tải / pickup,số tự động,dầu,2021.0,63000.0,62.0,2.0,990.0,980.0951837871561
ford,transit tiêu chuẩn 2023,lắp ráp trong nước,van/minivan,số tay,dầu,2023.0,80000.0,75.0,2.2,650.0,679.579007119733
kia,carnival signature 2.2d 2022,lắp ráp trong nước,van/minivan,số tự động,dầu,2022.0,69000.0,77.0,2.2,1199.0,1200.8904884580297
kia,rio 1.4 mt 2015,nhập khẩu,sedan,số tay,xăng,2015.0,200000.0,93.0,1.4,240.0,219.70458689855215
mercedes,benz e class e200 edition 2015,lắp ráp trong nước,sedan,số tự động,xăng,2015.0,120000.0,69.0,2.0,550.0,533.7347495523603
hyundai,i30 cw 1.6 at 2009,nhập khẩu,hatchback,số tự động,xăng,2009.0,120000.0,57.0,1.6,168.0,212.64010933769757
audi,q5 2.0 at 2016,nhập khẩu,suv,số tự động,xăng,2016.0,100000.0,57.0,2.0,769.0,759.8319632072809
honda,hrv rs 2022,nhập khẩu,crossover,số tự động,xăng,2022.0,20000.0,57.0,1.5,735.0,754.2013719607967
toyota,fortuner 2.4g 4x2 mt 2017,nhập khẩu,suv,số tay,dầu,2017.0,106000.0,57.0,2.4,690.0,641.8265746362061
mazda,cx5 2.5 at 2wd 2017,lắp ráp trong nước,suv,số tự động,xăng,2017.0,74000.0,57.0,2.5,499.0,516.7968814650895
toyota,innova e 2.0 mt 2022,lắp ráp trong nước,crossover,số tay,xăng,2022.0,179626.7683965918,58.0,2.0,590.0,551.9738739817129
hyundai,veloster 1.6 at gdi 2011,nhập khẩu,hatchback,số tự động,xăng,2011.0,71000.0,73.0,1.6,320.0,292.7048749998187
jaguar,xf 2.0 at 2014,nhập khẩu,sedan,số tự động,xăng,2014.0,179626.7683965918,68.0,2.0,630.0,639.5614201412599
mercedes,benz e class e250 amg 2015,lắp ráp trong nước,sedan,số tự động,xăng,2015.0,100000.0,58.0,2.0,500.0,575.6607133720569
mercedes,benz v class v250 luxury 2020,nhập khẩu,van/minivan,số tự động,xăng,2020.0,52000.0,59.0,2.0,1800.0,1634.3952754881132
toyota,corolla altis 1.8g at 2015,lắp ráp trong nước,sedan,số tự động,xăng,2015.0,72000.0,58.0,1.8,435.0,431.8195980378141
mercedes,benz glc 300 4matic 2019,lắp ráp trong nước,suv,số tự động,xăng,2019.0,68000.0,57.0,2.0,1099.0,1157.2961678506774
ford,ranger xls 2.2l 4x2 at 2016,nhập khẩu,bán tải / pickup,số tự động,dầu,2016.0,90000.0,57.0,2.2,438.0,419.0188933661818
nissan,navara el premium r 2018,nhập khẩu,bán tải / pickup,số tự động,dầu,2018.0,75000.0,89.0,2.5,445.0,415.86943090694024
ford,ranger xls 2.2l 4x2 at 2021,nhập khẩu,bán tải / pickup,số tự động,dầu,2021.0,60000.0,70.0,2.2,590.0,570.7733872362659
mg,zs luxury 1.5 at 2wd 2024,nhập khẩu,crossover,số tự động,xăng,2024.0,3000.0,57.0,1.5,499.0,404.4427635588829
mazda,3 1.5l luxury 2022,lắp ráp trong nước,sedan,số tự động,xăng,2022.0,21000.0,57.0,1.5,558.0,551.9129787009148
hyundai,santafe cao cấp 2.5l htrac 2022,lắp ráp trong nước,suv,số tự động,xăng,2022.0,70000.0,57.0,2.5,1060.0,1042.6369219623466
toyota,vios 1.5e mt 2018,lắp ráp trong nước,sedan,số tay,xăng,2018.0,69000.0,58.0,1.5,268.0,286.61766257201094
kia,optima 2.0 at luxury 2020,lắp ráp trong nước,sedan,số tự động,xăng,2020.0,100000.0,59.0,2.0,498.0,517.4465144743989
hyundai,elantra 1.6 at đặc biệt 2023,lắp ráp trong nước,sedan,số tự động,xăng,2023.0,23000.0,57.0,1.6,585.0,583.0991737365474
mercedes,benz glc 300 4matic 2020,lắp ráp trong nước,suv,số tự động,xăng,2020.0,30000.0,65.0,2.0,1499.0,1482.8704649954689
toyota,camry 2.0e 2013,lắp ráp trong nước,sedan,số tự động,xăng,2013.0,88000.0,60.0,2.0,405.0,438.7161111135588
mazda,3 1.5l luxury 2019,lắp ráp trong nước,sedan,số tự động,xăng,2019.0,60000.0,57.0,1.5,445.0,450.6330528064974
toyota,fortuner 2.8v 4x4 at 2019,lắp ráp trong nước,suv,số tự động,dầu,2019.0,84000.0,57.0,2.8,850.0,800.661695272835
ford,ranger wildtrak 2.0l 4x4 at 2022,lắp ráp trong nước,bán tải / pickup,số tự động,dầu,2022.0,36000.0,94.0,2.0,804.0,777.3277619791522
nissan,x trail 2.0 2wd premium 2018,lắp ráp trong nước,suv,số tự động,xăng,2018.0,110000.0,57.0,2.0,569.0,495.1705563004875
peugeot,5008 1.6 at 2018,lắp ráp trong nước,suv,số tự động,xăng,2018.0,85000.0,80.0,1.6,620.0,607.3180925949308
mazda,6 premium 2.0 at 2023,lắp ráp trong nước,sedan,số tự động,xăng,2023.0,26000.0,57.0,2.0,735.0,727.1893799003262
honda,civic 1.5l vtec turbo 2017,nhập khẩu,sedan,số tự động,xăng,2017.0,90000.0,82.0,1.5,475.0,461.76489186636195
hyundai,santafe slx 2009,nhập khẩu,suv,số tự động,dầu,2009.0,14990.0,57.0,2.0,325.0,352.7504504541274
mercedes,benz e class e200 2019,lắp ráp trong nước,sedan,số tự động,xăng,2019.0,70000.0,57.0,2.0,1039.0,1039.2856951302545
ford,focus trend 1.5l 2018,lắp ráp trong nước,sedan,số tự động,xăng,2018.0,78000.0,65.0,1.5,369.0,369.37274404922607
toyota,innova 2.0g 2015,lắp ráp trong nước,crossover,số tự động,xăng,2015.0,190000.0,89.0,2.0,320.0,347.4218072231795
mercedes,benz c class c200 exclusive 2020,lắp ráp trong nước,sedan,số tự động,xăng,2020.0,179626.7683965918,59.0,1.5,925.0,962.89411629665
mercedes,benz e class e200 2016,lắp ráp trong nước,sedan,số tự động,xăng,2016.0,105600.0,57.0,2.0,799.0,798.6346835118466
hyundai,kona 2.0 ath 2020,lắp ráp trong nước,crossover,số tự động,xăng,2020.0,66000.0,68.0,2.0,468.0,484.61217653132985
suzuki,xl7 1.5 at 2022,nhập khẩu,suv,số tự động,xăng,2022.0,59000.0,57.0,1.5,460.0,451.68630380919495
toyota,sienna limited 3.5 2016,nhập khẩu,van/minivan,số tự động,xăng,2016.0,60000.0,57.0,3.5,1557.0,1610.0253708562345
vinfast,vf3 plus 2025,lắp ráp trong nước,hatchback,số tự động,điện,2025.0,9000.0,62.0,2.097755539082448,267.0,259.36565376699156
honda,crv g 2021,lắp ráp trong nước,suv,số tự động,xăng,2021.0,70000.0,102.0,1.5,789.0,804.3882919120051
kia,morning luxury 2020,lắp ráp trong nước,hatchback,số tự động,xăng,2020.0,26000.0,57.0,1.25,318.0,311.51271836715114
porsche,macan 2.0 2015,nhập khẩu,suv,số tự động,xăng,2015.0,100000.0,58.0,2.0,1379.0,1392.5954573177453
peugeot,2008 gt line 1.2 at 2023,lắp ráp trong nước,crossover,số tự động,xăng,2023.0,9000.0,58.0,1.2,675.0,686.6316348965611
audi,q5 2.0 at 2016,nhập khẩu,suv,số tự động,xăng,2016.0,110000.0,59.0,2.0,685.0,759.0316266740258
nissan,navara le 2.5mt 4wd 2011,nhập khẩu,bán tải / pickup,số tay,dầu,2011.0,179626.7683965918,69.0,2.5,222.0,175.4895757025326
toyota,prado vx 2.7l 2019,nhập khẩu,suv,số tự động,xăng,2019.0,100000.0,57.0,2.7,1929.0,1917.190990412934
hyundai,getz 1.4 at 2008,nhập khẩu,hatchback,số tự động,xăng,2008.0,150000.0,57.0,1.4,140.0,147.28395217179101
hyundai,i10 grand 1.2 mt 2014,nhập khẩu,hatchback,số tay,xăng,2014.0,10000.0,73.0,1.25,163.0,190.35964477422436
mercedes,benz e class e200 2016,lắp ráp trong nước,sedan,số tự động,xăng,2016.0,91000.0,57.0,2.0,799.0,800.4205551031725
kia,carnival signature 2.2d 2022,lắp ráp trong nước,van/minivan,số tự động,dầu,2022.0,101000.0,75.0,2.2,1130.0,1197.5918470449037
landrover,range rover evoque black edition 2014,nhập khẩu,suv,số tự động,xăng,2014.0,50000.0,58.0,2.0,639.0,829.0683284311281
nissan,navara el premium r 2018,nhập khẩu,bán tải / pickup,số tự động,dầu,2018.0,14000.0,63.0,2.5,410.0,417.68609683513705
toyota,raize g 1.0 cvt 2022,nhập khẩu,suv,số tự động,xăng,2022.0,20000.0,58.0,1.0,480.0,471.52126642027736
honda,hrv rs 2022,nhập khẩu,crossover,số tự động,xăng,2022.0,25000.0,57.0,1.5,735.0,754.2282745606777
ford,ranger wildtrak 2.0l 4x4 at 2018,nhập khẩu,bán tải / pickup,số tự động,dầu,2018.0,140000.0,57.0,2.0,560.0,584.8317494671841
mercedes,benz gl 350 bluetec 4matic 2009,nhập khẩu,suv,số tự động,dầu,2009.0,110000.0,106.0,3.0,440.0,547.0960952978522
mitsubishi,xpander 1.5 mt 2023,lắp ráp trong nước,suv,số tay,xăng,2023.0,179626.7683965918,57.0,1.5,468.0,425.71586651205575
mitsubishi,xpander premium 1.5 at 2023,nhập khẩu,suv,số tự động,xăng,2023.0,32000.0,57.0,1.5,562.0,552.5894081909291
volvo,xc90 t6 inscription 2018,nhập khẩu,suv,số tự động,xăng,2018.0,100000.0,57.0,2.0,1680.0,1716.7478065668352
ford,ranger xls 2.2l 4x2 at 2018,nhập khẩu,bán tải / pickup,số tự động,dầu,2018.0,90000.0,57.0,2.2,470.0,496.00365407550686
daewoo,lacetti cdx 1.6 at 2009,nhập khẩu,sedan,số tự động,xăng,2009.0,90.0,91.0,1.6,128.0,170.98022183173242
honda,civic g 1.8 at 2019,nhập khẩu,sedan,số tự động,xăng,2019.0,50000.0,68.0,1.8,538.0,537.7479327410158
kia,sorento signature 2.5 at awd 2021,lắp ráp trong nước,suv,số tự động,xăng,2021.0,50000.0,61.0,2.5,869.0,840.8238732423902
mazda,3 1.5l luxury 2019,lắp ráp trong nước,sedan,số tự động,xăng,2019.0,95000.0,57.0,1.5,468.0,449.13508424936094
kia,sonet deluxe 1.5 at 2023,lắp ráp trong nước,crossover,số tự động,xăng,2023.0,50000.0,57.0,1.5,498.0,496.58496305351997
mercedes,benz glc 300 coupe 4matic 2019,nhập khẩu,suv,số tự động,xăng,2019.0,75166.0,57.0,2.0,1690.0,1630.3726830936437
mitsubishi,xpander premium 1.5 at 2024,nhập khẩu,suv,số tự động,xăng,2024.0,30697.0,70.0,1.5,590.0,594.1620599900225
mitsubishi,attrage 1.2 cvt 2020,nhập khẩu,sedan,số tự động,xăng,2020.0,114000.0,106.0,1.2,290.0,306.54337523681596
mitsubishi,triton 4x2 at mivec 2021,nhập khẩu,bán tải / pickup,số tự động,dầu,2021.0,77000.0,58.0,2.4,510.0,513.0056176936248
mercedes,benz c class c300 amg 2021,nhập khẩu,sedan,số tự động,xăng,2021.0,42000.0,61.0,2.0,1569.0,1427.010823777783
toyota,camry 2.0e 2016,lắp ráp trong nước,sedan,số tự động,xăng,2016.0,90000.0,57.0,2.0,540.0,528.1247462373155
hyundai,elantra 1.6 at 2021,lắp ráp trong nước,sedan,số tự động,xăng,2021.0,70000.0,57.0,1.6,465.0,475.7007297318627
toyota,vios 1.5g 2016,lắp ráp trong nước,sedan,số tự động,xăng,2016.0,84000.0,57.0,1.5,348.0,343.007505579962
peugeot,3008 gt 2022,lắp ráp trong nước,crossover,số tự động,xăng,2022.0,50000.0,89.0,1.6,820.0,819.1366319613327
toyota,fortuner 2.4g 4x2 mt 2018,nhập khẩu,suv,số tay,dầu,2018.0,125000.0,59.0,2.4,670.0,700.1634162697889
bmw,3 series 320i sport line 2022,lắp ráp trong nước,sedan,số tự động,xăng,2022.0,42000.0,58.0,2.0,1260.0,1271.8123907021977
landrover,range rover hse 3.0 2015,nhập khẩu,suv,số tự động,xăng,2015.0,136000.0,58.0,3.0,2166.0,2150.090046793871
bmw,3 series 320i sport line 2022,lắp ráp trong nước,sedan,số tự động,xăng,2022.0,42000.0,58.0,2.0,1280.0,1271.8123907021977
mitsubishi,xpander cross 1.5 at 2023,nhập khẩu,suv,số tự động,xăng,2023.0,30000.0,70.0,1.5,630.0,598.9822423093427
kia,seltos gt,lắp ráp trong nước,crossover,số tự động,xăng,2024.0,11962.0,62.0,1.4,1.0,1.3041353398633053
peugeot,3008 gt 2024,lắp ráp trong nước,crossover,số tự động,xăng,2024.0,16000.0,57.0,1.6,939.0,928.2961709067262
peugeot,3008 1.6 at 2017,lắp ráp trong nước,crossover,số tự động,xăng,2017.0,100.0,57.0,1.6,535.0,389.37783049912787
hyundai,tucson 2.0 at đặc biệt 2021,lắp ráp trong nước,crossover,số tự động,xăng,2021.0,48000.0,57.0,2.0,686.0,702.0359571748209
landrover,range rover velar r,nhập khẩu,suv,số tự động,xăng,2019.0,80000.0,57.0,2.0,2000.0,1968.5263358517648
volvo,xc90 t6 inscription 2017,nhập khẩu,suv,số tự động,xăng,2017.0,89000.0,57.0,2.0,1650.0,1593.5850828397433
toyota,corolla cross 1.8v 2021,nhập khẩu,suv,số tự động,xăng,2021.0,50000.0,57.0,1.8,699.0,684.8789254648132
hyundai,accent 1.4 mt base 2019,lắp ráp trong nước,sedan,số tay,xăng,2019.0,54000.0,59.0,1.4,279.0,295.0825742282703
toyota,vios 1.5e 2010,lắp ráp trong nước,sedan,số tay,xăng,2010.0,11000.0,58.0,1.5,185.0,174.33829772329497
ford,everest titanium plus 2.0l 4x4 at 2023,nhập khẩu,suv,số tự động,dầu,2023.0,179626.7683965918,57.0,2.0,1320.0,1327.7942355160558
hyundai,i10 1.2 at 2024,lắp ráp trong nước,hatchback,số tự động,xăng,2024.0,30000.0,57.0,1.25,425.0,401.8912792129353
mitsubishi,outlander premium 2.0 cvt 2021,lắp ráp trong nước,suv,số tự động,xăng,2021.0,39000.0,61.0,2.0,699.0,696.0976020169136
vinfast,vf5 plus 2024,lắp ráp trong nước,suv,số tự động,điện,2024.0,27000.0,57.0,2.097755539082448,435.0,437.8221302608087
mitsubishi,pajero sport d 4x2 at 2014,lắp ráp trong nước,suv,số tự động,dầu,2014.0,160000.0,57.0,2.5,380.0,410.08008032665794
peugeot,3008 al 2022,lắp ráp trong nước,crossover,số tự động,xăng,2022.0,24000.0,61.0,1.6,750.0,765.0007690215014
mazda,3 1.5l sport luxury 2022,lắp ráp trong nước,hatchback,số tự động,xăng,2022.0,20332.0,57.0,1.5,550.0,569.2372090509876
toyota,yaris 1.3 at 2010,nhập khẩu,hatchback,số tự động,xăng,2010.0,120000.0,57.0,1.3,235.0,269.01000188407755
toyota,fortuner 2.5g 2015,lắp ráp trong nước,suv,số tay,dầu,2015.0,130000.0,59.0,2.5,489.0,503.0958421812622
kia,sorento signature 2.5 at awd 2022,lắp ráp trong nước,suv,số tự động,xăng,2022.0,59000.0,57.0,2.5,928.0,907.9018298637405
toyota,vios e cvt 2022,lắp ráp trong nước,sedan,số tự động,xăng,2022.0,100000.0,82.0,1.5,370.0,406.0290011036433
mitsubishi,xpander 1.5 mt 2021,nhập khẩu,suv,số tay,xăng,2021.0,80000.0,59.0,1.5,425.0,432.9476243013229
ford,ranger xls 2.2l 4x2 at 2021,nhập khẩu,bán tải / pickup,số tự động,dầu,2021.0,57000.0,68.0,2.2,565.0,570.8622125382034
mercedes,benz gl 450 4matic 2011,nhập khẩu,suv,số tự động,xăng,2011.0,179626.7683965918,98.0,4.7,755.0,1140.1555371490347
nissan,x trail 2.5 sv 4wd premium 2017,lắp ráp trong nước,suv,số tự động,xăng,2017.0,73000.0,71.0,2.5,556.0,514.8323871250197
ford,ranger xls 2.0l 4x2 at 2024,lắp ráp trong nước,bán tải / pickup,số tự động,dầu,2024.0,17000.0,58.0,2.0,675.0,665.7614559947897
toyota,prado vx 2.7l 2018,nhập khẩu,suv,số tự động,xăng,2018.0,150000.0,57.0,2.7,1720.0,1797.5625235235527
mazda,3 1.5l luxury 2024,lắp ráp trong nước,sedan,số tự động,xăng,2024.0,6000.0,57.0,1.5,599.0,606.2235322236993
hyundai,santafe cao cấp 2.5l htrac 2022,lắp ráp trong nước,suv,số tự động,xăng,2022.0,179626.7683965918,58.0,2.5,1089.0,1004.5885251995214
mitsubishi,xpander 1.5 mt 2019,nhập khẩu,suv,số tay,xăng,2019.0,179626.7683965918,57.0,1.5,340.0,358.86309434396253
hyundai,creta tiêu chuẩn 1.5 at 2023,nhập khẩu,crossover,số tự động,xăng,2023.0,29000.0,57.0,1.5,550.0,558.379053910036
ford,territory titanium x 1.5 at 2024,lắp ráp trong nước,suv,số tự động,xăng,2024.0,33000.0,57.0,1.5,835.0,830.8120144808756
honda,city l 1.5 at 2022,lắp ráp trong nước,sedan,số tự động,xăng,2022.0,120000.0,57.0,1.5,425.0,431.73392948492994
toyota,corolla cross 1.8v 2021,nhập khẩu,suv,số tự động,xăng,2021.0,70000.0,57.0,1.8,678.0,683.2036861502772
mercedes,benz c class c200 2012,lắp ráp trong nước,sedan,số tự động,xăng,2012.0,123456.0,57.0,1.8,279.0,270.90318487593856
mazda,cx5 luxury 2.0 at 2023,lắp ráp trong nước,suv,số tự động,xăng,2023.0,31000.0,59.0,2.0,715.0,715.968790979535
toyota,fortuner 2.7v 4x2 at 2017,nhập khẩu,suv,số tự động,xăng,2017.0,77000.0,58.0,2.7,658.0,667.4127166171638
mercedes,benz c class c300 amg 2022,lắp ráp trong nước,sedan,số tự động,xăng,2022.0,43000.0,59.0,2.0,1599.0,1605.9513173770276
honda,crv l 2019,nhập khẩu,suv,số tự động,xăng,2019.0,90000.0,105.0,1.5,765.0,747.8964422161165
toyota,vios 1.5g 2017,lắp ráp trong nước,sedan,số tự động,xăng,2017.0,83000.0,57.0,1.5,348.0,339.26295767304083
toyota,prado txl 2.7l 2009,nhập khẩu,suv,số tự động,xăng,2009.0,130000.0,58.0,2.7,720.0,678.1660134143717
audi,q5 2.0 at 2014,nhập khẩu,suv,số tự động,xăng,2014.0,86000.0,70.0,2.0,538.0,589.737034866442
kia,sorento signature 2.2 at awd 2022,lắp ráp trong nước,suv,số tự động,dầu,2022.0,50000.0,57.0,2.2,885.0,978.8791116235119
kia,sorento gat 2.4l 2wd 2013,lắp ráp trong nước,suv,số tự động,xăng,2013.0,179626.7683965918,99.0,2.4,379.0,345.38973470005715
kia,k5 premium 2.0 at 2022,lắp ráp trong nước,sedan,số tự động,xăng,2022.0,31000.0,107.0,2.0,729.0,690.3385707773865
mazda,3 1.5 at 2016,lắp ráp trong nước,sedan,số tự động,xăng,2016.0,179626.7683965918,62.0,1.5,365.0,363.581033488391
ford,ranger xls 2.2l 4x2 mt 2019,nhập khẩu,bán tải / pickup,số tay,dầu,2019.0,90000.0,65.0,2.2,425.0,455.43928233234686
ford,ranger xls 2.2l 4x2 at 2019,nhập khẩu,bán tải / pickup,số tự động,dầu,2019.0,70000.0,58.0,2.2,500.0,510.74919243787974
lexus,es 250 2022,nhập khẩu,sedan,số tự động,xăng,2022.0,29000.0,70.0,2.5,2199.0,2222.4349238124
kia,rio 1.4 at 2013,nhập khẩu,hatchback,số tự động,xăng,2013.0,90000.0,70.0,1.4,255.0,252.6602700873679
chevrolet,captiva revv ltz 2.4 at 2017,lắp ráp trong nước,suv,số tự động,xăng,2017.0,105000.0,72.0,2.4,370.0,390.663896884154
mazda,cx8 premium awd 2022,lắp ráp trong nước,suv,số tự động,xăng,2022.0,80000.0,57.0,2.5,880.0,874.2985145118345
porsche,macan 2.0 2015,nhập khẩu,suv,số tự động,xăng,2015.0,96000.0,57.0,2.0,1299.0,1393.1986406733215
lexus,es 250 2022,nhập khẩu,sedan,số tự động,xăng,2022.0,28000.0,57.0,2.5,2150.0,2213.7896984804465
kia,seltos premium 1.4 at 2022,lắp ráp trong nước,crossover,số tự động,xăng,2022.0,41466.0,76.0,1.4,620.0,635.8993256261818
infiniti,qx 60 3.5 awd 2016,nhập khẩu,suv,số tự động,xăng,2016.0,103000.0,57.0,3.5,950.0,915.1675929494038
hyundai,santafe cao cấp 2.5l htrac 2022,lắp ráp trong nước,suv,số tự động,xăng,2022.0,60000.0,60.0,2.5,1020.0,1046.7129979855818
mazda,cx8 premium awd 2024,lắp ráp trong nước,suv,số tự động,xăng,2024.0,17000.0,57.0,2.5,1079.0,886.648822057148
hyundai,i10 grand 1.2 mt base 2019,lắp ráp trong nước,sedan,số tay,xăng,2019.0,179626.7683965918,98.0,1.25,195.0,213.40768111550688
bmw,5 series 523i 2011,nhập khẩu,sedan,số tự động,xăng,2011.0,110000.0,73.0,2.5,415.0,435.93155809460154
hyundai,santafe cao cấp 2.2l htrac 2021,lắp ráp trong nước,suv,số tự động,dầu,2021.0,78000.0,57.0,2.2,1035.0,997.256094108838
honda,civic g 1.8 at 2019,nhập khẩu,sedan,số tự động,xăng,2019.0,68000.0,69.0,1.8,549.0,537.0659532353444
bmw,3 series 320i 2016,nhập khẩu,sedan,số tự động,xăng,2016.0,82000.0,101.0,2.0,620.0,549.134079863319
honda,hrv l 2019,nhập khẩu,crossover,số tự động,xăng,2019.0,32000.0,57.0,1.8,565.0,545.364168261978
mercedes,benz glc 200 4matic 2023,lắp ráp trong nước,suv,số tự động,xăng,2023.0,10000.0,57.0,2.0,1930.0,1962.8807083475015
porsche,cayenne 3.6 v6 2012,nhập khẩu,suv,số tự động,xăng,2012.0,179626.7683965918,57.0,3.6,870.0,1045.3579835812586
kia,sedona 2.2 dat luxury 2019,lắp ráp trong nước,van/minivan,số tự động,dầu,2019.0,90000.0,58.0,2.2,789.0,766.9686616933179
hyundai,i10 grand 1.2 mt 2020,lắp ráp trong nước,sedan,số tay,xăng,2020.0,206000.0,104.0,1.25,230.0,243.30097849289245
kia,carnival premium 2.2d 2022,lắp ráp trong nước,van/minivan,số tự động,dầu,2022.0,87000.0,65.0,2.2,1134.0,1108.9732833546032
hyundai,santafe cao cấp 2.5l htrac 2023,lắp ráp trong nước,suv,số tự động,xăng,2023.0,20000.0,61.0,2.5,1160.0,1131.4081118668773
ford,ranger xls 2.2l 4x2 at 2020,nhập khẩu,bán tải / pickup,số tự động,dầu,2020.0,40000.0,57.0,2.2,545.0,536.3911852573676
mazda,2 luxury 2019,nhập khẩu,sedan,số tự động,xăng,2019.0,59236.0,57.0,1.5,365.0,387.0620258500376
hyundai,tucson 2.0 at crdi đặc biệt 2023,lắp ráp trong nước,crossover,số tự động,dầu,2023.0,30000.0,57.0,2.0,865.0,861.310991401868
mercedes,benz e class e200 exclusive 2021,lắp ráp trong nước,sedan,số tự động,xăng,2021.0,54000.0,57.0,2.0,1450.0,1463.6529669022304
peugeot,3008 allure 2025,lắp ráp trong nước,crossover,số tự động,xăng,2025.0,1600.0,57.0,1.6,819.0,819.9568908426536
ford,focus sport 1.5l 2018,lắp ráp trong nước,hatchback,số tự động,xăng,2018.0,70000.0,95.0,1.5,440.0,431.79252378566525
audi,a7 3.0 tfsi 2011,nhập khẩu,sedan,số tự động,xăng,2011.0,179626.7683965918,57.0,3.0,610.0,576.7466426751753
lexus,gx 460 2010,nhập khẩu,suv,số tự động,xăng,2010.0,16000.0,60.0,4.6,1254.0,1210.4966559639968
ford,everest titanium plus 2.0l 4x4 at 2023,nhập khẩu,suv,số tự động,dầu,2023.0,20000.0,57.0,2.0,1386.0,1367.9358352689978
ford,ecosport titanium 1.5l at 2017,lắp ráp trong nước,suv,số tự động,xăng,2017.0,89000.0,67.0,1.5,325.0,347.43136052339025
ford,everest titanium 2.0l 4x2 at 2023,nhập khẩu,suv,số tự động,dầu,2023.0,179626.7683965918,58.0,2.0,1195.0,1174.054269333417
mazda,cx5 2.5 at 2wd 2019,lắp ráp trong nước,suv,số tự động,xăng,2019.0,73000.0,58.0,2.5,599.0,636.797011342215
landrover,range rover velar r,nhập khẩu,suv,số tự động,xăng,2019.0,85000.0,76.0,2.0,2000.0,1975.1368195754453
toyota,camry 2.5q 2018,lắp ráp trong nước,sedan,số tự động,xăng,2018.0,83000.0,57.0,2.5,720.0,702.217514061346
toyota,camry 2.0e 2016,lắp ráp trong nước,sedan,số tự động,xăng,2016.0,120000.0,57.0,2.0,450.0,524.6246687200987
kia,morning lx 1.0 mt 2011,nhập khẩu,hatchback,số tay,xăng,2011.0,100000.0,64.0,1.0,112.0,114.84285339875495
kia,cerato 1.6 at luxury 2021,lắp ráp trong nước,sedan,số tự động,xăng,2021.0,70000.0,57.0,1.6,475.0,494.67955435985317
landrover,range rover hse 3.0 2015,nhập khẩu,suv,số tự động,xăng,2015.0,45000.0,57.0,3.0,2050.0,2195.907056003436
toyota,corolla cross 1.8v 2022,nhập khẩu,suv,số tự động,xăng,2022.0,20000.0,58.0,1.8,725.0,722.2249613251025
ford,everest titanium 2.2l 4x2 at 2018,nhập khẩu,suv,số tự động,dầu,2018.0,65800.0,57.0,2.2,830.0,712.1395171912056
vinfast,vf8 eco 2024,lắp ráp trong nước,suv,số tự động,điện,2024.0,31.0,58.0,0.2,845.0,866.7915424210673
ford,everest titanium 2.0l 4x2 at 2025,nhập khẩu,suv,số tự động,dầu,2025.0,6000.0,57.0,2.0,1300.0,1326.4199183877508
mazda,3 1.5l sport premium 2022,lắp ráp trong nước,hatchback,số tự động,xăng,2022.0,50000.0,65.0,1.5,579.0,574.5043337034357
mercedes,benz e class e400 amg cabriolet 2015,nhập khẩu,convertible/cabriolet,số tự động,xăng,2015.0,179626.7683965918,57.0,3.0,1280.0,1320.9580276287938
kia,sonet premium 1.5 at 2023,lắp ráp trong nước,crossover,số tự động,xăng,2023.0,14000.0,59.0,1.5,560.0,566.1992438164684
vinfast,vf8 plus awd 2023,lắp ráp trong nước,suv,số tự động,điện,2023.0,110000.0,57.0,2.097755539082448,630.0,826.3095001837378
kia,k5 premium 2.0 at 2024,lắp ráp trong nước,sedan,số tự động,xăng,2024.0,10000.0,57.0,2.0,793.0,788.3484634959866
honda,crv 2.4 at 2015,lắp ráp trong nước,suv,số tự động,xăng,2015.0,70000.0,62.0,2.4,475.0,496.3208721544699
mercedes,benz glc 200 2021,lắp ráp trong nước,suv,số tự động,xăng,2021.0,27000.0,57.0,2.0,1290.0,1268.4470766009326
lexus,rx 350 awd 2014,nhập khẩu,suv,số tự động,xăng,2014.0,104000.0,57.0,3.5,1250.0,1220.370546150525
hyundai,tucson 2.0 ath 2019,lắp ráp trong nước,crossover,số tự động,xăng,2019.0,89000.0,57.0,2.0,615.0,640.2280858712963
mazda,3 1.5 at 2015,lắp ráp trong nước,sedan,số tự động,xăng,2015.0,90000.0,96.0,1.5,330.0,340.9883616768621
mazda,3 1.5l luxury 2023,lắp ráp trong nước,sedan,số tự động,xăng,2023.0,22000.0,57.0,1.5,588.0,578.1364071963927
mercedes,benz glc 300 4matic 2020,lắp ráp trong nước,suv,số tự động,xăng,2020.0,60000.0,59.0,2.0,1380.0,1475.1201541869068
mercedes,benz c class c200 2019,lắp ráp trong nước,sedan,số tự động,xăng,2019.0,75000.0,59.0,1.5,839.0,809.0076842870036
mazda,cx5 deluxe 2.0 at 2022,lắp ráp trong nước,suv,số tự động,xăng,2022.0,65000.0,62.0,2.0,665.0,649.7178675040466
mitsubishi,xpander 1.5 mt 2022,lắp ráp trong nước,suv,số tay,xăng,2022.0,179626.7683965918,59.0,1.5,465.0,404.98322265264756
toyota,innova 2.0e 2019,lắp ráp trong nước,crossover,số tay,xăng,2019.0,98000.0,58.0,2.0,429.0,436.9773706387879
ford,everest titanium plus 2.0l 4x4 at 2023,nhập khẩu,suv,số tự động,dầu,2023.0,50000.0,57.0,2.0,1310.0,1369.1287571256944
ford,ranger wildtrak 2.0l 4x4 at 2021,lắp ráp trong nước,bán tải / pickup,số tự động,dầu,2021.0,59000.0,57.0,2.0,695.0,628.5638643161576
peugeot,2008 gt line 1.2 at 2022,lắp ráp trong nước,crossover,số tự động,xăng,2022.0,40000.0,59.0,1.2,640.0,629.44925602337
hyundai,tucson 2.0 ath 2019,lắp ráp trong nước,crossover,số tự động,xăng,2019.0,90000.0,59.0,2.0,675.0,640.7087532152859
lexus,gx 460 2010,nhập khẩu,suv,số tự động,xăng,2010.0,100000.0,57.0,4.6,1230.0,1206.8196747801683
toyota,raize g 1.0 cvt 2024,nhập khẩu,suv,số tự động,xăng,2024.0,7000.0,58.0,1.0,520.0,504.9164496653374
mercedes,benz cla class cla 250 4matic 2014,nhập khẩu,sedan,số tự động,xăng,2014.0,75000.0,57.0,2.0,499.0,563.4448551705777
audi,q3 35 tfsi advanced black edition 2024,nhập khẩu,crossover,số tự động,xăng,2024.0,3900.0,57.0,1.4,1739.0,1707.8304558986813
toyota,camry le 2.4 2007,nhập khẩu,sedan,số tự động,xăng,2007.0,8.0,57.0,2.4,279.0,295.5652055826094
kia,carnival signature 2.2d 2022,lắp ráp trong nước,van/minivan,số tự động,dầu,2022.0,32000.0,57.0,2.2,1235.0,1202.1959251092314
mercedes,benz c class c300 amg 2019,lắp ráp trong nước,sedan,số tự động,xăng,2019.0,80000.0,57.0,2.0,939.0,1005.7926544425679
hyundai,santafe premium 2.2l htrac 2020,lắp ráp trong nước,suv,số tự động,dầu,2020.0,62988.0,58.0,2.2,858.0,870.0577910121485
bmw,1 series 118i 2018,nhập khẩu,hatchback,số tự động,xăng,2018.0,70000.0,57.0,1.5,629.0,632.5335612942729
toyota,raize g 1.0 cvt 2021,nhập khẩu,suv,số tự động,xăng,2021.0,179626.7683965918,57.0,1.0,450.0,431.8637347193529
mitsubishi,xpander 1.5 mt 2021,nhập khẩu,suv,số tay,xăng,2021.0,179626.7683965918,91.0,1.5,425.0,421.1898112264523
ford,territory titanium x 1.5 at 2024,lắp ráp trong nước,suv,số tự động,xăng,2024.0,20000.0,57.0,1.5,839.0,830.8405696875005
honda,civic 2.0 at 2007,lắp ráp trong nước,sedan,số tự động,xăng,2007.0,180000.0,104.0,2.0,200.0,178.7055096757869
vinfast,vf8 plus 2022,lắp ráp trong nước,suv,số tự động,điện,2022.0,32000.0,75.0,0.2,750.0,742.6606259234783
toyota,corolla altis 1.8e at 2017,lắp ráp trong nước,sedan,số tự động,xăng,2017.0,140000.0,58.0,1.8,448.0,456.48763615697237
lexus,gx 460 2009,nhập khẩu,suv,số tự động,xăng,2009.0,210123.0,60.0,4.6,1050.0,1140.3426205264132
mercedes,benz glc 300 4matic 2021,lắp ráp trong nước,suv,số tự động,xăng,2021.0,30000.0,57.0,2.0,1579.0,1593.9971063221496
toyota,fortuner 2.7v 4x2 at trd 2019,lắp ráp trong nước,suv,số tự động,xăng,2019.0,79000.0,99.0,2.7,725.0,753.1778754721807
mitsubishi,xpander premium 1.5 at 2024,nhập khẩu,suv,số tự động,xăng,2024.0,7500.0,67.0,1.5,585.0,593.2046260449606
toyota,fortuner 2.5g 2010,lắp ráp trong nước,suv,số tay,dầu,2010.0,125000.0,58.0,2.5,368.0,376.36790205071736
mazda,3 s 1.6 at 2014,lắp ráp trong nước,sedan,số tự động,xăng,2014.0,80000.0,94.0,1.6,260.0,284.82156866200717
landrover,range rover evoque hse dynamic 2015,nhập khẩu,suv,số tự động,xăng,2015.0,57000.0,57.0,2.0,799.0,837.4884945596411
ford,ranger xlt 2.2l 4x4 mt 2014,nhập khẩu,bán tải / pickup,số tay,dầu,2014.0,141000.0,57.0,2.2,310.0,261.23832858833555
honda,civic 2.0 at 2016,lắp ráp trong nước,sedan,số tự động,xăng,2016.0,78000.0,57.0,2.0,385.0,368.5495890416955
bmw,x1 sdrive18i 2011,nhập khẩu,suv,số tự động,xăng,2011.0,123.0,102.0,2.0,268.0,618.9866435306683
toyota,vios e 1.5 mt 2023,lắp ráp trong nước,sedan,số tay,xăng,2023.0,66000.0,94.0,1.5,380.0,387.26275822870366
peugeot,3008 gt 2022,lắp ráp trong nước,crossover,số tự động,xăng,2022.0,45000.0,68.0,1.6,795.0,829.4130311415681
hyundai,tucson 1.6 at turbo 2019,lắp ráp trong nước,crossover,số tự động,xăng,2019.0,57000.0,57.0,1.6,645.0,647.2048709610408
kia,carnival signature 2.2d 2024,lắp ráp trong nước,van/minivan,số tự động,dầu,2024.0,40000.0,57.0,2.2,1399.0,1466.1614452830252
toyota,raize g 1.0 cvt 2022,nhập khẩu,suv,số tự động,xăng,2022.0,45.0,57.0,1.0,445.0,470.8256706367433
toyota,vios 1.5g 2019,lắp ráp trong nước,sedan,số tự động,xăng,2019.0,87000.0,104.0,1.5,379.0,371.5067976935549
ford,ecosport titanium 1.0 ecoboost 2019,lắp ráp trong nước,suv,số tự động,xăng,2019.0,50000.0,57.0,1.0,385.0,419.21801013384203
vinfast,vf8 plus 2024,lắp ráp trong nước,suv,số tự động,điện,2024.0,20000.0,57.0,0.2,896.0,934.6346620969529
lexus,es 350 2015,nhập khẩu,sedan,số tự động,xăng,2015.0,110000.0,57.0,3.5,950.0,1047.8390261372758
volkswagen,viloran luxury 2024,nhập khẩu,van/minivan,số tự động,xăng,2024.0,27000.0,58.0,2.0,2080.0,2130.308227411032
mitsubishi,pajero sport d 4x2 mt 2017,lắp ráp trong nước,suv,số tay,dầu,2017.0,87000.0,57.0,2.5,410.0,382.67114150566124
mazda,3 1.5l deluxe 2023,lắp ráp trong nước,sedan,số tự động,xăng,2023.0,22000.0,58.0,1.5,559.0,550.1099706938242
toyota,vios 1.5e 2018,lắp ráp trong nước,sedan,số tay,xăng,2018.0,179626.7683965918,58.0,1.5,268.0,269.841200953114
hyundai,i10 1.2 at 2022,lắp ráp trong nước,hatchback,số tự động,xăng,2022.0,179626.7683965918,58.0,1.25,385.0,359.1662518663063
hyundai,accent 1.4 at 2023,lắp ráp trong nước,sedan,số tự động,xăng,2023.0,18000.0,67.0,1.4,450.0,446.7888500219303
mini,cooper s 5dr 2019,nhập khẩu,hatchback,số tự động,xăng,2019.0,26000.0,57.0,2.0,1380.0,1363.2848963497281
hyundai,tucson 2.0 at đặc biệt 2022,lắp ráp trong nước,crossover,số tự động,xăng,2022.0,179626.7683965918,68.0,2.0,735.0,729.756883882076
hyundai,tucson 1.6 at turbo htrac đặc biệt 2024,lắp ráp trong nước,crossover,số tự động,xăng,2024.0,32000.0,58.0,1.6,919.0,939.5457497845653
mercedes,benz e class e300 amg 2017,lắp ráp trong nước,sedan,số tự động,xăng,2017.0,62000.0,62.0,2.0,1060.0,1068.551877997671
mazda,cx5 2.5 at 2wd 2018,lắp ráp trong nước,suv,số tự động,xăng,2018.0,96000.0,57.0,2.5,605.0,580.7372277562438
kia,carnival signature 2.2d 2022,lắp ráp trong nước,van/minivan,số tự động,dầu,2022.0,20000.0,57.0,2.2,1175.0,1201.2030055736498
mitsubishi,outlander 2.0 cvt 2020,lắp ráp trong nước,suv,số tự động,xăng,2020.0,69000.0,91.0,2.0,635.0,599.4331019502076
honda,city 1.5 at 2016,lắp ráp trong nước,sedan,số tự động,xăng,2016.0,80000.0,57.0,1.5,325.0,317.45670822963586
mazda,3 1.5l luxury 2023,lắp ráp trong nước,sedan,số tự động,xăng,2023.0,40000.0,78.0,1.5,585.0,580.437008126879
bmw,3 series 320i 2014,nhập khẩu,sedan,số tự động,xăng,2014.0,179626.7683965918,60.0,2.0,448.0,432.5425562596964
honda,city 1.5 2019,lắp ráp trong nước,sedan,số tự động,xăng,2019.0,120000.0,57.0,1.5,399.0,368.24356131744094
bmw,5 series 520i 2016,nhập khẩu,sedan,số tự động,xăng,2016.0,100000.0,62.0,2.0,669.0,710.0587341871073
mercedes,benz glc 300 4matic 2017,lắp ráp trong nước,suv,số tự động,xăng,2017.0,50000.0,57.0,2.0,1050.0,930.1579973178225
vinfast,vf3 plus 2024,lắp ráp trong nước,hatchback,số tự động,điện,2024.0,15000.0,57.0,2.097755539082448,235.0,231.3953684939396
kia,cerato 1.6 at deluxe 2019,lắp ráp trong nước,sedan,số tự động,xăng,2019.0,73000.0,57.0,1.6,435.0,417.72522801543727
toyota,prado txl 2.7l 2015,nhập khẩu,suv,số tự động,xăng,2015.0,150000.0,57.0,2.7,1180.0,1072.1870150568293
kia,morning si at 2016,lắp ráp trong nước,hatchback,số tự động,xăng,2016.0,90000.0,59.0,1.25,255.0,253.27621174689952
ford,ranger xls 2.2l 4x2 mt 2015,nhập khẩu,bán tải / pickup,số tay,dầu,2015.0,150000.0,57.0,2.2,295.0,314.61715849401224
landrover,range rover hse 3.0 2014,nhập khẩu,suv,số tự động,xăng,2014.0,70000.0,57.0,3.0,2100.0,2044.8955138645147
vinfast,vf5 s 2024,lắp ráp trong nước,suv,số tự động,điện,2024.0,8000.0,93.0,2.097755539082448,569.0,438.8813636332
toyota,corolla altis 1.8g at 2011,lắp ráp trong nước,sedan,số tự động,xăng,2011.0,180000.0,62.0,1.8,290.0,313.3070438170807
toyota,yaris 1.5g 2016,nhập khẩu,hatchback,số tự động,xăng,2016.0,36000.0,59.0,1.5,383.0,379.9246139859767
toyota,raize g 1.0 cvt 2024,nhập khẩu,suv,số tự động,xăng,2024.0,8500.0,57.0,1.0,498.0,504.63657265625034
lexus,rx 450h 2012,nhập khẩu,suv,số tự động,hybrid,2012.0,193000.0,58.0,3.5,1150.0,1106.3977670975305
toyota,camry 2.5q 2016,lắp ráp trong nước,sedan,số tự động,xăng,2016.0,82000.0,57.0,2.5,615.0,617.8127671948884
toyota,vios 1.5e 2016,lắp ráp trong nước,sedan,số tay,xăng,2016.0,93000.0,71.0,1.5,229.0,237.26660193288598
kia,k3 2.0 at 2014,lắp ráp trong nước,sedan,số tự động,xăng,2014.0,100000.0,106.0,2.0,349.0,307.3320244937778
volkswagen,teramont x platinum 2.0 at 2025,nhập khẩu,suv,số tự động,xăng,2025.0,3900.0,57.0,2.0,2089.0,2005.7849426202758
suzuki,ertiga glx 1.5 at 2019,nhập khẩu,suv,số tự động,xăng,2019.0,92000.0,62.0,1.5,365.0,371.09973401709345
kia,carnival signature 2.2d 2022,lắp ráp trong nước,van/minivan,số tự động,dầu,2022.0,57000.0,95.0,2.2,1165.0,1183.6395083049704
kia,sorento dath 2017,lắp ráp trong nước,suv,số tự động,dầu,2017.0,115000.0,57.0,2.2,570.0,546.897063445429
mercedes,benz e class e300 amg 2021,lắp ráp trong nước,sedan,số tự động,xăng,2021.0,20000.0,61.0,2.0,1799.0,1752.9617084591475
ford,ecosport titanium 1.5l at 2016,lắp ráp trong nước,suv,số tự động,xăng,2016.0,92000.0,57.0,1.5,315.0,312.75851529758256
toyota,wigo 1.2 at 2021,nhập khẩu,hatchback,số tự động,xăng,2021.0,44557.0,57.0,1.2,355.0,318.01157357684895
honda,city rs 1.5 at 2021,lắp ráp trong nước,sedan,số tự động,xăng,2021.0,100000.0,85.0,1.5,438.0,443.9518224223338
mercedes,benz e class e300 amg 2017,lắp ráp trong nước,sedan,số tự động,xăng,2017.0,60000.0,57.0,2.0,970.0,1067.716571001069
vinfast,vf3 plus 2024,lắp ráp trong nước,hatchback,số tự động,điện,2024.0,10012.0,57.0,2.097755539082448,229.0,231.2384617596709
hyundai,tucson 2.0 at crdi 2020,lắp ráp trong nước,crossover,số tự động,dầu,2020.0,78000.0,57.0,2.0,695.0,696.2020679734642
mercedes,benz glc 300 4matic 2021,lắp ráp trong nước,suv,số tự động,xăng,2021.0,42000.0,57.0,2.0,1655.0,1593.1583382978124
honda,crv l 2019,nhập khẩu,suv,số tự động,xăng,2019.0,179626.7683965918,59.0,1.5,750.0,728.3918421593471
bmw,7 series 730li 2013,nhập khẩu,sedan,số tự động,xăng,2013.0,46871.0,78.0,3.0,768.0,727.334074821795
hyundai,kona 2.0 ath 2020,lắp ráp trong nước,crossover,số tự động,xăng,2020.0,70000.0,57.0,2.0,495.0,482.73393367959795
hyundai,santafe calligraphy 2.5l turbo htrac 2024,lắp ráp trong nước,suv,số tự động,xăng,2024.0,10000.0,57.0,2.5,1220.0,1223.0755841910168
kia,seltos premium 1.4 at 2020,lắp ráp trong nước,crossover,số tự động,xăng,2020.0,80000.0,57.0,1.4,575.0,558.1966518439018
honda,city 1.5 2018,lắp ráp trong nước,sedan,số tự động,xăng,2018.0,72679.0,57.0,1.5,350.0,351.4620400419536
honda,city 1.5top 2019,lắp ráp trong nước,sedan,số tự động,xăng,2019.0,179626.7683965918,100.0,1.5,355.0,367.54955290170653
kia,k3 premium 2.0 at 2022,lắp ráp trong nước,sedan,số tự động,xăng,2022.0,40000.0,66.0,2.0,525.0,549.5281959454757
honda,crv 2.4 at,lắp ráp trong nước,suv,số tự động,xăng,2016.0,110000.0,57.0,2.4,2016.0,1927.6844852933568
mazda,3 1.5 at 2017,lắp ráp trong nước,sedan,số tự động,xăng,2017.0,110000.0,58.0,1.5,375.0,381.89548733964915
toyota,venza 3.5 awd 2009,nhập khẩu,crossover,số tự động,xăng,2009.0,105000.0,58.0,3.5,450.0,461.36899109527405
suzuki,swift glx 1.2 at 2020,nhập khẩu,hatchback,số tự động,xăng,2020.0,52000.0,57.0,1.2,425.0,432.92540341083463
mazda,2 1.5 at 2017,lắp ráp trong nước,sedan,số tự động,xăng,2017.0,85000.0,71.0,1.5,340.0,332.5539556229829
ford,everest titanium 2.0l 4x2 at 2020,nhập khẩu,suv,số tự động,dầu,2020.0,80000.0,57.0,2.0,845.0,851.7698223724789
ford,everest titanium 2.0l 4x4 at 2020,nhập khẩu,suv,số tự động,dầu,2020.0,79000.0,57.0,2.0,950.0,890.1336720795955
ford,everest titanium plus 2.0l 4x4 at 2022,nhập khẩu,suv,số tự động,dầu,2022.0,29900.0,70.0,2.0,1288.0,1297.9772195696248
mitsubishi,xpander 1.5 at 2023,nhập khẩu,suv,số tự động,xăng,2023.0,42000.0,91.0,1.5,489.0,487.27130774097003
mercedes,benz e class e400 amg cabriolet 2015,nhập khẩu,convertible/cabriolet,số tự động,xăng,2015.0,70000.0,65.0,3.0,1290.0,1357.2055705566336
honda,crv l 2025,lắp ráp trong nước,suv,số tự động,xăng,2025.0,10000.0,57.0,1.5,1090.0,1077.3229760236775
ford,ranger xls 2.0l 4x2 at 2024,lắp ráp trong nước,bán tải / pickup,số tự động,dầu,2024.0,53000.0,74.0,2.0,663.0,667.4231244780624
ford,explorer limited 2.3l ecoboost 2019,nhập khẩu,suv,số tự động,xăng,2019.0,72000.0,65.0,2.3,1086.0,1046.1507240376518
mercedes,benz glb 200 amg 2022,nhập khẩu,suv,số tự động,xăng,2022.0,179626.7683965918,63.0,1.3,1259.0,1207.5082940714929
kia,morning deluxe 2021,lắp ráp trong nước,hatchback,số tự động,xăng,2021.0,40000.0,57.0,1.25,305.0,310.8035678937691
kia,soluto 1.4 mt deluxe 2020,lắp ráp trong nước,sedan,số tay,xăng,2020.0,17000.0,57.0,1.4,288.0,272.7590351074664
bmw,3 series 320i 2015,nhập khẩu,sedan,số tự động,xăng,2015.0,110000.0,57.0,2.0,499.0,510.06212890049005
ford,ranger wildtrak 2.0l 4x2 at 2019,nhập khẩu,bán tải / pickup,số tự động,dầu,2019.0,96000.0,97.0,2.0,555.0,568.916575158721
vinfast,vf8 eco awd 2023,lắp ráp trong nước,suv,số tự động,điện,2023.0,43000.0,57.0,2.097755539082448,680.0,714.0289434793001
kia,carnival signature 2.2d 2021,lắp ráp trong nước,van/minivan,số tự động,dầu,2021.0,76000.0,57.0,2.2,1099.0,1142.022897433593
kia,carnival signature 2.2d 2022,lắp ráp trong nước,van/minivan,số tự động,dầu,2022.0,50000.0,57.0,2.2,1190.0,1202.581387051794
suzuki,swift glx 1.2 at 2019,nhập khẩu,hatchback,số tự động,xăng,2019.0,50000.0,57.0,1.2,415.0,399.7102549215712
mazda,2 1.5 at 2018,lắp ráp trong nước,hatchback,số tự động,xăng,2018.0,82000.0,61.0,1.5,350.0,350.3731581672919
hyundai,tucson 2.0 at 2018,lắp ráp trong nước,crossover,số tự động,xăng,2018.0,68000.0,63.0,2.0,555.0,554.6167213494844
honda,crv l 2021,lắp ráp trong nước,suv,số tự động,xăng,2021.0,37000.0,61.0,1.5,860.0,828.7058064204048
kia,morning lx 1.0 at 2007,nhập khẩu,hatchback,số tự động,xăng,2007.0,179626.7683965918,72.0,1.0,109.0,102.45514452755101
toyota,corolla altis 1.8g at 2011,lắp ráp trong nước,sedan,số tự động,xăng,2011.0,130000.0,57.0,1.8,355.0,318.69687993902005
mercedes,benz glc 300 4matic 2021,lắp ráp trong nước,suv,số tự động,xăng,2021.0,52000.0,58.0,2.0,1488.0,1592.902928285807
mazda,cx5 luxury 2.0 at 2023,lắp ráp trong nước,suv,số tự động,xăng,2023.0,20000.0,58.0,2.0,750.0,715.0803873377824
mitsubishi,xpander 1.5 at 2019,nhập khẩu,suv,số tự động,xăng,2019.0,79000.0,66.0,1.5,435.0,447.103708816475
hyundai,accent 1.4 at 2019,lắp ráp trong nước,sedan,số tự động,xăng,2019.0,77000.0,57.0,1.4,340.0,361.898499533478
kia,sedona 2.2 dat luxury 2020,lắp ráp trong nước,van/minivan,số tự động,dầu,2020.0,87000.0,57.0,2.2,830.0,788.252761466341
honda,crv l 2020,lắp ráp trong nước,suv,số tự động,xăng,2020.0,67000.0,57.0,1.5,815.0,758.6802969156115
honda,hrv l 2018,nhập khẩu,crossover,số tự động,xăng,2018.0,79000.0,57.0,1.8,520.0,524.8397134260525
mercedes,benz glc 300 4matic 2018,lắp ráp trong nước,suv,số tự động,xăng,2018.0,33000.0,64.0,2.0,1038.0,1035.8547279099948
ford,ranger xls 2.2l 4x2 at 2021,nhập khẩu,bán tải / pickup,số tự động,dầu,2021.0,80000.0,57.0,2.2,539.0,569.2204658541428
toyota,raize g 1.0 cvt 2024,nhập khẩu,suv,số tự động,xăng,2024.0,6300.0,61.0,1.0,490.0,505.77695359345023
kia,sportage premium 2.0g 2024,lắp ráp trong nước,crossover,số tự động,xăng,2024.0,2900.0,74.0,2.0,825.0,822.7329187562933
hyundai,avante 1.6 mt 2012,lắp ráp trong nước,sedan,số tay,xăng,2012.0,179626.7683965918,68.0,1.6,195.0,200.96099863376378
kia,seltos premium 1.4 at 2023,lắp ráp trong nước,crossover,số tự động,xăng,2023.0,13000.0,82.0,1.4,665.0,650.948731309933
mercedes,benz e class e200 exclusive 2022,lắp ráp trong nước,sedan,số tự động,hybrid,2022.0,28000.0,57.0,2.0,1699.0,1774.7803438316548
mazda,6 2.0 at 2015,lắp ráp trong nước,sedan,số tự động,xăng,2015.0,179626.7683965918,100.0,2.0,340.0,349.23529318562976
kia,carens s sx 2.0 at 2015,lắp ráp trong nước,crossover,số tự động,xăng,2015.0,140000.0,103.0,2.0,305.0,215.96099698707297
chevrolet,cruze ltz 1.8 at 2014,lắp ráp trong nước,sedan,số tự động,xăng,2014.0,89000.0,57.0,1.8,250.0,188.42446398426978
mercedes,benz s class s400l 2015,lắp ráp trong nước,sedan,số tự động,xăng,2015.0,80000.0,84.0,3.0,1050.0,1199.0977421146852
peugeot,3008 at 2022,lắp ráp trong nước,crossover,số tự động,xăng,2022.0,40000.0,90.0,1.6,725.0,749.8056527191966
mitsubishi,outlander 2.0 cvt premium 2020,lắp ráp trong nước,suv,số tự động,xăng,2020.0,69000.0,57.0,2.0,635.0,662.2237576832972
toyota,avanza premio 1.5 at 2023,lắp ráp trong nước,suv,số tự động,xăng,2023.0,179626.7683965918,105.0,1.5,479.0,463.3796866648108
toyota,vios g 1.5 cvt 2023,lắp ráp trong nước,sedan,số tự động,xăng,2023.0,62000.0,57.0,1.5,455.0,483.4607102941587
ford,territory titanium 1.5 at 2024,lắp ráp trong nước,suv,số tự động,xăng,2024.0,38000.0,57.0,1.5,800.0,808.2954017337179
toyota,innova 2.0v 2016,lắp ráp trong nước,crossover,số tự động,xăng,2016.0,89000.0,58.0,2.0,458.0,427.06830488302614
mazda,cx5 premium 2.0 at 2023,lắp ráp trong nước,suv,số tự động,xăng,2023.0,23000.0,57.0,2.0,739.0,747.2094731854686
toyota,innova 2.0e 2015,lắp ráp trong nước,crossover,số tay,xăng,2015.0,179626.7683965918,104.0,2.0,289.0,273.1556876820111
volkswagen,viloran luxury 2024,nhập khẩu,van/minivan,số tự động,xăng,2024.0,13000.0,62.0,2.0,2190.0,2130.218929004068
kia,cerato 2.0 at premium 2021,lắp ráp trong nước,sedan,số tự động,xăng,2021.0,72000.0,58.0,2.0,432.0,488.2425723608601
mercedes,benz glc 300 4matic 2021,lắp ráp trong nước,suv,số tự động,xăng,2021.0,40000.0,58.0,2.0,1590.0,1594.3743214657475
mercedes,benz c class c250 exclusive 2016,lắp ráp trong nước,sedan,số tự động,xăng,2016.0,35000.0,100.0,2.0,696.0,631.232379953068
vinfast,fadil 1.4 at 2021,lắp ráp trong nước,hatchback,số tự động,xăng,2021.0,40000.0,59.0,1.4,300.0,306.8435346654892
kia,cerato 1.6 at luxury 2020,lắp ráp trong nước,sedan,số tự động,xăng,2020.0,63000.0,57.0,1.6,458.0,463.7964630851258
toyota,sienna limited 3.5 awd 2013,nhập khẩu,van/minivan,số tự động,xăng,2013.0,170000.0,57.0,3.5,965.0,1003.5860418490029
vinfast,vf5 plus 2025,lắp ráp trong nước,suv,số tự động,điện,2025.0,24000.0,57.0,2.097755539082448,455.0,456.03323092855805
ford,everest 2.5l 4x2 mt 2010,lắp ráp trong nước,suv,số tay,dầu,2010.0,179626.7683965918,92.0,2.5,215.0,236.05269321019222
volvo,xc60 inscription 2018,nhập khẩu,suv,số tự động,xăng,2018.0,179626.7683965918,61.0,2.0,1230.0,1195.455931608305
mercedes,benz r class r300 2011,nhập khẩu,crossover,số tự động,xăng,2011.0,88000.0,57.0,3.0,480.0,576.9524148030431
kia,sedona 2.2 dat luxury 2020,lắp ráp trong nước,van/minivan,số tự động,dầu,2020.0,90000.0,57.0,2.2,799.0,787.8432391366409
suzuki,vitara 1.6 at 2016,nhập khẩu,suv,số tự động,xăng,2016.0,60000.0,57.0,1.6,400.0,387.7537732637345
toyota,corolla altis 1.8g at 2012,lắp ráp trong nước,sedan,số tự động,xăng,2012.0,125000.0,57.0,1.8,345.0,249.9398165853207
ford,ranger wildtrak 2.0l 4x4 at 2023,lắp ráp trong nước,bán tải / pickup,số tự động,dầu,2023.0,39000.0,62.0,2.0,830.0,850.6789401333247
mazda,3 1.5l luxury 2021,lắp ráp trong nước,sedan,số tự động,xăng,2021.0,51000.0,57.0,1.5,525.0,518.496821263946
honda,crv 2.4 at 2015,lắp ráp trong nước,suv,số tự động,xăng,2015.0,80000.0,57.0,2.4,469.0,494.737971384594
toyota,fortuner 2.4g 4x2 mt 2017,nhập khẩu,suv,số tay,dầu,2017.0,98000.0,58.0,2.4,690.0,643.0738377398129
bmw,7 series 730li 2016,nhập khẩu,sedan,số tự động,xăng,2016.0,90000.0,58.0,2.0,1379.0,1336.7536643212488
porsche,macan 2.0 2019,nhập khẩu,suv,số tự động,xăng,2019.0,9000.0,57.0,2.0,2160.0,2284.791051056742
mercedes,benz glc 200 2022,lắp ráp trong nước,suv,số tự động,xăng,2022.0,40000.0,57.0,2.0,1460.0,1377.8215130571575
toyota,yaris 1.5g 2019,nhập khẩu,hatchback,số tự động,xăng,2019.0,49000.0,58.0,1.5,465.0,459.007738189795
mercedes,benz glc 200 2022,lắp ráp trong nước,suv,số tự động,xăng,2022.0,39000.0,61.0,2.0,1388.0,1380.484692414455
hyundai,santafe cao cấp 2.2l htrac 2022,lắp ráp trong nước,suv,số tự động,dầu,2022.0,38000.0,57.0,2.2,1135.0,1134.1349995544049
mercedes,benz c class c180 2020,lắp ráp trong nước,sedan,số tự động,xăng,2020.0,70000.0,57.0,1.5,820.0,809.6014559046769
suzuki,celerio 1.0 mt 2019,nhập khẩu,hatchback,số tay,xăng,2019.0,118000.0,58.0,1.0,199.0,210.6293075152877
mazda,2 1.5 at 2016,lắp ráp trong nước,sedan,số tự động,xăng,2016.0,73000.0,62.0,1.5,325.0,291.750879450016
hyundai,accent 1.4 at đặc biệt 2022,lắp ráp trong nước,sedan,số tự động,xăng,2022.0,69000.0,58.0,1.4,423.0,442.1322288840157
toyota,prado txl 2.7l 2015,nhập khẩu,suv,số tự động,xăng,2015.0,150000.0,57.0,2.7,1180.0,1072.1870150568293
ford,ecosport titanium 1.5l at 2019,lắp ráp trong nước,suv,số tự động,xăng,2019.0,84000.0,57.0,1.5,379.0,405.80417198419434
hyundai,santafe premium 2.2l htrac 2019,lắp ráp trong nước,suv,số tự động,dầu,2019.0,100000.0,67.0,2.2,829.0,814.1793134375511
toyota,raize g 1.0 cvt 2024,nhập khẩu,suv,số tự động,xăng,2024.0,2899.0,100.0,1.0,505.0,500.54988429359213
hyundai,accent 1.4 at đặc biệt 2021,lắp ráp trong nước,sedan,số tự động,xăng,2021.0,19000.0,57.0,1.4,425.0,432.55736166989016
volkswagen,polo 1.6 at 2016,nhập khẩu,sedan,số tự động,xăng,2016.0,179626.7683965918,74.0,1.6,275.0,303.5072438514804
mercedes,benz glc 200 4matic 2020,lắp ráp trong nước,suv,số tự động,xăng,2020.0,64000.0,57.0,2.0,1250.0,1243.0919995713848
mercedes,benz glc 200 2021,lắp ráp trong nước,suv,số tự động,xăng,2021.0,50000.0,57.0,2.0,1290.0,1266.4172899682353
mercedes,benz c class c300 amg 2022,lắp ráp trong nước,sedan,số tự động,xăng,2022.0,48000.0,89.0,2.0,1699.0,1591.4430862005372
ford,transit luxury 2019,lắp ráp trong nước,van/minivan,số tay,dầu,2019.0,179626.7683965918,72.0,2.4,450.0,487.61179744208886
lexus,rx 200t 2016,nhập khẩu,suv,số tự động,xăng,2016.0,130000.0,57.0,2.0,1690.0,1683.656739870055
toyota,camry le 2.5 2010,nhập khẩu,sedan,số tự động,xăng,2010.0,80000.0,57.0,2.5,420.0,425.1612163004811
chevrolet,cruze ls 1.6 mt 2013,lắp ráp trong nước,sedan,số tay,xăng,2013.0,98000.0,104.0,1.6,200.0,128.72505009399745
vinfast,vf3 plus 2024,lắp ráp trong nước,hatchback,số tự động,điện,2024.0,9000.0,57.0,2.097755539082448,226.0,231.20445046550327
mazda,cx8 premium 2022,lắp ráp trong nước,suv,số tự động,xăng,2022.0,40000.0,58.0,2.5,840.0,833.1539873338955
toyota,vios 1.5e mt 2018,lắp ráp trong nước,sedan,số tay,xăng,2018.0,110000.0,75.0,1.5,280.0,284.47782751908534
hyundai,i20 active 1.4 at 2015,nhập khẩu,crossover,số tự động,xăng,2015.0,110000.0,107.0,1.4,305.0,325.90526827447536
toyota,prado txl 2.7l 2010,nhập khẩu,suv,số tự động,xăng,2010.0,179626.7683965918,62.0,2.7,645.0,693.0672721026114
mazda,cx5 2.0 at 2017,lắp ráp trong nước,suv,số tự động,xăng,2017.0,80.0,60.0,2.0,505.0,507.258793256556
ford,ranger xls 2.2l 4x2 at 2014,nhập khẩu,bán tải / pickup,số tự động,dầu,2014.0,179626.7683965918,84.0,2.2,325.0,323.2855964853576
mercedes,benz s class s450l 2019,lắp ráp trong nước,sedan,số tự động,xăng,2019.0,35000.0,61.0,3.0,2250.0,2096.411119803065
mitsubishi,outlander 2.4 cvt premium 2018,lắp ráp trong nước,suv,số tự động,xăng,2018.0,80168.0,99.0,2.4,550.0,567.2082291551936
mercedes,benz c class c200 2019,lắp ráp trong nước,sedan,số tự động,xăng,2019.0,110000.0,57.0,1.5,785.0,803.4668373650765
toyota,innova 2.0e 2015,lắp ráp trong nước,crossover,số tay,xăng,2015.0,179626.7683965918,93.0,2.0,262.0,276.4992531684845
ford,ranger wildtrak 2.0l 4x4 at 2021,nhập khẩu,bán tải / pickup,số tự động,dầu,2021.0,90000.0,58.0,2.0,679.0,702.2053510186574
ford,territory titanium x 1.5 at 2023,lắp ráp trong nước,suv,số tự động,xăng,2023.0,46500.0,58.0,1.5,805.0,794.4866711483454
vinfast,vf8 eco 2024,lắp ráp trong nước,suv,số tự động,điện,2024.0,19.0,69.0,0.2,847.0,870.4990367867028
ford,everest titanium plus 2.0l 4x4 at 2024,nhập khẩu,suv,số tự động,dầu,2024.0,19000.0,58.0,2.0,1380.0,1437.0189023999228
toyota,vios 1.5g 2014,lắp ráp trong nước,sedan,số tự động,xăng,2014.0,80000.0,62.0,1.5,280.0,296.5472563971176
mg,hs 1.5t lux 2024,nhập khẩu,crossover,số tự động,xăng,2024.0,11000.0,59.0,1.5,609.0,624.1666778716576
ford,ranger xlt 2.2l 4x4 at 2019,nhập khẩu,bán tải / pickup,số tự động,dầu,2019.0,179626.7683965918,58.0,2.2,580.0,438.1044395615984
mercedes,benz e class e250 2012,lắp ráp trong nước,sedan,số tự động,xăng,2012.0,120000.0,57.0,1.8,345.0,419.36862431880894
kia,morning deluxe 2020,lắp ráp trong nước,hatchback,số tự động,xăng,2020.0,5.0,58.0,1.25,265.0,287.6351025634134
kia,k3 premium 2.0 at 2022,lắp ráp trong nước,sedan,số tự động,xăng,2022.0,45000.0,58.0,2.0,560.0,548.2507951301819
hyundai,elantra 2.0 at 2021,lắp ráp trong nước,sedan,số tự động,xăng,2021.0,30000.0,57.0,2.0,518.0,503.7226127990544
mercedes,benz c class c200 2016,lắp ráp trong nước,sedan,số tự động,xăng,2016.0,80000.0,57.0,2.0,570.0,578.2660585642524
mercedes,benz glc 300 4matic 2020,lắp ráp trong nước,suv,số tự động,xăng,2020.0,48000.0,58.0,2.0,1599.0,1476.1338838330462
toyota,vios 1.5e 2015,lắp ráp trong nước,sedan,số tay,xăng,2015.0,18000.0,69.0,1.5,225.0,202.26615861869954
honda,crv 2.0 at 2014,lắp ráp trong nước,suv,số tự động,xăng,2014.0,120000.0,57.0,2.0,440.0,460.48383932289573
mercedes,benz glc 200 4matic 2021,lắp ráp trong nước,suv,số tự động,xăng,2021.0,60000.0,57.0,2.0,1380.0,1380.57270204217
toyota,innova cross 2.0 cvt 2025,nhập khẩu,crossover,số tự động,xăng,2025.0,17000.0,57.0,2.0,855.0,866.949994752904
mercedes,benz glc 300 4matic 2021,lắp ráp trong nước,suv,số tự động,xăng,2021.0,47000.0,57.0,2.0,1599.0,1592.5788792126996
hyundai,kona 2.0 ath 2019,lắp ráp trong nước,crossover,số tự động,xăng,2019.0,31000.0,106.0,2.0,479.0,460.44945352734965
audi,q5 2.0 at 2018,nhập khẩu,suv,số tự động,xăng,2018.0,64000.0,63.0,2.0,1250.0,1289.8436718397793
gaz,gazelle next minibus 2.8 mt 2023,lắp ráp trong nước,van/minivan,số tay,dầu,2023.0,179626.7683965918,57.0,2.8,550.0,586.3581363482235
toyota,vios 1.5e mt 2018,lắp ráp trong nước,sedan,số tay,xăng,2018.0,100000.0,57.0,1.5,239.0,285.5908262295947
mercedes,benz s class s450l 2017,lắp ráp trong nước,sedan,số tự động,xăng,2017.0,60000.0,57.0,3.0,1799.0,1740.1552299332966
toyota,vios 1.5e 2018,lắp ráp trong nước,sedan,số tay,xăng,2018.0,48000.0,57.0,1.5,310.0,276.55395891050125
toyota,corolla altis 2.0v 2012,lắp ráp trong nước,sedan,số tự động,xăng,2012.0,165000.0,57.0,2.0,345.0,326.46476709404675
toyota,fortuner 2.5g 2009,lắp ráp trong nước,suv,số tay,dầu,2009.0,179626.7683965918,64.0,2.5,345.0,332.4079965346694
mercedes,benz s class s450l 2019,lắp ráp trong nước,sedan,số tự động,xăng,2019.0,62000.0,58.0,3.0,2139.0,2093.9173850114184
hyundai,i10 grand 1.0 at 2014,nhập khẩu,hatchback,số tự động,xăng,2014.0,179626.7683965918,57.0,1.0,235.0,232.69688114753905
bmw,x6 xdrive30d 2014,nhập khẩu,suv,số tự động,dầu,2014.0,177000.0,58.0,3.0,915.0,991.4999819242009
mercedes,benz glc 200 4matic 2021,lắp ráp trong nước,suv,số tự động,xăng,2021.0,20000.0,57.0,2.0,1550.0,1385.0340390196866
hyundai,creta đặc biệt 1.5 at 2022,nhập khẩu,crossover,số tự động,xăng,2022.0,179626.7683965918,67.0,1.5,568.0,567.3250965023323
audi,a4 2.0 tfsi 2016,nhập khẩu,sedan,số tự động,xăng,2016.0,16000.0,74.0,2.0,590.0,668.7785719140312
kia,sedona 2.2 dat luxury 2021,lắp ráp trong nước,van/minivan,số tự động,dầu,2021.0,100000.0,57.0,2.2,850.0,852.7453813011379
bmw,7 series 760li 2011,nhập khẩu,sedan,số tự động,xăng,2011.0,100000.0,75.0,6.0,690.0,1181.2764052767056
hyundai,tucson 1.6 at turbo 2020,lắp ráp trong nước,crossover,số tự động,xăng,2020.0,60000.0,57.0,1.6,695.0,691.3981014109897
mazda,cx8 premium 2023,lắp ráp trong nước,suv,số tự động,xăng,2023.0,54000.0,62.0,2.5,895.0,908.0309363670857
mercedes,benz glc 200 2022,lắp ráp trong nước,suv,số tự động,xăng,2022.0,59000.0,57.0,2.0,1180.0,1375.1683441366588
mazda,3 1.5l sport premium 2019,lắp ráp trong nước,hatchback,số tự động,xăng,2019.0,54836.0,57.0,1.5,520.0,509.9806722853934
landrover,range rover hse 3.0 2015,nhập khẩu,suv,số tự động,xăng,2015.0,56000.0,57.0,3.0,2250.0,2193.341775369209
hyundai,elantra 1.6 at đặc biệt 2024,lắp ráp trong nước,sedan,số tự động,xăng,2024.0,15000.0,57.0,1.6,599.0,596.104341650524
toyota,innova 2.0e 2015,lắp ráp trong nước,crossover,số tay,xăng,2015.0,179626.7683965918,97.0,2.0,280.0,275.41708518813203
hyundai,tucson 2.0 at crdi 2020,lắp ráp trong nước,crossover,số tự động,dầu,2020.0,72000.0,57.0,2.0,690.0,696.7898689358376
kia,cerato 1.6 at luxury 2019,lắp ráp trong nước,sedan,số tự động,xăng,2019.0,179626.7683965918,57.0,1.6,429.0,431.824741764057
mercedes,benz glc 200 4matic 2021,lắp ráp trong nước,suv,số tự động,xăng,2021.0,64000.0,57.0,2.0,1370.0,1379.722157801011
mitsubishi,pajero sport 2.4d 4x4 at 2022,nhập khẩu,suv,số tự động,dầu,2022.0,79000.0,57.0,2.4,968.0,983.4523440723251
chevrolet,trailblazer lt 2.5l vgt 4x2 at 2018,nhập khẩu,suv,số tự động,dầu,2018.0,170000.0,57.0,2.5,420.0,477.1683019193419
kia,sorento gat 2018,lắp ráp trong nước,suv,số tự động,xăng,2018.0,134000.0,100.0,2.4,450.0,449.1620370770336
mercedes,benz c class c200 avantgarde plus 2022,lắp ráp trong nước,sedan,số tự động,xăng,2022.0,14000.0,63.0,1.5,1339.0,1374.7499172249043
toyota,innova 2.0e 2015,lắp ráp trong nước,crossover,số tay,xăng,2015.0,10000.0,64.0,2.0,260.0,286.8249666128875
hyundai,accent 1.4 at 2023,lắp ráp trong nước,sedan,số tự động,xăng,2023.0,41000.0,57.0,1.4,435.0,445.3595094081745
honda,city rs 1.5 at 2022,lắp ráp trong nước,sedan,số tự động,xăng,2022.0,66000.0,58.0,1.5,445.0,462.96084705749
peugeot,2008 gt line 1.2 at 2022,lắp ráp trong nước,crossover,số tự động,xăng,2022.0,50000.0,75.0,1.2,629.0,629.020430217139
mazda,6 2.0 at 2014,nhập khẩu,sedan,số tự động,xăng,2014.0,110000.0,59.0,2.0,375.0,409.7672257449329
audi,tt 2.0 tfsi 2015,nhập khẩu,coupe,số tự động,xăng,2015.0,96000.0,57.0,2.0,1088.0,1101.3826232875701
toyota,veloz cross 1.5 cvt 2022,nhập khẩu,suv,số tự động,xăng,2022.0,155000.0,104.0,1.5,495.0,496.20742134429423
audi,q5 2.0 at 2010,nhập khẩu,suv,số tự động,xăng,2010.0,107000.0,58.0,2.0,399.0,378.6029549853561
kia,morning ex 2017,lắp ráp trong nước,hatchback,số tay,xăng,2017.0,179626.7683965918,58.0,1.25,115.0,147.37077276973062
mazda,6 signature premium 2.5 at 2022,lắp ráp trong nước,sedan,số tự động,xăng,2022.0,179626.7683965918,60.0,2.5,759.0,683.4651266060112
hyundai,santafe cao cấp 2.5l htrac 2023,lắp ráp trong nước,suv,số tự động,xăng,2023.0,19999.0,72.0,2.5,1160.0,1136.1497420772675
mazda,3 1.5l luxury 2022,lắp ráp trong nước,sedan,số tự động,xăng,2022.0,13000.0,57.0,1.5,570.0,551.2895903398453
toyota,innova 2.0g 2018,lắp ráp trong nước,crossover,số tự động,xăng,2018.0,123680.0,57.0,2.0,515.0,487.82266962975075
toyota,wigo 1.2 at 2021,nhập khẩu,hatchback,số tự động,xăng,2021.0,60000.0,57.0,1.2,289.0,317.70112625699153
toyota,camry 2.4g 2007,lắp ráp trong nước,sedan,số tự động,xăng,2007.0,160000.0,71.0,2.4,215.0,258.19075196682445
mg,zs standard 1.5 at 2wd 2024,nhập khẩu,crossover,số tự động,xăng,2024.0,50000.0,70.0,1.5,425.0,450.3822056274142
bmw,x5 xdrive40i 2019,nhập khẩu,suv,số tự động,xăng,2019.0,75000.0,57.0,3.0,1850.0,2104.132909998993
mazda,cx5 2.0 at 2017,lắp ráp trong nước,suv,số tự động,xăng,2017.0,72000.0,72.0,2.0,568.0,510.4041815220296
ford,everest 2.5l 4x2 at 2010,lắp ráp trong nước,suv,số tự động,dầu,2010.0,90000.0,106.0,2.5,309.0,264.1129189910978
ford,everest titanium plus 2.0l 4x4 at 2022,nhập khẩu,suv,số tự động,dầu,2022.0,30000.0,59.0,2.0,1288.0,1294.9639727015287
toyota,vios limo 2010,lắp ráp trong nước,sedan,số tay,xăng,2010.0,179626.7683965918,68.0,1.5,105.0,156.18921297889855
honda,city 1.5 at 2016,lắp ráp trong nước,sedan,số tự động,xăng,2016.0,80000.0,57.0,1.5,325.0,317.45670822963586
toyota,fortuner 2.4g 4x2 mt 2019,lắp ráp trong nước,suv,số tay,dầu,2019.0,179626.7683965918,57.0,2.4,698.0,658.4025186842885
vinfast,vf8 plus awd 2023,lắp ráp trong nước,suv,số tự động,điện,2023.0,29000.0,57.0,2.097755539082448,795.0,834.361181053921
mazda,3 1.5l luxury 2024,lắp ráp trong nước,sedan,số tự động,xăng,2024.0,32000.0,57.0,1.5,598.0,607.744186669019
nissan,x trail 2.5 sv 4wd 2017,lắp ráp trong nước,suv,số tự động,xăng,2017.0,140000.0,57.0,2.5,475.0,301.54986997662866
mercedes,benz s class s450l 2017,lắp ráp trong nước,sedan,số tự động,xăng,2017.0,80000.0,85.0,3.0,1950.0,1717.1031673633565
volvo,xc60 inscription b6 awd 2021,nhập khẩu,suv,số tự động,xăng,2021.0,75000.0,58.0,2.0,1599.0,1602.3379494545648
bmw,1 series 116i 2014,nhập khẩu,hatchback,số tự động,xăng,2014.0,55000.0,95.0,1.6,360.0,365.5272898974539
kia,carnival signature 3.5g 2023,lắp ráp trong nước,van/minivan,số tự động,xăng,2023.0,21000.0,70.0,3.5,1389.0,1267.732579813803
kia,carnival luxury 2.2d 2022,lắp ráp trong nước,van/minivan,số tự động,dầu,2022.0,50000.0,57.0,2.2,985.0,1013.7510116862087
toyota,vios g 1.5 cvt 2021,lắp ráp trong nước,sedan,số tự động,xăng,2021.0,60000.0,57.0,1.5,420.0,431.9763622635807
volvo,xc90 t6 inscription 2016,nhập khẩu,suv,số tự động,xăng,2016.0,90000.0,57.0,2.0,1390.0,1455.9718420761983
toyota,vios e cvt 2024,lắp ráp trong nước,sedan,số tự động,xăng,2024.0,26000.0,57.0,1.5,455.0,448.9356237380003
hyundai,stargazer tiêu chuẩn 1.5 at 2022,nhập khẩu,van/minivan,số tự động,xăng,2022.0,6000.0,60.0,1.5,415.0,421.9345013358454
mercedes,benz c class c200 2019,lắp ráp trong nước,sedan,số tự động,xăng,2019.0,80000.0,57.0,1.5,777.0,807.9228188536358
toyota,corolla cross 1.8v 2022,nhập khẩu,suv,số tự động,xăng,2022.0,40000.0,83.0,1.8,710.0,723.0264463749144
toyota,vios g 1.5 cvt 2022,lắp ráp trong nước,sedan,số tự động,xăng,2022.0,45000.0,57.0,1.5,445.0,448.0345072006819
kia,carnival premium 2.2d 7s 2023,lắp ráp trong nước,van/minivan,số tự động,dầu,2023.0,179626.7683965918,58.0,2.2,1199.0,1159.0758225371546
volvo,s90 lwb ultimate b6 awd 2022,nhập khẩu,sedan,số tự động,xăng,2022.0,59000.0,57.0,2.0,1650.0,1790.2261596614335
vinfast,vf8 plus awd 2023,lắp ráp trong nước,suv,số tự động,điện,2023.0,16000.0,58.0,2.097755539082448,840.0,834.5023489164155
mercedes,benz s class s63 amg 2011,nhập khẩu,sedan,số tự động,xăng,2011.0,75000.0,76.0,5.5,680.0,1075.1910102070797
toyota,vios 1.5e cvt 2016,lắp ráp trong nước,sedan,số tự động,xăng,2016.0,158498.0,57.0,1.5,318.0,316.4857697501172
nissan,navara el 2.3 at 2wd cao cấp 2022,nhập khẩu,bán tải / pickup,số tự động,dầu,2022.0,58000.0,57.0,2.3,535.0,538.5638262696376
toyota,hiace 3.0 2018,nhập khẩu,van/minivan,số tay,dầu,2018.0,131296.0,57.0,3.0,730.0,736.5625623750542
peugeot,308 gt line 1.6 at 2015,nhập khẩu,hatchback,số tự động,xăng,2015.0,80000.0,57.0,1.6,545.0,420.76720611430335
chevrolet,captiva ls 2.4 mt 2008,lắp ráp trong nước,suv,số tay,xăng,2008.0,179626.7683965918,91.0,2.4,120.0,163.45513686038984
mazda,cx5 premium exclusive 2.0 at 2025,lắp ráp trong nước,suv,số tự động,xăng,2025.0,1600.0,57.0,2.0,825.0,805.1753594338255
mercedes,benz glc 200 4matic 2021,lắp ráp trong nước,suv,số tự động,xăng,2021.0,40000.0,57.0,2.0,1399.0,1383.727191650564
ford,ranger raptor 2.0l 4x4 at 2023,nhập khẩu,bán tải / pickup,số tự động,dầu,2023.0,3700.0,63.0,2.0,1195.0,1138.997829035376
mazda,2 1.5 at 2016,lắp ráp trong nước,sedan,số tự động,xăng,2016.0,55000.0,58.0,1.5,300.0,291.4120079697381
mercedes,benz glc 200 4matic 2023,lắp ráp trong nước,suv,số tự động,hybrid,2023.0,9000.0,59.0,2.0,1920.0,2057.5697274599497
audi,q5 2.0 at 2017,nhập khẩu,suv,số tự động,xăng,2017.0,90000.0,60.0,2.0,990.0,1022.7057988899147
mercedes,benz glc 250 4matic 2016,lắp ráp trong nước,suv,số tự động,xăng,2016.0,96000.0,95.0,2.0,760.0,758.206964423658
ford,ranger wildtrak 3.2l 4x4 at 2016,nhập khẩu,bán tải / pickup,số tự động,dầu,2016.0,100000.0,72.0,3.2,485.0,497.7714714538093
toyota,raize g 1.0 cvt 2024,nhập khẩu,suv,số tự động,xăng,2024.0,12340.0,57.0,1.0,525.0,504.7652889347465
hyundai,accent 1.4 at đặc biệt 2023,lắp ráp trong nước,sedan,số tự động,xăng,2023.0,46000.0,57.0,1.4,468.0,466.50683710928706
hyundai,accent 1.4 at 2019,lắp ráp trong nước,sedan,số tự động,xăng,2019.0,179626.7683965918,90.0,1.4,359.0,351.01013417499263
kia,carens 1.5d premium 2022,lắp ráp trong nước,suv,số tự động,dầu,2022.0,40000.0,57.0,1.5,645.0,611.4640735297918
mercedes,benz c class c300 amg 2020,lắp ráp trong nước,sedan,số tự động,xăng,2020.0,45000.0,57.0,2.0,1090.0,1044.483930622468
peugeot,3008 gt 2024,lắp ráp trong nước,crossover,số tự động,xăng,2024.0,13000.0,58.0,1.6,920.0,928.707663253995
mazda,bt50 2.2l 4x2 at 2016,nhập khẩu,bán tải / pickup,số tự động,dầu,2016.0,150000.0,57.0,2.2,355.0,372.953182938894
nissan,teana 2.0 at 2011,nhập khẩu,sedan,số tự động,xăng,2011.0,140000.0,80.0,2.0,268.0,258.7139267982111
mercedes,benz e class e300 amg 2019,lắp ráp trong nước,sedan,số tự động,xăng,2019.0,60000.0,60.0,2.0,1399.0,1323.2104944543682
mercedes,benz glc 200 4matic 2023,lắp ráp trong nước,suv,số tự động,xăng,2023.0,36000.0,57.0,2.0,1899.0,1961.9817383104864
mercedes,benz s class s450l 2020,lắp ráp trong nước,sedan,số tự động,xăng,2020.0,37000.0,105.0,3.0,2299.0,2170.28985058402
mercedes,benz e class e200 exclusive 2022,lắp ráp trong nước,sedan,số tự động,hybrid,2022.0,25000.0,58.0,2.0,1920.0,1775.3977507038787
mitsubishi,xpander 1.5 at 2021,nhập khẩu,suv,số tự động,xăng,2021.0,58000.0,61.0,1.5,490.0,478.9976751802452
hyundai,santafe cao cấp 2.5l htrac 2021,lắp ráp trong nước,suv,số tự động,xăng,2021.0,55000.0,65.0,2.5,970.0,982.1142686922838
honda,crv l 2022,lắp ráp trong nước,suv,số tự động,xăng,2022.0,60000.0,62.0,1.5,895.0,885.0235229869913
mazda,bt50 2.2l 4x2 at 2017,nhập khẩu,bán tải / pickup,số tự động,dầu,2017.0,130000.0,58.0,2.2,365.0,379.5434593929409
ford,ranger raptor 2.0l 4x4 at 2022,nhập khẩu,bán tải / pickup,số tự động,dầu,2022.0,50000.0,58.0,2.0,960.0,950.3207405491207
kia,morning lx 1.0 at 2010,nhập khẩu,hatchback,số tự động,xăng,2010.0,179626.7683965918,58.0,1.0,149.0,153.50033319223635
ford,ranger wildtrak 2.0l 4x4 at 2024,lắp ráp trong nước,bán tải / pickup,số tự động,dầu,2024.0,20000.0,57.0,2.0,879.0,882.7256857496401
mercedes,benz c class c200 2019,lắp ráp trong nước,sedan,số tự động,xăng,2019.0,96000.0,58.0,1.5,799.0,806.1582051782491
toyota,camry 2.5q 2018,lắp ráp trong nước,sedan,số tự động,xăng,2018.0,81920.0,70.0,2.5,725.0,702.2477603340582
hyundai,santafe cao cấp 2.2l htrac 2022,lắp ráp trong nước,suv,số tự động,dầu,2022.0,70000.0,57.0,2.2,1085.0,1129.5043185654192
peugeot,5008 1.6 at 2019,lắp ráp trong nước,suv,số tự động,xăng,2019.0,70000.0,59.0,1.6,659.0,636.8415220679831
mercedes,benz c class c300 amg 2022,nhập khẩu,sedan,số tự động,xăng,2022.0,16000.0,58.0,2.0,1699.0,1758.657090929979
vinfast,vf3 plus 2024,lắp ráp trong nước,hatchback,số tự động,điện,2024.0,22000.0,58.0,2.097755539082448,222.0,231.6971248243739
vinfast,vf8 plus awd 2022,lắp ráp trong nước,suv,số tự động,điện,2022.0,47000.0,58.0,2.097755539082448,790.0,781.4222269001843
kia,sedona 2.2l dath 2018,lắp ráp trong nước,van/minivan,số tự động,dầu,2018.0,110000.0,57.0,2.2,615.0,657.7254629966252
toyota,hilux 2.5e 4x2 mt 2011,nhập khẩu,bán tải / pickup,số tay,dầu,2011.0,143000.0,66.0,2.5,315.0,276.8820437075529
mazda,cx8 premium awd 2022,lắp ráp trong nước,suv,số tự động,xăng,2022.0,179626.7683965918,57.0,2.5,848.0,850.753088866955
mazda,3 1.5 at 2018,lắp ráp trong nước,sedan,số tự động,xăng,2018.0,10000.0,77.0,1.5,395.0,421.93202952983887
ford,tourneo trend 2.0 at 2019,lắp ráp trong nước,van/minivan,số tự động,xăng,2019.0,51413.0,83.0,2.0,699.0,607.517120692541
mercedes,benz glb 35 4matic 2021,nhập khẩu,suv,số tự động,xăng,2021.0,67000.0,60.0,2.0,1550.0,1501.1070151299568
vinfast,vf3 plus 2024,lắp ráp trong nước,hatchback,số tự động,điện,2024.0,30123.0,57.0,2.097755539082448,220.0,231.7618119601872
mercedes,benz e class e300 amg 2019,lắp ráp trong nước,sedan,số tự động,xăng,2019.0,30000.0,76.0,2.0,1450.0,1317.4319809250871
ford,ranger xls 2.2l 4x2 at 2017,nhập khẩu,bán tải / pickup,số tự động,dầu,2017.0,65000.0,58.0,2.2,455.0,440.9409206435804
kia,carens exmt 2011,lắp ráp trong nước,crossover,số tay,xăng,2011.0,179626.7683965918,99.0,2.0,135.0,131.0872019473903
mazda,cx5 2.5 at 2wd 2019,lắp ráp trong nước,suv,số tự động,xăng,2019.0,59000.0,57.0,2.5,609.0,637.1693451017861
ford,ranger xls 2.2l 4x2 at 2021,nhập khẩu,bán tải / pickup,số tự động,dầu,2021.0,100000.0,57.0,2.2,565.0,567.975643053238
kia,sportage signature 1.6t awd 2023,lắp ráp trong nước,crossover,số tự động,xăng,2023.0,17000.0,57.0,1.6,923.0,902.1903167897427
toyota,corolla altis 1.8g mt 2008,lắp ráp trong nước,sedan,số tay,xăng,2008.0,150000.0,60.0,1.8,175.0,161.12781616071584
kia,rio 1.4 at 2015,nhập khẩu,hatchback,số tự động,xăng,2015.0,95000.0,82.0,1.4,295.0,290.65231789549904
suzuki,swift 1.4 at 2017,lắp ráp trong nước,hatchback,số tự động,xăng,2017.0,81000.0,58.0,1.4,334.0,297.872120011754
honda,city 1.5 at 2013,lắp ráp trong nước,sedan,số tự động,xăng,2013.0,78000.0,57.0,1.5,269.0,273.57395740581705
hyundai,creta cao cấp 1.5 at 2022,nhập khẩu,crossover,số tự động,xăng,2022.0,25000.0,65.0,1.5,600.0,591.5705183807361
mazda,cx8 premium awd 2022,lắp ráp trong nước,suv,số tự động,xăng,2022.0,50000.0,59.0,2.5,880.0,876.9577302052924
hyundai,tucson 1.6 at turbo htrac đặc biệt 2022,lắp ráp trong nước,crossover,số tự động,xăng,2022.0,19000.0,57.0,1.6,840.0,846.735304294597
omoda,c5 flagship 1.5 turbo 2024,nhập khẩu,suv,số tự động,xăng,2024.0,7000.0,57.0,1.5,609.0,399.9102209117291
toyota,fortuner 2.7v 4x2 at 2013,lắp ráp trong nước,suv,số tự động,xăng,2013.0,133000.0,58.0,2.7,368.0,370.49367072803193
kia,cerato 1.6 mt 2018,lắp ráp trong nước,sedan,số tay,xăng,2018.0,150000.0,57.0,1.6,355.0,323.3203052087822
landrover,range rover hse 3.0 2013,nhập khẩu,suv,số tự động,xăng,2013.0,179626.7683965918,57.0,3.0,1690.0,1713.5427420746055
chevrolet,trailblazer lt 2.5l vgt 4x2 at 2018,nhập khẩu,suv,số tự động,dầu,2018.0,179626.7683965918,57.0,2.5,485.0,474.98064209890845
kia,morning si at 2018,lắp ráp trong nước,hatchback,số tự động,xăng,2018.0,54000.0,79.0,1.25,270.0,280.1696239500684
mazda,3 s 1.6 at 2013,lắp ráp trong nước,sedan,số tự động,xăng,2013.0,100000.0,57.0,1.6,285.0,288.07364673925633
ford,ecosport trend 1.5l mt 2017,lắp ráp trong nước,suv,số tay,xăng,2017.0,100000.0,58.0,1.5,275.0,359.4209736441378
ford,ranger wildtrak 2.0l 4x4 at 2018,nhập khẩu,bán tải / pickup,số tự động,dầu,2018.0,90000.0,57.0,2.0,585.0,590.4595131157723
mercedes,benz e class e200 2019,lắp ráp trong nước,sedan,số tự động,xăng,2019.0,68000.0,57.0,2.0,998.0,1039.4776161217744
mercedes,benz e class e200 sport 2019,lắp ráp trong nước,sedan,số tự động,xăng,2019.0,179626.7683965918,57.0,2.0,1168.0,1156.609404509058
mitsubishi,xpander 1.5 at 2018,nhập khẩu,suv,số tự động,xăng,2018.0,179626.7683965918,57.0,1.5,380.0,399.97886926444227
vinfast,vf8 eco awd 2023,lắp ráp trong nước,suv,số tự động,điện,2023.0,179626.7683965918,57.0,2.097755539082448,738.0,689.7245967644895
hyundai,elantra 1.6 at 2021,lắp ráp trong nước,sedan,số tự động,xăng,2021.0,66000.0,57.0,1.6,485.0,475.94703870375645
mitsubishi,triton 4x2 at mivec premium 2021,nhập khẩu,bán tải / pickup,số tự động,dầu,2021.0,76000.0,57.0,2.4,550.0,560.4596052545021
peugeot,2008 gt line 1.2 at 2021,lắp ráp trong nước,crossover,số tự động,xăng,2021.0,9000.0,85.0,1.2,670.0,591.7756653583667
hyundai,santafe tiêu chuẩn 2.5l 2022,lắp ráp trong nước,suv,số tự động,xăng,2022.0,20000.0,58.0,2.5,895.0,882.8195067505211
ford,everest titanium plus 2.0l 4x4 at 2023,nhập khẩu,suv,số tự động,dầu,2023.0,20000.0,59.0,2.0,1379.0,1369.4396168260287
ford,everest titanium plus 2.0l 4x4 at 2024,nhập khẩu,suv,số tự động,dầu,2024.0,15000.0,57.0,2.0,1445.0,1435.8723708106177
mitsubishi,xpander 1.5 at 2020,lắp ráp trong nước,suv,số tự động,xăng,2020.0,45746.0,105.0,1.5,465.0,401.997703567941
toyota,corolla altis 1.8g at 2018,lắp ráp trong nước,sedan,số tự động,xăng,2018.0,66000.0,57.0,1.8,499.0,512.6267770411231
honda,hrv l 2019,nhập khẩu,crossover,số tự động,xăng,2019.0,49000.0,57.0,1.8,529.0,544.7598876813381
bmw,x4 xdrive20i m sport 2020,nhập khẩu,suv,số tự động,xăng,2020.0,25000.0,57.0,2.0,1940.0,1816.7680207506853
hyundai,santafe cao cấp 2.5l htrac 2024,lắp ráp trong nước,suv,số tự động,xăng,2024.0,10256.0,58.0,2.5,1190.0,1199.6198657115954
kia,morning si at 2016,lắp ráp trong nước,hatchback,số tự động,xăng,2016.0,179626.7683965918,59.0,1.25,258.0,247.46950361281782
mitsubishi,attrage 1.2 cvt 2020,nhập khẩu,sedan,số tự động,xăng,2020.0,70000.0,68.0,1.2,328.0,317.72058684365265
toyota,vios 1.5e mt 2020,lắp ráp trong nước,sedan,số tay,xăng,2020.0,90000.0,59.0,1.5,305.0,323.0541423842801
mercedes,benz c class c300 amg 2011,lắp ráp trong nước,sedan,số tự động,xăng,2011.0,85000.0,59.0,3.0,350.0,270.9041550320891
honda,hrv rs 2023,nhập khẩu,crossover,số tự động,xăng,2023.0,40000.0,57.0,1.5,770.0,763.4757385568205
mercedes,benz glc 300 4matic 2017,lắp ráp trong nước,suv,số tự động,xăng,2017.0,179626.7683965918,57.0,2.0,916.0,895.0848526424476
mitsubishi,outlander premium 2.0 cvt 2022,lắp ráp trong nước,suv,số tự động,xăng,2022.0,38000.0,57.0,2.0,735.0,750.8635226176009
landrover,range rover evoque prestige 2012,nhập khẩu,suv,số tự động,xăng,2012.0,67000.0,57.0,2.0,499.0,727.9056294219918
ford,ranger raptor 2.0l 4x4 at 2020,nhập khẩu,bán tải / pickup,số tự động,dầu,2020.0,83400.0,58.0,2.0,920.0,897.7159221319911
hyundai,santafe mlx 2.2l 2007,nhập khẩu,suv,số tự động,dầu,2007.0,150000.0,57.0,2.2,280.0,267.14344074721936
mazda,2 1.5 at 2017,lắp ráp trong nước,hatchback,số tự động,xăng,2017.0,60000.0,57.0,1.5,305.0,337.2479269342049
toyota,camry 2.4g 2011,lắp ráp trong nước,sedan,số tự động,xăng,2011.0,179626.7683965918,58.0,2.4,345.0,348.27975867478085
toyota,fortuner 2.7v 4x2 at 2020,nhập khẩu,suv,số tự động,xăng,2020.0,26000.0,64.0,2.7,825.0,770.0126266072325
mercedes,benz gle class gle 400 4matic 2015,nhập khẩu,suv,số tự động,xăng,2015.0,90000.0,57.0,3.0,989.0,983.1436744038593
kia,soluto 1.4 at deluxe 2022,lắp ráp trong nước,sedan,số tự động,xăng,2022.0,40268.0,57.0,1.4,360.0,368.7144216962494
ford,focus s 2.0 at 2015,lắp ráp trong nước,hatchback,số tự động,xăng,2015.0,93000.0,68.0,2.0,308.0,314.9525691019557
chevrolet,cruze lt 1.6l 2017,lắp ráp trong nước,sedan,số tay,xăng,2017.0,80000.0,66.0,1.6,227.0,260.2227297959596
mercedes,benz glc 200 4matic 2019,lắp ráp trong nước,suv,số tự động,xăng,2019.0,86000.0,100.0,2.0,1186.0,1181.4432276193606
kia,k3 premium 1.6 at 2022,lắp ráp trong nước,sedan,số tự động,xăng,2022.0,30000.0,57.0,1.6,545.0,545.8109466192212
vinfast,vf8 plus awd 2023,lắp ráp trong nước,suv,số tự động,điện,2023.0,27000.0,57.0,2.097755539082448,865.0,834.3330446606814
ford,transit limousine 2018,lắp ráp trong nước,van/minivan,số tay,dầu,2018.0,179626.7683965918,57.0,2.4,520.0,472.4245971094363
hyundai,elantra 1.6 at tiêu chuẩn 2022,lắp ráp trong nước,sedan,số tự động,xăng,2022.0,36000.0,58.0,1.6,528.0,519.45156192387
toyota,veloz cross top 1.5 cvt 2022,nhập khẩu,suv,số tự động,xăng,2022.0,50000.0,58.0,1.5,535.0,558.221719404268
kia,sorento dath 2018,lắp ráp trong nước,suv,số tự động,dầu,2018.0,92000.0,80.0,2.2,590.0,622.1666945205374
mitsubishi,xpander 1.5 at 2023,nhập khẩu,suv,số tự động,xăng,2023.0,179626.7683965918,57.0,1.5,535.0,465.95374099600906
peugeot,208 1.6 at 2016,nhập khẩu,hatchback,số tự động,xăng,2016.0,88000.0,62.0,1.6,268.0,449.37241554640303
honda,city rs 1.5 at 2022,lắp ráp trong nước,sedan,số tự động,xăng,2022.0,23000.0,96.0,1.5,465.0,456.8173232342207
ford,everest titanium 2.0l 4x2 at 2025,nhập khẩu,suv,số tự động,dầu,2025.0,3000.0,57.0,2.0,1289.0,1326.1347518222608
ford,explorer limited 2.3l ecoboost 2024,nhập khẩu,suv,số tự động,xăng,2024.0,19800.0,63.0,2.3,1750.0,1708.8358268180582
mazda,3 1.5l luxury 2022,lắp ráp trong nước,sedan,số tự động,xăng,2022.0,68000.0,58.0,1.5,549.0,553.5612879189111
vinfast,vf8 eco awd 2023,lắp ráp trong nước,suv,số tự động,điện,2023.0,45510.0,72.0,2.097755539082448,660.0,718.289566386008
hyundai,santafe cao cấp 2.2l htrac 2021,lắp ráp trong nước,suv,số tự động,dầu,2021.0,68000.0,57.0,2.2,895.0,999.2525188975152
hyundai,elantra 2.0 at 2021,lắp ráp trong nước,sedan,số tự động,xăng,2021.0,30000.0,58.0,2.0,518.0,503.92934044956263
ford,explorer limited 2.3l ecoboost 2019,nhập khẩu,suv,số tự động,xăng,2019.0,100000.0,57.0,2.3,1070.0,1039.0403367436923
mercedes,benz glc 300 4matic 2018,lắp ráp trong nước,suv,số tự động,xăng,2018.0,101000.0,90.0,2.0,925.0,1021.4169545817729
nissan,navara el 2.3 at 2wd 2023,nhập khẩu,bán tải / pickup,số tự động,dầu,2023.0,32000.0,57.0,2.3,579.0,538.5538898049932
ford,ranger wildtrak 2.0l 4x4 at 2019,nhập khẩu,bán tải / pickup,số tự động,dầu,2019.0,59000.0,58.0,2.0,675.0,617.6331316874617
toyota,wigo 1.2g at 2019,nhập khẩu,hatchback,số tự động,xăng,2019.0,100000.0,57.0,1.2,255.0,277.28246688990754
hyundai,i10 1.2 at 2022,lắp ráp trong nước,hatchback,số tự động,xăng,2022.0,8000.0,57.0,1.25,370.0,369.4161079437239
chevrolet,cruze ls 1.6 mt 2015,lắp ráp trong nước,sedan,số tay,xăng,2015.0,130000.0,63.0,1.6,198.0,152.19190130101492
toyota,veloz cross 1.5 cvt 2024,lắp ráp trong nước,suv,số tự động,xăng,2024.0,179626.7683965918,60.0,1.5,570.0,554.9471207666112
mercedes,benz glc 200 4matic 2022,lắp ráp trong nước,suv,số tự động,xăng,2022.0,9600.0,57.0,2.0,1520.0,1554.1335647055666
mercedes,benz e class e250 2017,lắp ráp trong nước,sedan,số tự động,xăng,2017.0,70000.0,58.0,2.0,895.0,880.0376880955286
hyundai,kona 2.0 ath 2020,lắp ráp trong nước,crossover,số tự động,xăng,2020.0,55000.0,58.0,2.0,505.0,483.71521408492595
lexus,rx 350 2009,nhập khẩu,suv,số tự động,xăng,2009.0,78000.0,85.0,3.5,699.0,693.8827969150237
kia,morning si at 2018,lắp ráp trong nước,hatchback,số tự động,xăng,2018.0,81020.0,59.0,1.25,246.0,279.8491151038563
ford,territory titanium x 1.5 at 2024,lắp ráp trong nước,suv,số tự động,xăng,2024.0,20000.0,57.0,1.5,839.0,830.8405696875005
mercedes,benz glc 300 4matic 2019,lắp ráp trong nước,suv,số tự động,xăng,2019.0,80000.0,57.0,2.0,1130.0,1155.2900953146955
toyota,yaris 1.3 at 2009,nhập khẩu,sedan,số tự động,xăng,2009.0,150000.0,57.0,1.3,234.0,224.4107211595216
toyota,vios 1.5g 2017,lắp ráp trong nước,sedan,số tự động,xăng,2017.0,179626.7683965918,96.0,1.5,319.0,324.45194200693527
mercedes,benz c class c300 amg 2016,lắp ráp trong nước,sedan,số tự động,xăng,2016.0,56000.0,58.0,2.0,710.0,675.1090645120908
mazda,3 1.5l luxury 2021,lắp ráp trong nước,sedan,số tự động,xăng,2021.0,12345.0,59.0,1.5,525.0,517.5983327972993
mercedes,benz c class c250 amg 2015,lắp ráp trong nước,sedan,số tự động,xăng,2015.0,70000.0,57.0,2.0,590.0,589.0708804101179
mercedes,benz e class e300 2010,lắp ráp trong nước,sedan,số tự động,xăng,2010.0,130000.0,58.0,3.0,318.0,356.20118891797114
mazda,6 2.0l premium 2018,lắp ráp trong nước,sedan,số tự động,xăng,2018.0,19000.0,58.0,2.0,468.0,463.74822892570177
ford,everest titanium 2.0l 4x2 at 2022,nhập khẩu,suv,số tự động,dầu,2022.0,179626.7683965918,57.0,2.0,1150.0,1041.2245340302177
hyundai,elantra 1.6 at 2020,lắp ráp trong nước,sedan,số tự động,xăng,2020.0,66000.0,59.0,1.6,460.0,455.3120555764084
peugeot,3008 1.6 at 2018,lắp ráp trong nước,crossover,số tự động,xăng,2018.0,98000.0,57.0,1.6,555.0,563.2219046257263
vinfast,vf5 plus 2024,lắp ráp trong nước,suv,số tự động,điện,2024.0,12000.0,57.0,2.097755539082448,445.0,437.4433865115375
hyundai,tucson 2.0 at đặc biệt 2021,lắp ráp trong nước,crossover,số tự động,xăng,2021.0,47000.0,83.0,2.0,685.0,699.3779929624737
volkswagen,teramont president 2.0 at 2024,nhập khẩu,suv,số tự động,xăng,2024.0,18000.0,57.0,2.0,2290.0,2276.0266798326743
volvo,xc60 ultimate dark b6 awd 2023,nhập khẩu,suv,số tự động,xăng,2023.0,24000.0,57.0,2.0,2039.0,1599.7446274898957
kia,carnival signature 2.2d 2023,lắp ráp trong nước,van/minivan,số tự động,dầu,2023.0,40000.0,57.0,2.2,1310.0,1290.0932287913618
toyota,hiace 2.8 mt 2021,nhập khẩu,van/minivan,số tay,dầu,2021.0,80000.0,59.0,2.8,960.0,992.1677091701027
kia,sportage premium 2.0g 2022,lắp ráp trong nước,crossover,số tự động,xăng,2022.0,69000.0,57.0,2.0,705.0,727.4348909614673
toyota,vios 1.5g 2015,lắp ráp trong nước,sedan,số tự động,xăng,2015.0,179626.7683965918,61.0,1.5,278.0,316.92212646792376
kia,morning ex 2016,lắp ráp trong nước,hatchback,số tay,xăng,2016.0,179626.7683965918,57.0,1.25,138.0,139.08799602414325
peugeot,2008 gt line 1.2 at 2021,lắp ráp trong nước,crossover,số tự động,xăng,2021.0,70000.0,57.0,1.2,618.0,591.7084927843558
kia,k3 premium 1.6 at 2021,lắp ráp trong nước,sedan,số tự động,xăng,2021.0,55000.0,58.0,1.6,515.0,516.5480750443975
vinfast,vf8 eco 2023,lắp ráp trong nước,suv,số tự động,điện,2023.0,30000.0,58.0,0.2,730.0,718.701397223968
audi,a6 2.0t 2013,nhập khẩu,sedan,số tự động,xăng,2013.0,75000.0,60.0,2.0,390.0,457.65197859522533
toyota,fortuner 2.4g 4x2 at 2020,lắp ráp trong nước,suv,số tự động,dầu,2020.0,81000.0,58.0,2.4,824.0,827.4506650959938
mercedes,benz gl 450 4matic 2007,nhập khẩu,suv,số tự động,xăng,2007.0,50000.0,101.0,4.7,560.0,891.9750158732078
honda,city 1.5top 2018,lắp ráp trong nước,sedan,số tự động,xăng,2018.0,179626.7683965918,59.0,1.5,379.0,352.06487421205793
toyota,vios e cvt 2022,lắp ráp trong nước,sedan,số tự động,xăng,2022.0,38000.0,58.0,1.5,430.0,410.6566963624012
kia,rio 1.4 at 2015,nhập khẩu,sedan,số tự động,xăng,2015.0,179626.7683965918,93.0,1.4,272.0,278.48115126411034
mazda,cx9 3.7 at awd 2015,nhập khẩu,suv,số tự động,xăng,2015.0,113000.0,70.0,3.7,439.0,797.2818227535636
mercedes,benz glc 200 2022,lắp ráp trong nước,suv,số tự động,xăng,2022.0,39000.0,57.0,2.0,1359.0,1377.9150750707206
kia,soluto 1.4 mt deluxe 2022,lắp ráp trong nước,sedan,số tay,xăng,2022.0,24000.0,90.0,1.4,295.0,292.1677090392788
nissan,sunny xv premium s 2018,lắp ráp trong nước,sedan,số tự động,xăng,2018.0,90000.0,58.0,1.5,266.0,276.7728410569171
ford,everest titanium 2.0l 4x2 at 2021,nhập khẩu,suv,số tự động,dầu,2021.0,22000.0,84.0,2.0,949.0,922.1707619979505
honda,crv l 2019,nhập khẩu,suv,số tự động,xăng,2019.0,44000.0,77.0,1.5,760.0,765.6645334473417
honda,crv l 2018,nhập khẩu,suv,số tự động,xăng,2018.0,179626.7683965918,57.0,1.5,755.0,688.6080897842332
ford,ecosport titanium 1.5l at 2018,lắp ráp trong nước,suv,số tự động,xăng,2018.0,88000.0,57.0,1.5,345.0,376.6237350567166
mercedes,benz c class c300 amg 2022,nhập khẩu,sedan,số tự động,xăng,2022.0,25678.0,58.0,2.0,1770.0,1760.0423343306256
hyundai,i10 grand 1.0 mt base 2016,nhập khẩu,hatchback,số tay,xăng,2016.0,179626.7683965918,72.0,1.0,136.0,136.86708372005523
toyota,camry 2.5q 2015,lắp ráp trong nước,sedan,số tự động,xăng,2015.0,99000.0,57.0,2.5,555.0,569.5577178956246
peugeot,5008 1.6 at 2019,lắp ráp trong nước,suv,số tự động,xăng,2019.0,81393.0,58.0,1.6,635.0,634.8729441525201
toyota,veloz cross 1.5 cvt 2022,nhập khẩu,suv,số tự động,xăng,2022.0,150000.0,104.0,1.5,470.0,497.0994237276573
vinfast,vf8 plus awd 2023,lắp ráp trong nước,suv,số tự động,điện,2023.0,33000.0,57.0,2.097755539082448,790.0,834.3842689715469
vinfast,vf3 plus 2025,lắp ráp trong nước,hatchback,số tự động,điện,2025.0,2900.0,57.0,2.097755539082448,305.0,258.76227169561025
mg,zs standard 1.5 at 2wd 2022,nhập khẩu,crossover,số tự động,xăng,2022.0,65000.0,57.0,1.5,399.0,409.8963179502002
hyundai,santafe 2.2l 4wd 2015,lắp ráp trong nước,suv,số tự động,dầu,2015.0,41000.0,58.0,2.2,605.0,592.0345440673642
toyota,camry 2.5hv 2023,nhập khẩu,sedan,số tự động,hybrid,2023.0,6000.0,57.0,2.5,1350.0,1316.370256560224
mercedes,benz c class c200 2016,lắp ráp trong nước,sedan,số tự động,xăng,2016.0,102000.0,57.0,2.0,595.0,576.6058543929694
mitsubishi,pajero gls 3.8 4x4 at 2015,nhập khẩu,suv,số tự động,xăng,2015.0,80000.0,93.0,3.8,900.0,675.5963170616496
toyota,fortuner 2.5g 2014,lắp ráp trong nước,suv,số tay,dầu,2014.0,179626.7683965918,100.0,2.5,440.0,449.49799112575226
hyundai,elantra sport 1.6 at 2019,lắp ráp trong nước,sedan,số tự động,xăng,2019.0,88000.0,57.0,1.6,485.0,489.99981434383574
toyota,innova 2.0e 2013,lắp ráp trong nước,crossover,số tay,xăng,2013.0,179626.7683965918,61.0,2.0,220.0,245.0708262643467
audi,q7 55 tfsi quattro 2019,nhập khẩu,suv,số tự động,xăng,2019.0,43000.0,58.0,3.0,2050.0,1857.2047670455254
toyota,vios 1.5g 2018,lắp ráp trong nước,sedan,số tự động,xăng,2018.0,63000.0,57.0,1.5,383.0,369.56501392766427
toyota,camry 2.5q 2016,lắp ráp trong nước,sedan,số tự động,xăng,2016.0,124000.0,72.0,2.5,595.0,611.2015513473432
toyota,vios e cvt 2021,lắp ráp trong nước,sedan,số tự động,xăng,2021.0,69000.0,57.0,1.5,390.0,391.1082695340764
toyota,sienna limited 3.5 2016,nhập khẩu,van/minivan,số tự động,xăng,2016.0,88000.0,57.0,3.5,1555.0,1603.2377868096742
hyundai,santafe cao cấp 2.5l htrac 2021,lắp ráp trong nước,suv,số tự động,xăng,2021.0,40000.0,57.0,2.5,980.0,979.6878951617299
chevrolet,spark van 1.0 at 2012,nhập khẩu,van/minivan,số tự động,xăng,2012.0,11500.0,80.0,1.0,110.0,100.513116245889
toyota,innova 2.0e 2016,lắp ráp trong nước,crossover,số tay,xăng,2016.0,60000.0,85.0,2.0,395.0,334.16291475720607
hyundai,tucson 2.0 ath 2020,lắp ráp trong nước,crossover,số tự động,xăng,2020.0,40000.0,58.0,2.0,669.0,672.6096993504578
hyundai,santafe cao cấp 2.2l htrac 2023,lắp ráp trong nước,suv,số tự động,dầu,2023.0,38000.0,59.0,2.2,1199.0,1203.207551443653
toyota,corolla altis 2.0v 2012,lắp ráp trong nước,sedan,số tự động,xăng,2012.0,158000.0,58.0,2.0,345.0,327.3402048880714
hyundai,santafe 2.4l 2017,lắp ráp trong nước,suv,số tự động,xăng,2017.0,120000.0,57.0,2.4,499.0,562.2008567139926
mazda,bt50 2.2l 4x2 ath 2018,nhập khẩu,bán tải / pickup,số tự động,dầu,2018.0,85000.0,57.0,2.2,375.0,425.7547193897475
toyota,innova 2.0e 2013,lắp ráp trong nước,crossover,số tay,xăng,2013.0,179626.7683965918,61.0,2.0,245.0,245.0708262643467
bmw,3 series 320i 2018,nhập khẩu,sedan,số tự động,xăng,2018.0,60000.0,57.0,2.0,679.0,780.1686741227643
toyota,innova 2.0e 2015,lắp ráp trong nước,crossover,số tay,xăng,2015.0,179626.7683965918,100.0,2.0,265.0,274.5045353707212
mercedes,benz e class e250 2011,lắp ráp trong nước,sedan,số tự động,xăng,2011.0,179626.7683965918,57.0,1.8,320.0,353.76667177651694
mercedes,benz s class s400l 2016,lắp ráp trong nước,sedan,số tự động,xăng,2016.0,80000.0,57.0,3.0,1350.0,1299.07191718604
toyota,fortuner 2.8v 4x4 at legender 2021,lắp ráp trong nước,suv,số tự động,dầu,2021.0,51000.0,57.0,2.8,1020.0,1033.397575173937
mitsubishi,attrage 1.2 mt 2018,nhập khẩu,sedan,số tay,xăng,2018.0,179626.7683965918,64.0,1.2,180.0,175.30672288237133
mazda,cx8 premium 2023,lắp ráp trong nước,suv,số tự động,xăng,2023.0,50000.0,58.0,2.5,899.0,905.3701996399764
vinfast,fadil nâng cao 1.4 at 2022,lắp ráp trong nước,hatchback,số tự động,xăng,2022.0,179626.7683965918,57.0,1.4,359.0,323.79692547932996
mercedes,benz cla class cla 250 2018,nhập khẩu,sedan,số tự động,xăng,2018.0,41000.0,58.0,2.0,850.0,829.8076046747901
toyota,corolla cross 1.8v 2021,nhập khẩu,suv,số tự động,xăng,2021.0,50000.0,57.0,1.8,675.0,684.8789254648132
kia,carnival signature 2.2d 2023,lắp ráp trong nước,van/minivan,số tự động,dầu,2023.0,40000.0,59.0,2.2,1315.0,1291.1233621647689
hyundai,accent 1.4 mt 2018,lắp ráp trong nước,sedan,số tay,xăng,2018.0,179626.7683965918,61.0,1.4,305.0,294.7435264992583
mercedes,benz c class c300 2010,lắp ráp trong nước,sedan,số tự động,xăng,2010.0,140000.0,59.0,3.0,225.0,508.2014307954914
mg,zs standard 1.5 at 2wd 2021,nhập khẩu,crossover,số tự động,xăng,2021.0,179626.7683965918,60.0,1.5,375.0,363.0347151417507
kia,morning si mt 2017,lắp ráp trong nước,hatchback,số tay,xăng,2017.0,179626.7683965918,92.0,1.25,178.0,170.30788490432047
ford,transit svp 2017,lắp ráp trong nước,van/minivan,số tay,dầu,2017.0,209000.0,59.0,2.4,390.0,431.0112332314735
kia,sorento signature 2.2 at awd 2022,lắp ráp trong nước,suv,số tự động,dầu,2022.0,39000.0,57.0,2.2,995.0,979.1928933204197
toyota,raize g 1.0 cvt 2022,nhập khẩu,suv,số tự động,xăng,2022.0,55000.0,57.0,1.0,458.0,470.60651825032704
hyundai,tucson 2.0 at 2020,lắp ráp trong nước,crossover,số tự động,xăng,2020.0,49000.0,106.0,2.0,600.0,595.987247748679
landrover,range rover hse 3.0 2014,nhập khẩu,suv,số tự động,xăng,2014.0,80000.0,57.0,3.0,2290.0,2041.9567144806279
hyundai,accent 1.4 mt 2020,lắp ráp trong nước,sedan,số tay,xăng,2020.0,79000.0,58.0,1.4,319.0,318.68403997054344
toyota,land cruiser vx 4.7 v8 2009,nhập khẩu,suv,số tự động,xăng,2009.0,110000.0,57.0,4.7,1680.0,699.5991573518849
toyota,yaris 1.5g 2019,nhập khẩu,hatchback,số tự động,xăng,2019.0,78000.0,58.0,1.5,485.0,457.8546812515257
kia,soluto 1.4 mt deluxe 2020,lắp ráp trong nước,sedan,số tay,xăng,2020.0,68000.0,57.0,1.4,255.0,272.81700685800024
mitsubishi,outlander premium 2.0 cvt 2022,lắp ráp trong nước,suv,số tự động,xăng,2022.0,46000.0,57.0,2.0,740.0,750.3927995253608
mitsubishi,outlander premium 2.0 cvt 2024,lắp ráp trong nước,suv,số tự động,xăng,2024.0,4000.0,57.0,2.0,795.0,828.8806540935184
hyundai,centennial 3.5 at 2007,nhập khẩu,sedan,số tự động,xăng,2007.0,170000.0,62.0,3.5,399.0,289.95079382828123
kia,morning 1.0 at 2011,nhập khẩu,hatchback,số tự động,xăng,2011.0,215.0,58.0,1.0,215.0,198.48111491682977
hyundai,accent 1.4 at đặc biệt 2021,lắp ráp trong nước,sedan,số tự động,xăng,2021.0,50000.0,57.0,1.4,435.0,432.29902108131364
hyundai,getz 1.4 at 2008,nhập khẩu,hatchback,số tự động,xăng,2008.0,179626.7683965918,71.0,1.4,145.0,145.95052683386825
honda,crv l 2019,nhập khẩu,suv,số tự động,xăng,2019.0,67000.0,77.0,1.5,770.0,763.4666682372653
toyota,innova 2.0e 2016,lắp ráp trong nước,crossover,số tay,xăng,2016.0,179626.7683965918,100.0,2.0,335.0,322.3125210719684
ford,everest titanium 2.0l 4x2 at 2023,nhập khẩu,suv,số tự động,dầu,2023.0,28000.0,83.0,2.0,1149.0,1219.4114162309907
hyundai,santafe premium 2.4l htrac 2019,lắp ráp trong nước,suv,số tự động,xăng,2019.0,179626.7683965918,57.0,2.4,765.0,749.1415266069458
ford,focus s 2.0 at 2013,lắp ráp trong nước,hatchback,số tự động,xăng,2013.0,73000.0,57.0,2.0,295.0,336.32748105156594
hyundai,elantra 2.0 at 2021,lắp ráp trong nước,sedan,số tự động,xăng,2021.0,60000.0,82.0,2.0,495.0,502.3399955696792
nissan,x trail v series 2.0 sl luxury 2019,lắp ráp trong nước,suv,số tự động,xăng,2019.0,70102.0,64.0,2.0,545.0,296.3914795013348
ford,everest titanium 2.0l 4x2 at 2023,nhập khẩu,suv,số tự động,dầu,2023.0,54000.0,57.0,2.0,1199.0,1214.3841871147329
toyota,innova venturer 2.0 at 2020,lắp ráp trong nước,crossover,số tự động,xăng,2020.0,95000.0,94.0,2.0,595.0,616.2144399138787
chevrolet,spark lt 1.2 mt 2016,lắp ráp trong nước,hatchback,số tay,xăng,2016.0,103000.0,96.0,1.2,145.0,135.14618864135159
kia,carnival signature 2.2d 2022,lắp ráp trong nước,van/minivan,số tự động,dầu,2022.0,51000.0,58.0,2.2,1250.0,1202.983363296569
mercedes,benz c class c200 exclusive 2019,lắp ráp trong nước,sedan,số tự động,xăng,2019.0,30000.0,77.0,1.5,899.0,844.1952433328981
mitsubishi,xpander 1.5 at 2019,nhập khẩu,suv,số tự động,xăng,2019.0,58000.0,86.0,1.5,455.0,447.5898358678683
peugeot,3008 al 2022,lắp ráp trong nước,crossover,số tự động,xăng,2022.0,45000.0,57.0,1.6,760.0,762.2401635204926
toyota,corolla cross 1.8v 2021,nhập khẩu,suv,số tự động,xăng,2021.0,20000.0,57.0,1.8,675.0,685.6985283179995
chevrolet,colorado high country 2.8l 4x4 at 2016,nhập khẩu,bán tải / pickup,số tự động,dầu,2016.0,179626.7683965918,57.0,2.8,385.0,410.06553675504665
toyota,prado txl 2.7l 2009,nhập khẩu,suv,số tự động,xăng,2009.0,190000.0,57.0,2.7,680.0,661.4356994351963
mercedes,benz c class c200 exclusive 2021,lắp ráp trong nước,sedan,số tự động,xăng,2021.0,72000.0,57.0,1.5,999.0,1009.1612126364818
mazda,cx5 2.0 at 2017,lắp ráp trong nước,suv,số tự động,xăng,2017.0,90000.0,57.0,2.0,560.0,506.60378336552725
peugeot,3008 1.6 at 2019,lắp ráp trong nước,crossover,số tự động,xăng,2019.0,48000.0,58.0,1.6,629.0,614.6798678918144
hyundai,accent 1.4 mt 2022,lắp ráp trong nước,sedan,số tay,xăng,2022.0,179626.7683965918,76.0,1.4,375.0,349.9212828401985
mazda,2 sport luxury 2019,nhập khẩu,hatchback,số tự động,xăng,2019.0,80000.0,57.0,1.5,368.0,369.3142848328867
lexus,rx 350 awd 2012,nhập khẩu,suv,số tự động,xăng,2012.0,60000.0,60.0,3.5,1020.0,1128.9989873150707
mercedes,benz glc 300 4matic 2017,lắp ráp trong nước,suv,số tự động,xăng,2017.0,100000.0,57.0,2.0,930.0,922.3331882353546
hyundai,creta đặc biệt 1.5 at 2023,lắp ráp trong nước,crossover,số tự động,xăng,2023.0,35000.0,57.0,1.5,615.0,588.0941029997845
ford,ecosport trend 1.5l mt 2016,lắp ráp trong nước,suv,số tay,xăng,2016.0,179626.7683965918,75.0,1.5,199.0,330.3366060473003
kia,seltos luxury 1.4 at 2024,lắp ráp trong nước,crossover,số tự động,xăng,2024.0,14000.0,57.0,1.4,660.0,656.5607473296296
suzuki,jimny 1.5l 4x4 at 2024,nhập khẩu,suv,số tự động,xăng,2024.0,19000.0,57.0,1.5,780.0,715.9196017835661
toyota,land cruiser vx 4.6 v8 2014,nhập khẩu,suv,số tự động,xăng,2014.0,15000.0,65.0,4.6,1980.0,1889.4948197091576
lexus,rx 350 awd 2009,nhập khẩu,suv,số tự động,xăng,2009.0,132000.0,57.0,3.5,695.0,716.9070483490606
ford,transit luxury 2014,lắp ráp trong nước,van/minivan,số tay,dầu,2014.0,23000.0,58.0,2.4,280.0,420.32138489046395
hyundai,accent 1.4 mt 2018,lắp ráp trong nước,sedan,số tay,xăng,2018.0,110000.0,83.0,1.4,295.0,300.31198275553083
kia,sedona 3.3 gat premium 2019,lắp ráp trong nước,van/minivan,số tự động,xăng,2019.0,60000.0,57.0,3.3,698.0,679.9651457185399
mercedes,benz c class c200 2017,lắp ráp trong nước,sedan,số tự động,xăng,2017.0,79000.0,58.0,2.0,620.0,656.0325019439916
ford,mustang ecoboost fastback 2018,nhập khẩu,coupe,số tự động,xăng,2018.0,48000.0,60.0,2.3,1836.0,1831.4385415859376
mercedes,benz s class s400l 2017,lắp ráp trong nước,sedan,số tự động,xăng,2017.0,63000.0,59.0,3.0,1589.0,1353.3823995056737
toyota,camry 2.5q 2021,nhập khẩu,sedan,số tự động,xăng,2021.0,54000.0,57.0,2.5,925.0,969.3311872546354
kia,seltos luxury 1.4 at 2023,lắp ráp trong nước,crossover,số tự động,xăng,2023.0,60000.0,102.0,1.4,610.0,615.3196704920127
mazda,cx5 luxury 2.0 at 2024,lắp ráp trong nước,suv,số tự động,xăng,2024.0,3000.0,64.0,2.0,755.0,769.0883348440818
mercedes,benz glc 250 4matic 2017,lắp ráp trong nước,suv,số tự động,xăng,2017.0,82000.0,58.0,2.0,865.0,816.2699994102504
mercedes,benz c class c300 amg 2020,lắp ráp trong nước,sedan,số tự động,xăng,2020.0,179626.7683965918,57.0,2.0,999.0,1008.2537634710766
mercedes,benz c class c300 amg 2021,lắp ráp trong nước,sedan,số tự động,xăng,2021.0,32000.0,65.0,2.0,1199.0,1297.6447296450265
ford,ranger xls 2.2l 4x2 at 2020,nhập khẩu,bán tải / pickup,số tự động,dầu,2020.0,70000.0,58.0,2.2,535.0,536.6185638162494
toyota,innova 2.0e 2017,lắp ráp trong nước,crossover,số tay,xăng,2017.0,179626.7683965918,58.0,2.0,405.0,382.5793750819332
vinfast,vf5 plus 2024,lắp ráp trong nước,suv,số tự động,điện,2024.0,39000.0,83.0,2.097755539082448,440.0,439.7734390285712
kia,cerato 2.0 at 2018,lắp ráp trong nước,sedan,số tự động,xăng,2018.0,85000.0,57.0,2.0,419.0,402.1772116598662
mazda,3 1.5l luxury 2019,lắp ráp trong nước,sedan,số tự động,xăng,2019.0,69000.0,68.0,1.5,463.0,452.32766045910273
toyota,vios g 1.5 cvt 2021,lắp ráp trong nước,sedan,số tự động,xăng,2021.0,179626.7683965918,57.0,1.5,435.0,417.17787737736023
ford,ranger xls 2.2l 4x2 at 2016,nhập khẩu,bán tải / pickup,số tự động,dầu,2016.0,10000.0,59.0,2.2,410.0,420.08266827274537
mitsubishi,xpander 1.5 at 2019,nhập khẩu,suv,số tự động,xăng,2019.0,179626.7683965918,58.0,1.5,390.0,430.0950150056931
lexus,ls 460l 2007,nhập khẩu,sedan,số tự động,xăng,2007.0,125000.0,98.0,4.6,660.0,529.4875943835918
ford,ranger xls 2.2l 4x2 at 2022,lắp ráp trong nước,bán tải / pickup,số tự động,dầu,2022.0,85000.0,58.0,2.2,590.0,569.1193501514931
kenbo,2023,lắp ráp trong nước,van/minivan,số tay,xăng,2023.0,179626.7683965918,57.0,2.097755539082448,180.0,497.84804427569367
mercedes,benz glc 200 4matic 2022,lắp ráp trong nước,suv,số tự động,xăng,2022.0,3200.0,57.0,2.0,1680.0,1553.5690770098581
mazda,cx8 luxury 2020,lắp ráp trong nước,suv,số tự động,xăng,2020.0,93000.0,57.0,2.5,695.0,706.4239629930574
mitsubishi,xpander 1.5 at special edition 2019,nhập khẩu,suv,số tự động,xăng,2019.0,73000.0,57.0,1.5,440.0,439.71549207104533
toyota,camry 2.4g 2010,lắp ráp trong nước,sedan,số tự động,xăng,2010.0,179626.7683965918,77.0,2.4,350.0,308.534564496536
mazda,cx5 2.0 luxury 2020,lắp ráp trong nước,suv,số tự động,xăng,2020.0,71000.0,57.0,2.0,660.0,630.4435799573268
vinfast,vf5 plus 2024,lắp ráp trong nước,suv,số tự động,điện,2024.0,22400.0,57.0,2.097755539082448,440.0,437.7395111879094
mercedes,benz c class c180 amg 2021,lắp ráp trong nước,sedan,số tự động,xăng,2021.0,35000.0,57.0,1.5,899.0,888.6550043909675
kia,seltos premium 1.4 at 2020,lắp ráp trong nước,crossover,số tự động,xăng,2020.0,60000.0,58.0,1.4,549.0,559.7842696498932
kia,cerato 1.6 at 2017,lắp ráp trong nước,sedan,số tự động,xăng,2017.0,60000.0,60.0,1.6,385.0,380.31023533827374
lexus,gx 460 2011,nhập khẩu,suv,số tự động,xăng,2011.0,160000.0,104.0,4.6,1350.0,1318.7605040900496
kia,sorento dath 2017,lắp ráp trong nước,suv,số tự động,dầu,2017.0,98888.0,57.0,2.2,518.0,548.9373974784035
chevrolet,colorado lt 2.5l 4x4 mt 2018,nhập khẩu,bán tải / pickup,số tay,dầu,2018.0,71000.0,58.0,2.5,405.0,252.30064185737083
honda,civic 1.5l vtec turbo 2018,nhập khẩu,sedan,số tự động,xăng,2018.0,54000.0,57.0,1.5,520.0,399.069560579003
toyota,corolla altis 1.8g at 2020,lắp ráp trong nước,sedan,số tự động,xăng,2020.0,14902.0,57.0,1.8,580.0,556.6367026856753
suzuki,xl7 1.5 at 2020,nhập khẩu,suv,số tự động,xăng,2020.0,65000.0,58.0,1.5,425.0,422.74185377586366
hyundai,custin cao cấp 2.0t 2023,lắp ráp trong nước,van/minivan,số tự động,xăng,2023.0,65000.0,57.0,2.0,795.0,863.7678787480613
toyota,yaris 1.3 at 2007,nhập khẩu,hatchback,số tự động,xăng,2007.0,150000.0,58.0,1.3,182.0,193.93452331372768
toyota,prado txl 2.7l 2013,nhập khẩu,suv,số tự động,xăng,2013.0,120000.0,57.0,2.7,820.0,548.6925683868337
mercedes,benz glc 200 2021,lắp ráp trong nước,suv,số tự động,xăng,2021.0,44000.0,58.0,2.0,1290.0,1267.8632736945397
mazda,3 1.5l deluxe 2022,lắp ráp trong nước,sedan,số tự động,xăng,2022.0,44444.0,57.0,1.5,498.0,509.2753472404406
mazda,6 2.0l 2016,lắp ráp trong nước,sedan,số tự động,xăng,2016.0,37000.0,74.0,2.0,438.0,344.27817879988316
ford,explorer limited 2.3l ecoboost 2023,nhập khẩu,suv,số tự động,xăng,2023.0,46000.0,57.0,2.3,1780.0,1618.112372750883
mercedes,benz c class c300 amg 2019,lắp ráp trong nước,sedan,số tự động,xăng,2019.0,85000.0,57.0,2.0,939.0,1005.0518336110815
vinfast,vf e34 at 2022,lắp ráp trong nước,crossover,số tự động,điện,2022.0,179626.7683965918,57.0,0.1,465.0,326.56973649652673
mercedes,benz glc 300 4matic 2017,lắp ráp trong nước,suv,số tự động,xăng,2017.0,80000.0,76.0,2.0,910.0,928.2566713046663
mercedes,benz glk class glk300 4matic 2009,lắp ráp trong nước,suv,số tự động,xăng,2009.0,120000.0,57.0,3.0,305.0,308.48078972968085
honda,crv l 2021,lắp ráp trong nước,suv,số tự động,xăng,2021.0,179626.7683965918,61.0,1.5,815.0,793.9135833494593
bmw,5 series 523i 2009,nhập khẩu,sedan,số tự động,xăng,2009.0,80000.0,57.0,2.5,289.0,285.22854135789896
hyundai,grand starex van 2.4 mt 2013,nhập khẩu,van/minivan,số tay,xăng,2013.0,135000.0,84.0,2.4,370.0,284.63204466088337
hyundai,tucson 2.0 at crdi đặc biệt 2022,lắp ráp trong nước,crossover,số tự động,dầu,2022.0,58000.0,57.0,2.0,825.0,834.5240534072964
mercedes,benz glc 200 4matic 2023,lắp ráp trong nước,suv,số tự động,hybrid,2023.0,9000.0,58.0,2.0,1930.0,2056.471599161234
smart,fortwo 0.9l at 2015,nhập khẩu,hatchback,số tự động,xăng,2015.0,26000.0,83.0,0.9,1120.0,125.7060847926501
bmw,x1 sdrive18i 2016,nhập khẩu,suv,số tự động,xăng,2016.0,60000.0,57.0,1.5,560.0,549.4054034376459
bmw,x4 xdrive20i m sport 2020,nhập khẩu,suv,số tự động,xăng,2020.0,50000.0,57.0,2.0,1790.0,1814.8302563482116
mg,zs standard 1.5 at 2wd 2023,nhập khẩu,crossover,số tự động,xăng,2023.0,21000.0,58.0,1.5,399.0,424.5741733568955
toyota,prado txl 2.7l 2016,nhập khẩu,suv,số tự động,xăng,2016.0,140000.0,78.0,2.7,1300.0,1238.3666593616558
mercedes,benz c class c180 2020,lắp ráp trong nước,sedan,số tự động,xăng,2020.0,40000.0,60.0,1.5,820.0,812.4110396312967
toyota,land cruiser vx 4.6 v8 2015,nhập khẩu,suv,số tự động,xăng,2015.0,160000.0,97.0,4.6,1990.0,1986.340852021496
hyundai,tucson 2.0 at crdi 2020,lắp ráp trong nước,crossover,số tự động,dầu,2020.0,179626.7683965918,59.0,2.0,695.0,675.4374511505039
ford,everest titanium 2.0l 4x2 at 2022,nhập khẩu,suv,số tự động,dầu,2022.0,80000.0,58.0,2.0,1169.0,1075.3959935310309
ford,everest titanium 2.0l 4x2 at 2023,nhập khẩu,suv,số tự động,dầu,2023.0,29000.0,57.0,2.0,1260.0,1215.1118549772452
mercedes,benz glc 300 4matic 2018,lắp ráp trong nước,suv,số tự động,xăng,2018.0,62000.0,66.0,2.0,1039.0,1034.3868828955826
mazda,3 s 1.6 at 2012,lắp ráp trong nước,sedan,số tự động,xăng,2012.0,179626.7683965918,75.0,1.6,285.0,221.42457716473243
hyundai,i10 grand 1.2 mt base 2019,lắp ráp trong nước,sedan,số tay,xăng,2019.0,179626.7683965918,76.0,1.25,210.0,215.39111623239103
kia,cerato 2.0 at premium 2019,lắp ráp trong nước,sedan,số tự động,xăng,2019.0,54000.0,60.0,2.0,458.0,457.5747552640838
mercedes,benz e class e300 amg 2021,lắp ráp trong nước,sedan,số tự động,hybrid,2021.0,52000.0,59.0,2.0,1699.0,1832.2890285333715
lexus,rx 350 2017,nhập khẩu,suv,số tự động,xăng,2017.0,150000.0,57.0,3.5,2050.0,2156.180553508335
hyundai,tucson 2.0 ath 2020,lắp ráp trong nước,crossover,số tự động,xăng,2020.0,70000.0,68.0,2.0,666.0,672.7073856988108
kia,seltos gt,lắp ráp trong nước,crossover,số tự động,xăng,2024.0,19000.0,58.0,1.4,1.0,1.3030511927260449
hyundai,tucson 2.0 at crdi 2020,lắp ráp trong nước,crossover,số tự động,dầu,2020.0,49000.0,57.0,2.0,675.0,698.3006587546814
chevrolet,spark lite van 0.8 mt 2013,lắp ráp trong nước,van/minivan,số tay,xăng,2013.0,200000.0,57.0,0.8,52.0,49.53067697693828
kia,morning slx 1.0 mt 2009,nhập khẩu,hatchback,số tay,xăng,2009.0,179626.7683965918,71.0,1.0,86.0,97.15433092684133
hyundai,i20 active 1.4 at 2015,nhập khẩu,crossover,số tự động,xăng,2015.0,90000.0,57.0,1.4,339.0,335.4083528766516
toyota,corolla altis 1.8g mt 2009,lắp ráp trong nước,sedan,số tay,xăng,2009.0,80000.0,58.0,1.8,200.0,192.8948596972981
hyundai,accent 1.4 at đặc biệt 2023,lắp ráp trong nước,sedan,số tự động,xăng,2023.0,50000.0,57.0,1.4,455.0,466.4000238442889
kia,carnival signature 2.2d 2025,lắp ráp trong nước,van/minivan,số tự động,dầu,2025.0,5000.0,65.0,2.2,1630.0,1655.3478702012587
peugeot,3008 gt 2024,lắp ráp trong nước,crossover,số tự động,xăng,2024.0,5555.0,72.0,1.6,909.0,929.3046690956154
bmw,5 series 535i 2015,nhập khẩu,sedan,số tự động,xăng,2015.0,120000.0,57.0,3.0,895.0,888.6342358374494
toyota,camry 2.0g 2020,nhập khẩu,sedan,số tự động,xăng,2020.0,61000.0,57.0,2.0,765.0,789.935666705386
mitsubishi,outlander 2.0 cvt premium 2018,lắp ráp trong nước,suv,số tự động,xăng,2018.0,77000.0,98.0,2.0,555.0,538.7238794881933
hyundai,accent 1.4 at đặc biệt 2021,lắp ráp trong nước,sedan,số tự động,xăng,2021.0,42568.0,57.0,1.4,425.0,432.4820623548612
mercedes,benz gla class gla 45 s amg 4matic 2022,nhập khẩu,suv,số tự động,xăng,2022.0,4500.0,57.0,2.0,2129.0,2035.1274783792687
peugeot,408 gt 1.6 at 2023,lắp ráp trong nước,crossover,số tự động,xăng,2023.0,15000.0,107.0,1.6,1059.0,550.780508415786
hyundai,santafe cao cấp 2.2l htrac 2021,lắp ráp trong nước,suv,số tự động,dầu,2021.0,50000.0,58.0,2.2,1050.0,1002.6736008036265
hyundai,elantra 2.0 at 2021,lắp ráp trong nước,sedan,số tự động,xăng,2021.0,52000.0,58.0,2.0,455.0,503.6033477887683
mercedes,benz s class s450l 2020,lắp ráp trong nước,sedan,số tự động,xăng,2020.0,50099.0,63.0,3.0,2309.0,2248.373347708447
vinfast,vf e34 at 2022,lắp ráp trong nước,crossover,số tự động,điện,2022.0,64000.0,64.0,0.1,440.0,337.274681443776
toyota,corolla altis 1.8g at 2017,lắp ráp trong nước,sedan,số tự động,xăng,2017.0,150000.0,57.0,1.8,475.0,454.93675348824536
toyota,vios 1.5e mt 2019,lắp ráp trong nước,sedan,số tay,xăng,2019.0,75000.0,57.0,1.5,315.0,301.92619191694826
mercedes,benz glc 200 2019,lắp ráp trong nước,suv,số tự động,xăng,2019.0,79000.0,58.0,2.0,955.0,982.645677971001
ford,territory titanium x 1.5 at 2023,lắp ráp trong nước,suv,số tự động,xăng,2023.0,27000.0,81.0,1.5,790.0,796.2381392720051
toyota,vios 1.5e mt 2020,lắp ráp trong nước,sedan,số tay,xăng,2020.0,50000.0,59.0,1.5,355.0,324.2613773068178
mazda,cx5 2.5 at 2wd 2017,lắp ráp trong nước,suv,số tự động,xăng,2017.0,110000.0,57.0,2.5,499.0,513.8487986480063
bmw,x1 sdrive18i 2016,nhập khẩu,suv,số tự động,xăng,2016.0,65000.0,58.0,1.5,565.0,549.5493685827848
ford,ranger xl 2.5l 4x2 mt 2007,lắp ráp trong nước,bán tải / pickup,số tay,dầu,2007.0,179626.7683965918,89.0,2.5,135.0,148.16293697474666
ford,territory titanium 1.5 at 2022,lắp ráp trong nước,suv,số tự động,xăng,2022.0,55000.0,57.0,1.5,735.0,739.0147380127139
mercedes,benz c class c250 exclusive 2016,lắp ráp trong nước,sedan,số tự động,xăng,2016.0,90000.0,58.0,2.0,599.0,647.789470464453
honda,accord 2.4 at 2018,nhập khẩu,sedan,số tự động,xăng,2018.0,90000.0,57.0,2.4,655.0,612.5337544543421
hyundai,creta đặc biệt 1.5 at 2022,nhập khẩu,crossover,số tự động,xăng,2022.0,40000.0,74.0,1.5,595.0,586.1784988838751
kia,morning van 1.0 at 2013,nhập khẩu,van/minivan,số tự động,xăng,2013.0,100000.0,66.0,1.0,165.0,154.66599289486328
ford,ecosport titanium 1.5l at 2019,lắp ráp trong nước,suv,số tự động,xăng,2019.0,68000.0,93.0,1.5,390.0,404.39683240928105
mercedes,benz c class c200 2012,lắp ráp trong nước,sedan,số tự động,xăng,2012.0,110000.0,57.0,1.8,348.0,271.5095298519194
vinfast,fadil 1.4 at 2021,lắp ráp trong nước,hatchback,số tự động,xăng,2021.0,56000.0,57.0,1.4,309.0,306.2851037997793
mazda,cx5 2.5 at 2wd 2017,lắp ráp trong nước,suv,số tự động,xăng,2017.0,96000.0,57.0,2.5,570.0,515.2416558617265
mercedes,benz glc 300 4matic 2018,lắp ráp trong nước,suv,số tự động,xăng,2018.0,104000.0,57.0,2.0,929.0,1022.5222342238836
volkswagen,viloran luxury 2024,nhập khẩu,van/minivan,số tự động,xăng,2024.0,51000.0,58.0,2.0,1999.0,2132.6644995687343
landrover,range rover velar r,nhập khẩu,suv,số tự động,xăng,2022.0,14000.0,57.0,2.0,2000.0,2310.0112869924856
ford,everest titanium 2.0l 4x2 at 2023,nhập khẩu,suv,số tự động,dầu,2023.0,25000.0,58.0,2.0,1225.0,1215.7979097959615
ford,ecosport titanium 1.5l at 2016,lắp ráp trong nước,suv,số tự động,xăng,2016.0,86000.0,57.0,1.5,295.0,313.0450739345353
toyota,avanza premio 1.5 at 2022,lắp ráp trong nước,suv,số tự động,xăng,2022.0,33000.0,57.0,1.5,468.0,437.9384825050007
mercedes,benz glc 300 4matic 2018,lắp ráp trong nước,suv,số tự động,xăng,2018.0,64000.0,57.0,2.0,990.0,1030.429419942861
mercedes,benz c class c300 amg 2017,lắp ráp trong nước,sedan,số tự động,xăng,2017.0,145000.0,64.0,2.0,719.0,738.2490195768532
hyundai,kona 2.0 at 2019,lắp ráp trong nước,crossover,số tự động,xăng,2019.0,82000.0,83.0,2.0,439.0,452.14540720229496
mercedes,benz glc 200 4matic 2023,lắp ráp trong nước,suv,số tự động,xăng,2023.0,19.0,58.0,2.0,2198.0,1963.207243315514
hyundai,tucson 2.0 ath 2016,nhập khẩu,crossover,số tự động,xăng,2016.0,74000.0,65.0,2.0,565.0,555.1635656232744
honda,crv l 2021,lắp ráp trong nước,suv,số tự động,xăng,2021.0,50000.0,57.0,1.5,865.0,825.7557344612131
suzuki,grand vitara 2.0 at 2014,nhập khẩu,suv,số tự động,xăng,2014.0,100000.0,57.0,2.0,338.0,355.0717875098124
kia,carens sxmt 2011,lắp ráp trong nước,crossover,số tay,xăng,2011.0,111111.0,57.0,2.0,165.0,134.75077089960354
chevrolet,lacetti 1.6 2011,lắp ráp trong nước,sedan,số tay,xăng,2011.0,179626.7683965918,63.0,1.6,120.0,111.48669090715748
hyundai,accent 1.4 at 2022,lắp ráp trong nước,sedan,số tự động,xăng,2022.0,36000.0,58.0,1.4,430.0,418.1697974865974
kia,k3 premium 1.6 at 2022,lắp ráp trong nước,sedan,số tự động,xăng,2022.0,60000.0,57.0,1.6,555.0,544.7748209657428
toyota,corolla cross 1.8hv 2021,nhập khẩu,suv,số tự động,hybrid,2021.0,56000.0,57.0,1.8,765.0,752.6036449541552
ford,ranger xls 2.2l 4x2 at 2016,nhập khẩu,bán tải / pickup,số tự động,dầu,2016.0,179626.7683965918,69.0,2.2,385.0,409.79922968334245
toyota,fortuner 2.4l 4x2 at 2022,lắp ráp trong nước,suv,số tự động,dầu,2022.0,90000.0,57.0,2.4,938.0,933.8635431693757
mercedes,benz c class c250 2014,lắp ráp trong nước,sedan,số tự động,xăng,2014.0,130000.0,57.0,1.8,360.0,381.8914195467414
ford,everest titanium 2.0l 4x2 at 2018,nhập khẩu,suv,số tự động,dầu,2018.0,88000.0,57.0,2.0,730.0,770.8985075027707
hyundai,santafe cao cấp 2.5l htrac 2022,lắp ráp trong nước,suv,số tự động,xăng,2022.0,40000.0,57.0,2.5,1065.0,1046.4359663099526
toyota,fortuner 2.7v 4x2 at 2020,nhập khẩu,suv,số tự động,xăng,2020.0,121600.0,58.0,2.7,740.0,758.4703079722752
mercedes,benz e class e300 amg 2019,lắp ráp trong nước,sedan,số tự động,xăng,2019.0,35000.0,57.0,2.0,1289.0,1322.02581501667
toyota,yaris 1.5g 2019,nhập khẩu,hatchback,số tự động,xăng,2019.0,58000.0,57.0,1.5,468.0,458.5930182018089
hyundai,santafe 2.0l 2011,nhập khẩu,suv,số tự động,dầu,2011.0,150000.0,58.0,2.0,450.0,355.30783951540957
honda,city rs 1.5 at 2022,lắp ráp trong nước,sedan,số tự động,xăng,2022.0,66000.0,76.0,1.5,438.0,463.28369460794994
landrover,range rover hse 3.0 2014,nhập khẩu,suv,số tự động,xăng,2014.0,70000.0,78.0,3.0,2199.0,2041.2636096528763
lexus,rx 350 awd 2010,nhập khẩu,suv,số tự động,xăng,2010.0,100000.0,57.0,3.5,820.0,805.4547595921451
hyundai,santafe premium 2.2l htrac 2020,lắp ráp trong nước,suv,số tự động,dầu,2020.0,179626.7683965918,57.0,2.2,880.0,833.8506965515842
toyota,innova 2.0e 2019,lắp ráp trong nước,crossover,số tay,xăng,2019.0,62000.0,57.0,2.0,415.0,439.0625014074775
toyota,corolla cross 1.8g 2021,nhập khẩu,suv,số tự động,xăng,2021.0,30000.0,58.0,1.8,640.0,606.2559172723022
peugeot,5008 gt 1.6 at 2024,lắp ráp trong nước,suv,số tự động,xăng,2024.0,5000.0,59.0,1.6,1038.0,995.0787925725976
hyundai,accent 1.4 at 2013,nhập khẩu,hatchback,số tự động,xăng,2013.0,142000.0,58.0,1.4,259.0,253.66615340241813
kia,morning lx 2016,lắp ráp trong nước,hatchback,số tay,xăng,2016.0,121000.0,58.0,1.25,165.0,133.25835099284802
toyota,innova 2.0e 2018,lắp ráp trong nước,crossover,số tay,xăng,2018.0,80000.0,75.0,2.0,395.0,422.8193781904364
mercedes,benz e class e250 amg 2015,lắp ráp trong nước,sedan,số tự động,xăng,2015.0,179626.7683965918,58.0,2.0,538.0,562.9029853954131
audi,a6 2.0t 2013,nhập khẩu,sedan,số tự động,xăng,2013.0,100000.0,60.0,2.0,445.0,456.18669539261055
mercedes,benz glc 200 2020,lắp ráp trong nước,suv,số tự động,xăng,2020.0,46000.0,57.0,2.0,1150.0,1147.5961812502908
hyundai,tucson 2.0 at crdi 2019,lắp ráp trong nước,crossover,số tự động,dầu,2019.0,90800.0,57.0,2.0,639.0,632.582800266451
mazda,6 2.0l premium 2017,lắp ráp trong nước,sedan,số tự động,xăng,2017.0,80000.0,96.0,2.0,492.0,454.06285963805817
mercedes,benz e class e200 2020,lắp ráp trong nước,sedan,số tự động,xăng,2020.0,179626.7683965918,60.0,2.0,1039.0,1034.002886926155
honda,city rs 1.5 at 2021,lắp ráp trong nước,sedan,số tự động,xăng,2021.0,36000.0,57.0,1.5,449.0,447.2450112882339
toyota,camry 2.0e 2017,lắp ráp trong nước,sedan,số tự động,xăng,2017.0,90000.0,57.0,2.0,570.0,579.3030116002652
mitsubishi,attrage premium 1.2 cvt 2021,nhập khẩu,sedan,số tự động,xăng,2021.0,179626.7683965918,95.0,1.2,360.0,342.8869118025289
mitsubishi,outlander 2.0 cvt 2016,nhập khẩu,suv,số tự động,xăng,2016.0,108168.0,61.0,2.0,420.0,426.42369820327485
kia,sorento signature 1.6 at awd hybrid 2022,lắp ráp trong nước,suv,số tự động,hybrid,2022.0,10000.0,57.0,1.6,1150.0,1144.7443629688405
audi,q5 sline 45 tfsi quattro 2023,nhập khẩu,suv,số tự động,xăng,2023.0,9000.0,61.0,2.0,1990.0,1788.5624030390104
bmw,5 series 523i 2011,nhập khẩu,sedan,số tự động,xăng,2011.0,140000.0,57.0,2.5,448.0,433.1921695723968
toyota,prado txl 2.7l 2015,nhập khẩu,suv,số tự động,xăng,2015.0,200000.0,57.0,2.7,1120.0,1045.6770457303803
mercedes,benz e class e200 2019,lắp ráp trong nước,sedan,số tự động,xăng,2019.0,179626.7683965918,59.0,2.0,965.0,1009.1516395571599
kia,seltos luxury 1.4 at 2021,lắp ráp trong nước,crossover,số tự động,xăng,2021.0,30000.0,57.0,1.4,565.0,547.1386818549228
hyundai,elantra 1.6 at tiêu chuẩn 2024,lắp ráp trong nước,sedan,số tự động,xăng,2024.0,300.0,59.0,1.6,550.0,512.3818020868116
mg,zs luxury 1.5 at 2wd 2024,nhập khẩu,crossover,số tự động,xăng,2024.0,11000.0,57.0,1.5,498.0,404.7939756084688
ford,ecosport titanium 1.5l at 2019,lắp ráp trong nước,suv,số tự động,xăng,2019.0,63000.0,57.0,1.5,358.0,406.662671501045
toyota,rush 1.5s at 2020,nhập khẩu,suv,số tự động,xăng,2020.0,33000.0,57.0,1.5,505.0,499.3922324957689
kia,frontier k165 thùng mui bạt 2015,lắp ráp trong nước,truck,số tay,dầu,2015.0,200000.0,57.0,2.097755539082448,269.0,263.2989804660256
mercedes,benz c class c200 avantgarde 2023,lắp ráp trong nước,sedan,số tự động,xăng,2023.0,3500.0,57.0,1.5,1398.0,1398.9413828066588
mitsubishi,triton athlete 4x4 at 2023,nhập khẩu,bán tải / pickup,số tự động,dầu,2023.0,17368.0,57.0,2.4,765.0,751.7950659910772
mazda,cx5 premium sport 2.0 at 2025,lắp ráp trong nước,suv,số tự động,xăng,2025.0,2000.0,61.0,2.0,855.0,849.4617933667087
mitsubishi,mirage 1.2 at 2016,nhập khẩu,hatchback,số tự động,xăng,2016.0,140000.0,57.0,1.2,235.0,216.47736525049592
mazda,3 1.5 at 2015,lắp ráp trong nước,sedan,số tự động,xăng,2015.0,110000.0,81.0,1.5,320.0,344.6939597400408
mercedes,benz glc 200 2022,lắp ráp trong nước,suv,số tự động,xăng,2022.0,39000.0,58.0,2.0,1358.0,1378.6462919673188
ford,everest titanium plus 2.0l 4x4 at 2024,nhập khẩu,suv,số tự động,dầu,2024.0,29000.0,57.0,2.0,1395.0,1436.3247227458103
toyota,innova g 2.0 at 2022,lắp ráp trong nước,crossover,số tự động,xăng,2022.0,54907.0,59.0,2.0,715.0,716.0767570838028
kia,sportage signature 1.6t awd 2023,lắp ráp trong nước,crossover,số tự động,xăng,2023.0,10000.0,57.0,1.6,915.0,901.886291365859
vinfast,vf3 plus 2024,lắp ráp trong nước,hatchback,số tự động,điện,2024.0,9000.0,67.0,2.097755539082448,235.0,231.93648683063927
mercedes,benz e class e200 exclusive 2021,lắp ráp trong nước,sedan,số tự động,xăng,2021.0,54000.0,96.0,2.0,1350.0,1436.3490749894058
ford,ranger raptor 2.0l 4x4 at 2023,nhập khẩu,bán tải / pickup,số tự động,dầu,2023.0,40000.0,58.0,2.0,1145.0,1139.8995887620677
ford,explorer limited 2.3l ecoboost 2018,nhập khẩu,suv,số tự động,xăng,2018.0,80000.0,58.0,2.3,999.0,970.2308274621707
toyota,camry 2.0g 2020,nhập khẩu,sedan,số tự động,xăng,2020.0,179626.7683965918,66.0,2.0,800.0,763.822907411943
kia,seltos premium 1.4 at 2021,lắp ráp trong nước,crossover,số tự động,xăng,2021.0,50000.0,59.0,1.4,590.0,574.8437776649603
mazda,3 1.5l luxury 2019,lắp ráp trong nước,sedan,số tự động,xăng,2019.0,75000.0,59.0,1.5,425.0,450.7160307233362
mercedes,benz gls 400 4matic 2016,nhập khẩu,suv,số tự động,xăng,2016.0,85000.0,58.0,3.0,1650.0,1556.2648205536811
ford,ranger xls 2.2l 4x2 at 2022,lắp ráp trong nước,bán tải / pickup,số tự động,dầu,2022.0,48000.0,63.0,2.2,560.0,570.8181600934611
kia,carnival gs 2.5 at 2009,lắp ráp trong nước,van/minivan,số tự động,xăng,2009.0,54000.0,57.0,2.5,199.0,166.05729792091472
toyota,veloz cross 1.5 cvt 2024,lắp ráp trong nước,suv,số tự động,xăng,2024.0,18000.0,60.0,1.5,560.0,578.2474533585851
toyota,raize g 1.0 cvt 2024,nhập khẩu,suv,số tự động,xăng,2024.0,6000.0,57.0,1.0,495.0,504.54008480967457
vinfast,fadil tiêu chuẩn 1.4 at 2022,lắp ráp trong nước,hatchback,số tự động,xăng,2022.0,35000.0,68.0,1.4,335.0,321.7230920691344
toyota,yaris 1.5g 2019,nhập khẩu,hatchback,số tự động,xăng,2019.0,179626.7683965918,87.0,1.5,410.0,443.19637839169997
mitsubishi,outlander 2.0 cvt 2022,lắp ráp trong nước,suv,số tự động,xăng,2022.0,30000.0,60.0,2.0,710.0,685.4651881742199
mercedes,benz c class c200 exclusive 2020,lắp ráp trong nước,sedan,số tự động,xăng,2020.0,65000.0,58.0,1.5,995.0,993.8434922939545
mitsubishi,outlander 2.0 cvt 2017,nhập khẩu,suv,số tự động,xăng,2017.0,80000.0,67.0,2.0,445.0,459.35287629995696
hyundai,palisade prestige 2.2 at htrac 2023,lắp ráp trong nước,suv,số tự động,dầu,2023.0,3800.0,58.0,2.2,1450.0,1384.8630456950125
mercedes,benz glc 200 2022,lắp ráp trong nước,suv,số tự động,xăng,2022.0,28000.0,57.0,2.0,1359.0,1378.6385033312476
ford,ranger xls 2.2l 4x2 at 2019,nhập khẩu,bán tải / pickup,số tự động,dầu,2019.0,90000.0,57.0,2.2,499.0,509.6730314311539
suzuki,ertiga hybrid 1.5 at 2022,nhập khẩu,suv,số tự động,hybrid,2022.0,50000.0,57.0,1.5,455.0,442.76966676592997
lexus,gx 460 2010,nhập khẩu,suv,số tự động,xăng,2010.0,80000.0,57.0,4.6,1165.0,1209.9472423619484
honda,crv 2.4 at 2014,lắp ráp trong nước,suv,số tự động,xăng,2014.0,90000.0,57.0,2.4,465.0,455.5946230152581
chevrolet,trailblazer ltz 2.5l vgt 4x4 at 2018,nhập khẩu,suv,số tự động,dầu,2018.0,96000.0,104.0,2.5,590.0,583.4906433359582
mercedes,benz s class s450l 2017,lắp ráp trong nước,sedan,số tự động,xăng,2017.0,61200.0,57.0,3.0,1695.0,1740.0510034789904
toyota,vios 1.5e mt 2020,lắp ráp trong nước,sedan,số tay,xăng,2020.0,78000.0,90.0,1.5,320.0,320.35734535134895
peugeot,3008 1.6 at 2015,lắp ráp trong nước,crossover,số tự động,xăng,2015.0,73000.0,58.0,1.6,366.0,360.94885862982784
peugeot,3008 gt 2022,lắp ráp trong nước,crossover,số tự động,xăng,2022.0,21000.0,82.0,1.6,855.0,825.3195709414582
honda,crv g 2020,lắp ráp trong nước,suv,số tự động,xăng,2020.0,60000.0,60.0,1.5,789.0,641.2586003875383
mazda,cx3 premium 1.5 at 2021,nhập khẩu,crossover,số tự động,xăng,2021.0,70000.0,58.0,1.5,520.0,535.1868849192156
kia,rio ex 1.4 mt 2009,nhập khẩu,sedan,số tay,xăng,2009.0,179626.7683965918,96.0,1.4,109.0,111.39630047391177
mazda,3 1.5 at 2018,lắp ráp trong nước,sedan,số tự động,xăng,2018.0,88000.0,57.0,1.5,418.0,421.91552129608607
kia,sorento signature 2.2 at awd 2023,lắp ráp trong nước,suv,số tự động,dầu,2023.0,50000.0,57.0,2.2,1020.0,1036.28856481934
ford,everest titanium 2.0l 4x4 at 2019,nhập khẩu,suv,số tự động,dầu,2019.0,87000.0,57.0,2.0,875.0,861.992270099083
hyundai,santafe cao cấp 2.2l htrac 2021,lắp ráp trong nước,suv,số tự động,dầu,2021.0,50000.0,60.0,2.2,1060.0,1003.8071902439741
kia,rio 1.4 mt 2011,nhập khẩu,sedan,số tay,xăng,2011.0,201000.0,58.0,1.4,125.0,130.13249368746617
mercedes,benz s class s450l 2018,lắp ráp trong nước,sedan,số tự động,xăng,2018.0,100000.0,58.0,3.0,1855.0,1909.3716270776113
ford,ecosport titanium 1.5 at 2020,lắp ráp trong nước,suv,số tự động,xăng,2020.0,64000.0,76.0,1.5,450.0,470.63741729297584
mercedes,benz glc 300 4matic 2021,lắp ráp trong nước,suv,số tự động,xăng,2021.0,52000.0,57.0,2.0,1580.0,1591.8646218358872
ford,everest titanium plus 2.0l 4x4 at 2023,nhập khẩu,suv,số tự động,dầu,2023.0,47000.0,58.0,2.0,1395.0,1370.0154862991394
vinfast,vf3 plus 2024,lắp ráp trong nước,hatchback,số tự động,điện,2024.0,10000.0,57.0,2.097755539082448,229.0,231.23806276330382
ford,focus sport 1.5l 2016,lắp ráp trong nước,hatchback,số tự động,xăng,2016.0,86000.0,59.0,1.5,355.0,401.8219679439383
kia,k3 gt 1.6 at turbo 2022,lắp ráp trong nước,sedan,số tự động,xăng,2022.0,54000.0,58.0,1.6,575.0,591.8844289803274
ford,transit limousine 2021,lắp ráp trong nước,van/minivan,số tay,dầu,2021.0,179626.7683965918,60.0,2.4,790.0,651.0366706820889
kia,sedona 3.3 gat premium 2019,lắp ráp trong nước,van/minivan,số tự động,xăng,2019.0,62000.0,57.0,3.3,698.0,679.9075311584556
mitsubishi,outlander 2.4 cvt 2017,nhập khẩu,suv,số tự động,xăng,2017.0,36000.0,63.0,2.4,575.0,569.4226363660149
honda,crv l 2019,nhập khẩu,suv,số tự động,xăng,2019.0,67000.0,57.0,1.5,770.0,757.6165031995289
toyota,fortuner 2.4g 4x2 at 2018,nhập khẩu,suv,số tự động,dầu,2018.0,66000.0,57.0,2.4,745.0,786.9976905188831
ford,ranger xls 2.2l 4x2 at 2017,nhập khẩu,bán tải / pickup,số tự động,dầu,2017.0,11479.0,93.0,2.2,450.0,431.8826097337946
kia,sportage signature 2.0g 2022,lắp ráp trong nước,crossover,số tự động,xăng,2022.0,17000.0,99.0,2.0,800.0,355.54048731157457
ford,ecosport titanium 1.5l at 2020,lắp ráp trong nước,suv,số tự động,xăng,2020.0,23000.0,57.0,1.5,450.0,455.81660032379307
ford,everest sport 2.0l 4x2 at 2023,nhập khẩu,suv,số tự động,dầu,2023.0,42153.0,57.0,2.0,1150.0,1121.6937687156608
mazda,3 1.5l luxury 2024,lắp ráp trong nước,sedan,số tự động,xăng,2024.0,40000.0,58.0,1.5,599.0,608.2925908841157
ford,everest 2.5l 4x2 mt 2009,lắp ráp trong nước,suv,số tay,dầu,2009.0,158000.0,57.0,2.5,255.0,217.79357944205813
toyota,yaris 1.5g 2016,nhập khẩu,hatchback,số tự động,xăng,2016.0,48000.0,67.0,1.5,355.0,379.949402409717
peugeot,2008 gt line 1.2 at 2021,lắp ráp trong nước,crossover,số tự động,xăng,2021.0,38000.0,58.0,1.2,550.0,594.1532454284815
ford,everest titanium 2.0l 4x2 at 2021,nhập khẩu,suv,số tự động,dầu,2021.0,56000.0,57.0,2.0,915.0,922.6722513562081
kia,cerato 1.6 at 2017,lắp ráp trong nước,sedan,số tự động,xăng,2017.0,124000.0,58.0,1.6,380.0,375.6574557673384
mercedes,benz glc 300 4matic 2021,lắp ráp trong nước,suv,số tự động,xăng,2021.0,50000.0,58.0,2.0,1630.0,1593.202104843197
mercedes,benz c class c200 2016,lắp ráp trong nước,sedan,số tự động,xăng,2016.0,70000.0,58.0,2.0,585.0,578.8752789678227
landrover,range rover hse 3.0 2014,nhập khẩu,suv,số tự động,xăng,2014.0,135000.0,68.0,3.0,1999.0,2018.2677000992733
toyota,corolla altis 2.0v 2015,lắp ráp trong nước,sedan,số tự động,xăng,2015.0,86000.0,58.0,2.0,460.0,449.642004315447
hyundai,santafe 2.2l 2019,lắp ráp trong nước,suv,số tự động,dầu,2019.0,76000.0,57.0,2.2,759.0,781.156103373617
toyota,camry 2.4g 2012,lắp ráp trong nước,sedan,số tự động,xăng,2012.0,179626.7683965918,59.0,2.4,376.0,385.2505297097431
landrover,range rover supercharged 5.0 2013,nhập khẩu,suv,số tự động,xăng,2013.0,75000.0,57.0,5.0,1979.0,1945.4781992200196
ford,ranger wildtrak 3.2l 4x4 at 2016,nhập khẩu,bán tải / pickup,số tự động,dầu,2016.0,140000.0,57.0,3.2,485.0,493.64814461304786
honda,brio rs 2019,nhập khẩu,hatchback,số tự động,xăng,2019.0,7000.0,85.0,1.2,298.0,339.63831097980915
hyundai,accent 1.4 at 2021,lắp ráp trong nước,sedan,số tự động,xăng,2021.0,51000.0,57.0,1.4,429.0,399.590321665086
ford,focus 1.8 at 2012,lắp ráp trong nước,hatchback,số tự động,xăng,2012.0,130000.0,84.0,1.8,225.0,221.6695806745436
mazda,3 1.5l luxury 2019,lắp ráp trong nước,sedan,số tự động,xăng,2019.0,80000.0,107.0,1.5,430.0,441.49921370173655
toyota,fortuner 2.4l 4x2 at 2022,lắp ráp trong nước,suv,số tự động,dầu,2022.0,14000.0,57.0,2.4,957.0,942.1898031711562
toyota,vios 1.5g 2013,lắp ráp trong nước,sedan,số tự động,xăng,2013.0,18000.0,58.0,1.5,275.0,282.51570720655354
mitsubishi,triton gls 4x4 mt 2011,nhập khẩu,bán tải / pickup,số tay,dầu,2011.0,160000.0,58.0,2.5,240.0,236.3447389015426
mercedes,benz s class s500l 2014,nhập khẩu,sedan,số tự động,xăng,2014.0,80000.0,60.0,4.7,1090.0,1268.8912019490708
bmw,x3 xdrive20i 2016,nhập khẩu,suv,số tự động,xăng,2016.0,82000.0,57.0,2.0,659.0,669.3400957414797
kia,morning 1.0 at sport 2011,nhập khẩu,hatchback,số tự động,xăng,2011.0,120000.0,59.0,1.0,215.0,209.2578264906582
toyota,fortuner 2.4g 4x2 mt 2017,nhập khẩu,suv,số tay,dầu,2017.0,66000.0,57.0,2.4,670.0,644.9977888737185
mercedes,benz glc 200 2019,lắp ráp trong nước,suv,số tự động,xăng,2019.0,70000.0,57.0,2.0,999.0,983.586172350994
vinfast,vf3 plus 2024,lắp ráp trong nước,hatchback,số tự động,điện,2024.0,7000.0,83.0,2.097755539082448,239.0,231.29286512382453
toyota,innova 2.0v 2016,lắp ráp trong nước,crossover,số tự động,xăng,2016.0,130000.0,58.0,2.0,485.0,422.78981416704477
mitsubishi,triton athlete 4x2 at 2022,nhập khẩu,bán tải / pickup,số tự động,dầu,2022.0,56000.0,58.0,2.4,628.0,634.5405220653863
hyundai,tucson 2.0 ath 2020,lắp ráp trong nước,crossover,số tự động,xăng,2020.0,43000.0,58.0,2.0,675.0,672.4900048405084
kia,rondo gat deluxe 2022,lắp ráp trong nước,suv,số tự động,xăng,2022.0,84500.0,57.0,2.0,458.0,458.0107590649636
hyundai,tucson 2.0 at crdi đặc biệt 2024,lắp ráp trong nước,crossover,số tự động,dầu,2024.0,20000.0,58.0,2.0,955.0,523.6878948361978
mazda,cx8 premium 2.5 at 2024,lắp ráp trong nước,suv,số tự động,xăng,2024.0,9000.0,75.0,2.5,985.0,993.1788184260802
mercedes,benz s class s500l 2015,nhập khẩu,sedan,số tự động,xăng,2015.0,179626.7683965918,59.0,4.7,1259.0,1372.505693692456
kia,morning x,lắp ráp trong nước,hatchback,số tự động,xăng,2021.0,58000.0,57.0,1.25,2021.0,1959.7724406420712
mitsubishi,xpander 1.5 at 2019,nhập khẩu,suv,số tự động,xăng,2019.0,57000.0,58.0,1.5,450.0,446.9172379217533
mercedes,benz c class c200 2018,lắp ráp trong nước,sedan,số tự động,xăng,2018.0,100000.0,69.0,2.0,650.0,738.7105532459109
hyundai,i10 grand 1.2 mt 2018,lắp ráp trong nước,hatchback,số tay,xăng,2018.0,10000.0,95.0,1.25,228.0,229.53313539290383
mazda,3 1.6 at 2010,nhập khẩu,hatchback,số tự động,xăng,2010.0,179626.7683965918,100.0,1.6,225.0,223.51835705893438
toyota,fortuner 2.5g 2013,lắp ráp trong nước,suv,số tay,dầu,2013.0,179626.7683965918,96.0,2.5,470.0,470.67736929348905
toyota,camry 2.0e 2013,lắp ráp trong nước,sedan,số tự động,xăng,2013.0,90000.0,57.0,2.0,445.0,438.52573175226723
ford,ranger raptor 2.0l 4x4 at 2021,nhập khẩu,bán tải / pickup,số tự động,dầu,2021.0,63000.0,65.0,2.0,996.0,980.5400124048913
bmw,x3 sdrive20i 2024,lắp ráp trong nước,suv,số tự động,xăng,2024.0,12000.0,60.0,2.0,1658.0,1627.1313117411635
suzuki,swift glx 1.2 at 2020,nhập khẩu,hatchback,số tự động,xăng,2020.0,42000.0,57.0,1.2,415.0,433.05504193119805
bmw,5 series 520i 2023,lắp ráp trong nước,sedan,số tự động,xăng,2023.0,20000.0,58.0,2.0,1739.0,1693.85830089716
mazda,cx5 2.0 at 2018,lắp ráp trong nước,suv,số tự động,xăng,2018.0,74000.0,59.0,2.0,560.0,578.4351420898993
ford,territory titanium x 1.5 at 2024,lắp ráp trong nước,suv,số tự động,xăng,2024.0,10000.0,72.0,1.5,825.0,832.8003696436328
ford,ranger xls 2.2l 4x2 at 2020,nhập khẩu,bán tải / pickup,số tự động,dầu,2020.0,100000.0,59.0,2.2,505.0,535.2652173932007
mazda,cx5 2.0 at 2018,lắp ráp trong nước,suv,số tự động,xăng,2018.0,90000.0,57.0,2.0,598.0,576.4831222253683
nissan,sunny xl 2019,lắp ráp trong nước,sedan,số tay,xăng,2019.0,70000.0,59.0,1.5,250.0,260.8258050566746
hyundai,santafe cao cấp 2.2l htrac 2021,lắp ráp trong nước,suv,số tự động,dầu,2021.0,60000.0,57.0,2.2,1050.0,1000.6215321870048
toyota,veloz cross top 1.5 cvt 2022,nhập khẩu,suv,số tự động,xăng,2022.0,55000.0,57.0,1.5,555.0,557.564734128003
peugeot,3008 al 2022,lắp ráp trong nước,crossover,số tự động,xăng,2022.0,40000.0,78.0,1.6,765.0,762.2716650624736
ford,ranger xls 2.0l 4x2 at 2024,lắp ráp trong nước,bán tải / pickup,số tự động,dầu,2024.0,19000.0,57.0,2.0,655.0,665.706687966876
ford,ranger xls 2.2l 4x2 at 2019,nhập khẩu,bán tải / pickup,số tự động,dầu,2019.0,6000.0,60.0,2.2,500.0,509.24745198987665
mercedes,benz glc 200 2022,lắp ráp trong nước,suv,số tự động,xăng,2022.0,28000.0,57.0,2.0,1358.0,1378.6385033312476
mazda,2 1.5 at 2018,lắp ráp trong nước,sedan,số tự động,xăng,2018.0,50000.0,57.0,1.5,365.0,345.5437870656681
toyota,fortuner 2.4l 4x2 at 2022,lắp ráp trong nước,suv,số tự động,dầu,2022.0,100000.0,57.0,2.4,920.0,931.4651507638654
mercedes,benz glc 250 4matic 2017,lắp ráp trong nước,suv,số tự động,xăng,2017.0,78000.0,72.0,2.0,839.0,820.139243255981
mazda,3 1.5l deluxe 2023,lắp ráp trong nước,sedan,số tự động,xăng,2023.0,26000.0,102.0,1.5,519.0,542.3319324137351
nissan,navara pro,nhập khẩu,bán tải / pickup,số tự động,dầu,2022.0,29000.0,57.0,2.3,4.0,13.712275853725425
honda,civic 1.8 at 2011,lắp ráp trong nước,sedan,số tự động,xăng,2011.0,100000.0,57.0,1.8,255.0,260.3054335749767
kia,seltos gt,lắp ráp trong nước,crossover,số tự động,xăng,2025.0,1300.0,58.0,1.5,1.0,1.6148977154963944
kia,sonet premium 1.5 at 2023,lắp ráp trong nước,crossover,số tự động,xăng,2023.0,25000.0,62.0,1.5,568.0,567.3650825186692
toyota,prado txl 2.7l 2016,nhập khẩu,suv,số tự động,xăng,2016.0,120000.0,57.0,2.7,1160.0,1246.8677690993395
toyota,avanza 1.5 at 2020,nhập khẩu,crossover,số tự động,xăng,2020.0,65000.0,59.0,1.5,385.0,408.4864375843911
ford,focus 1.8 mt 2009,lắp ráp trong nước,sedan,số tay,xăng,2009.0,98000.0,57.0,1.8,185.0,106.74399208464911
hyundai,santafe 2.4l 4wd 2018,lắp ráp trong nước,suv,số tự động,xăng,2018.0,73000.0,58.0,2.4,639.0,668.8466847335477
hyundai,tucson 2.0 at 2020,lắp ráp trong nước,crossover,số tự động,xăng,2020.0,78000.0,66.0,2.0,536.0,610.7871435948373
ford,everest titanium 2.0l 4x4 at 2022,nhập khẩu,suv,số tự động,dầu,2022.0,71000.0,57.0,2.0,1040.0,1008.9981229360583
hyundai,i10 grand 1.2 at 2014,nhập khẩu,hatchback,số tự động,xăng,2014.0,85000.0,57.0,1.25,246.0,245.98956583399047
chevrolet,spark van 1.0 at 2016,nhập khẩu,van/minivan,số tự động,xăng,2016.0,11000.0,94.0,1.0,165.0,240.84192576865516
mercedes,benz glk class glk250 4matic 2014,lắp ráp trong nước,suv,số tự động,xăng,2014.0,110000.0,57.0,2.0,450.0,553.6578008712677
ford,everest titanium 2.0l 4x2 at 2022,nhập khẩu,suv,số tự động,dầu,2022.0,43000.0,74.0,2.0,930.0,1081.997822827729
ford,everest 2.5l 4x2 at 2014,lắp ráp trong nước,suv,số tự động,dầu,2014.0,83000.0,61.0,2.5,318.0,402.9192781219325
hyundai,santafe calligraphy 2.5l turbo htrac 2024,lắp ráp trong nước,suv,số tự động,xăng,2024.0,10000.0,58.0,2.5,1210.0,1223.9984877859479
ford,everest 2.5l 4x2 mt 2009,lắp ráp trong nước,suv,số tay,dầu,2009.0,156000.0,57.0,2.5,260.0,217.8898784196903
hyundai,i10 1.2 at 2022,lắp ráp trong nước,hatchback,số tự động,xăng,2022.0,15500.0,57.0,1.25,380.0,369.65659692893325
mercedes,benz glc 300 4matic 2022,lắp ráp trong nước,suv,số tự động,xăng,2022.0,38000.0,61.0,2.0,1550.0,1835.8385438227697
ford,ranger raptor 2.0l 4x4 at 2018,nhập khẩu,bán tải / pickup,số tự động,dầu,2018.0,90000.0,57.0,2.0,790.0,392.04687220827225
ford,ranger limited 2.0l 4x4 at 2020,nhập khẩu,bán tải / pickup,số tự động,dầu,2020.0,30000.0,58.0,2.0,629.0,611.2720708736757
kia,k3 1.6 at 2013,lắp ráp trong nước,sedan,số tự động,xăng,2013.0,179626.7683965918,58.0,1.6,325.0,176.85506453444603
hyundai,santafe premium 2.4l htrac 2019,lắp ráp trong nước,suv,số tự động,xăng,2019.0,80000.0,57.0,2.4,785.0,774.6491265139077
mitsubishi,xpander 1.5 mt 2024,lắp ráp trong nước,suv,số tay,xăng,2024.0,21000.0,57.0,1.5,508.0,445.2145269095108
hyundai,elantra 1.6 at 2019,lắp ráp trong nước,sedan,số tự động,xăng,2019.0,100000.0,105.0,1.6,400.0,416.4250038456246
volvo,xc40 ultimate b5 awd 2023,nhập khẩu,suv,số tự động,xăng,2023.0,17900.0,99.0,2.0,1658.0,1592.319718618366
hyundai,getz 1.1 mt 2009,nhập khẩu,hatchback,số tay,xăng,2009.0,16000.0,82.0,1.1,125.0,118.20015472962444
kia,sedona 2.2l dath 2018,lắp ráp trong nước,van/minivan,số tự động,dầu,2018.0,68000.0,58.0,2.2,669.0,661.8082870374944
hyundai,custin cao cấp 2.0t 2024,lắp ráp trong nước,van/minivan,số tự động,xăng,2024.0,24000.0,62.0,2.0,909.0,897.2642281338647
toyota,fortuner 2.7v 4x2 at 2019,nhập khẩu,suv,số tự động,xăng,2019.0,26000.0,58.0,2.7,765.0,739.5295537998785
kia,sonet premium 1.5 at 2023,lắp ráp trong nước,crossover,số tự động,xăng,2023.0,26139.0,58.0,1.5,565.0,566.1597784705002
bmw,7 series 750li 2015,nhập khẩu,sedan,số tự động,xăng,2015.0,1234.0,57.0,4.4,886.0,895.705828486887
porsche,macan 2.0 2017,nhập khẩu,suv,số tự động,xăng,2017.0,79000.0,60.0,2.0,1679.0,1722.976975687878
suzuki,swift glx 1.2 at 2021,nhập khẩu,hatchback,số tự động,xăng,2021.0,179626.7683965918,59.0,1.2,495.0,480.45707454846547
toyota,venza 2.7 awd 2009,nhập khẩu,crossover,số tự động,xăng,2009.0,83000.0,64.0,2.7,486.0,287.3693140872355
mitsubishi,outlander premium 2.0 cvt 2022,lắp ráp trong nước,suv,số tự động,xăng,2022.0,28000.0,58.0,2.0,760.0,751.6901336564215
ford,ranger xls 2.2l 4x2 at 2015,nhập khẩu,bán tải / pickup,số tự động,dầu,2015.0,20000.0,58.0,2.2,335.0,377.1859088149689
chevrolet,vivant cdx mt 2009,lắp ráp trong nước,crossover,số tay,xăng,2009.0,179626.7683965918,69.0,2.0,75.0,89.67027668675898
mitsubishi,outlander 2.0 cvt 2022,lắp ráp trong nước,suv,số tự động,xăng,2022.0,50000.0,57.0,2.0,689.0,683.4741305927043
hyundai,i10 1.2 at 2024,lắp ráp trong nước,hatchback,số tự động,xăng,2024.0,9000.0,57.0,1.25,409.0,401.66268744572153
ford,everest 2.5l 4x2 at 2012,lắp ráp trong nước,suv,số tự động,dầu,2012.0,179626.7683965918,89.0,2.5,245.0,448.20210010219824
mercedes,benz glc 300 4matic 2019,lắp ráp trong nước,suv,số tự động,xăng,2019.0,179626.7683965918,59.0,2.0,999.0,1119.608511602838
hyundai,accent 1.4 at 2020,lắp ráp trong nước,sedan,số tự động,xăng,2020.0,100000.0,72.0,1.4,365.0,379.2299884678644
mercedes,benz c class c200 2016,lắp ráp trong nước,sedan,số tự động,xăng,2016.0,70000.0,58.0,2.0,565.0,578.8752789678227
kia,carnival signature 2.2d 2021,lắp ráp trong nước,van/minivan,số tự động,dầu,2021.0,65000.0,57.0,2.2,1150.0,1143.5066355981169
audi,q7 3.0 at 2007,nhập khẩu,suv,số tự động,dầu,2007.0,179626.7683965918,58.0,3.0,360.0,645.1215841500464
kia,carnival signature 3.5g 2021,lắp ráp trong nước,van/minivan,số tự động,xăng,2021.0,40000.0,70.0,3.5,1190.0,1130.8034481631298
mazda,cx5 premium 2.0 at 2024,lắp ráp trong nước,suv,số tự động,xăng,2024.0,179626.7683965918,59.0,2.0,810.0,785.0865883421842
mazda,6 2.0 at 2016,lắp ráp trong nước,sedan,số tự động,xăng,2016.0,73000.0,72.0,2.0,385.0,409.06470544012325
toyota,corolla altis 1.8g at 2014,lắp ráp trong nước,sedan,số tự động,xăng,2014.0,110000.0,58.0,1.8,360.0,398.14712910831923
mercedes,benz c class c250 amg 2015,lắp ráp trong nước,sedan,số tự động,xăng,2015.0,137000.0,59.0,2.0,590.0,581.5332522251384
hyundai,elantra 1.6 at tiêu chuẩn 2022,lắp ráp trong nước,sedan,số tự động,xăng,2022.0,179626.7683965918,57.0,1.6,525.0,499.88796747087076
ford,everest titanium 2.0l 4x4 at 2019,nhập khẩu,suv,số tự động,dầu,2019.0,179626.7683965918,57.0,2.0,850.0,835.4493169887457
mazda,3 1.5 at 2016,lắp ráp trong nước,sedan,số tự động,xăng,2016.0,90000.0,65.0,1.5,325.0,372.50312038985203
mazda,cx8 premium 2022,lắp ráp trong nước,suv,số tự động,xăng,2022.0,57000.0,70.0,2.5,868.0,837.9317850494501
toyota,innova 2.0e 2016,lắp ráp trong nước,crossover,số tay,xăng,2016.0,9800.0,59.0,2.0,375.0,336.4181918527295
kia,morning ex 2016,lắp ráp trong nước,hatchback,số tay,xăng,2016.0,88000.0,70.0,1.25,155.0,142.28905427646455
lexus,rx 200t 2016,nhập khẩu,suv,số tự động,xăng,2016.0,70000.0,57.0,2.0,1699.0,1704.6574244763885
hyundai,tucson 1.6 at turbo htrac đặc biệt 2025,lắp ráp trong nước,crossover,số tự động,xăng,2025.0,35.0,58.0,1.6,975.0,984.6133379032829
hyundai,elantra 1.6 at 2020,lắp ráp trong nước,sedan,số tự động,xăng,2020.0,44000.0,72.0,1.6,445.0,457.007117418419
mercedes,benz c class c200 avantgarde plus 2022,lắp ráp trong nước,sedan,số tự động,xăng,2022.0,21000.0,57.0,1.5,1279.0,1372.1477776158076
volkswagen,teramont president 2.0 at 2024,nhập khẩu,suv,số tự động,xăng,2024.0,18000.0,82.0,2.0,2279.0,2293.993689177611
suzuki,super carry truck 1.0 mt 2013,lắp ráp trong nước,truck,số tay,xăng,2013.0,12345.0,61.0,1.0,123.0,147.12615276824187
lexus,rx 350 awd 2014,nhập khẩu,suv,số tự động,xăng,2014.0,80000.0,58.0,3.5,1280.0,1224.6581027533553
mitsubishi,xpander 1.5 at 2019,nhập khẩu,suv,số tự động,xăng,2019.0,60000.0,57.0,1.5,463.0,446.45880724289566
honda,city 1.5 2017,lắp ráp trong nước,sedan,số tự động,xăng,2017.0,90000.0,59.0,1.5,333.0,358.0113585548985
toyota,corolla altis 1.8g at 2019,lắp ráp trong nước,sedan,số tự động,xăng,2019.0,80000.0,57.0,1.8,519.0,528.8832389035764
kia,morning si at 2017,lắp ráp trong nước,hatchback,số tự động,xăng,2017.0,70000.0,82.0,1.25,270.0,264.2270973909538
kia,morning luxury 2022,lắp ráp trong nước,hatchback,số tự động,xăng,2022.0,54000.0,58.0,1.25,335.0,307.76139471120905
mini,cooper 3dr 2013,nhập khẩu,coupe,số tự động,xăng,2013.0,100000.0,57.0,1.6,540.0,832.0975573636767
hyundai,santafe cao cấp 2.2l htrac 2022,lắp ráp trong nước,suv,số tự động,dầu,2022.0,62000.0,57.0,2.2,1135.0,1131.0098402424162
volvo,xc60 t5 2014,nhập khẩu,suv,số tự động,xăng,2014.0,60000.0,66.0,2.0,579.0,595.6619938752901
vinfast,fadil tiêu chuẩn 1.4 at 2022,lắp ráp trong nước,hatchback,số tự động,xăng,2022.0,60000.0,60.0,1.4,330.0,321.12465102968366
mazda,6 premium 2.0 at 2022,lắp ráp trong nước,sedan,số tự động,xăng,2022.0,46000.0,57.0,2.0,685.0,665.6754435259722
baic,q7 1.5 at 2019,nhập khẩu,suv,số tự động,xăng,2019.0,179626.7683965918,71.0,1.5,318.0,351.7513827083478
suzuki,ciaz 1.4 at 2019,nhập khẩu,sedan,số tự động,xăng,2019.0,110000.0,67.0,1.4,295.0,341.9365073125556
hyundai,accent 1.4 mt base 2018,lắp ráp trong nước,sedan,số tay,xăng,2018.0,179626.7683965918,82.0,1.4,265.0,228.99851449691798
toyota,fortuner 2.7v 4x2 at 2017,nhập khẩu,suv,số tự động,xăng,2017.0,130686.0,57.0,2.7,639.0,657.104104357215
mercedes,benz gla class gla 45 amg 4matic 2015,nhập khẩu,suv,số tự động,xăng,2015.0,73000.0,57.0,2.0,550.0,650.3639654436728
mercedes,benz c class c300 amg 2016,lắp ráp trong nước,sedan,số tự động,xăng,2016.0,68000.0,57.0,2.0,685.0,674.4984841294815
hyundai,kona 1.6 turbo 2018,lắp ráp trong nước,crossover,số tự động,xăng,2018.0,90000.0,57.0,1.6,445.0,439.4437334031153
mitsubishi,xpander 1.5 at 2021,nhập khẩu,suv,số tự động,xăng,2021.0,68000.0,57.0,1.5,499.0,477.31566436853564
ford,ranger xls 2.2l 4x2 at 2016,nhập khẩu,bán tải / pickup,số tự động,dầu,2016.0,165000.0,58.0,2.2,422.0,410.88170546826495
toyota,yaris cross 1.5 d,nhập khẩu,suv,số tự động,xăng,2024.0,20000.0,57.0,1.5,2024.0,2010.6603550767388
nissan,navara el a,nhập khẩu,bán tải / pickup,số tự động,dầu,2020.0,83000.0,105.0,2.5,2.0,4.187803370912579
ford,ranger xls 2.2l 4x2 at 2016,nhập khẩu,bán tải / pickup,số tự động,dầu,2016.0,179626.7683965918,57.0,2.2,385.0,408.2393719773256
mg,zs standard 1.5 at 2wd 2025,nhập khẩu,crossover,số tự động,xăng,2025.0,1820.0,79.0,1.5,489.0,466.1323661698548
mercedes,benz glc 200 4matic 2020,lắp ráp trong nước,suv,số tự động,xăng,2020.0,25000.0,57.0,2.0,1320.0,1247.5693620905404
kia,morning sx 1.1 at sportpack 2010,lắp ráp trong nước,hatchback,số tự động,xăng,2010.0,179626.7683965918,72.0,1.1,155.0,118.08952695515427
hyundai,elantra 1.6 at tiêu chuẩn 2024,lắp ráp trong nước,sedan,số tự động,xăng,2024.0,40000.0,57.0,1.6,515.0,512.1397065688243
honda,brio rs 2021,nhập khẩu,hatchback,số tự động,xăng,2021.0,179626.7683965918,57.0,1.2,379.0,360.9757027207585
mercedes,benz glc 300 4matic 2017,lắp ráp trong nước,suv,số tự động,xăng,2017.0,110000.0,58.0,2.0,890.0,920.3560489306976
kia,rio 1.4 at 2013,nhập khẩu,hatchback,số tự động,xăng,2013.0,110000.0,58.0,1.4,268.0,251.7891481843632
volkswagen,touareg 3.6 at 2016,nhập khẩu,suv,số tự động,xăng,2016.0,60000.0,63.0,3.6,820.0,711.4435963736538
hyundai,i10 1.1 at 2009,nhập khẩu,hatchback,số tự động,xăng,2009.0,40000.0,61.0,1.1,180.0,152.82259073867266
ford,everest 2.5l 4x2 at 2014,lắp ráp trong nước,suv,số tự động,dầu,2014.0,152100.0,63.0,2.5,405.0,397.06397236545206
bmw,7 series 730li 2016,nhập khẩu,sedan,số tự động,xăng,2016.0,70000.0,60.0,2.0,1250.0,1341.131707514974
toyota,camry 2.5q 2016,lắp ráp trong nước,sedan,số tự động,xăng,2016.0,90000.0,60.0,2.5,595.0,617.2027896334279
vinfast,fadil 1.4 at plus 2021,lắp ráp trong nước,hatchback,số tự động,xăng,2021.0,26000.0,58.0,1.4,329.0,323.9527723655935
ford,ranger raptor 2.0l 4x4 at 2022,nhập khẩu,bán tải / pickup,số tự động,dầu,2022.0,68000.0,57.0,2.0,909.0,949.2507410696813
lexus,es 250 2021,nhập khẩu,sedan,số tự động,xăng,2021.0,19000.0,57.0,2.5,2180.0,2083.0697374944407
mercedes,benz glc 300 4matic 2019,lắp ráp trong nước,suv,số tự động,xăng,2019.0,179626.7683965918,57.0,2.0,1099.0,1118.3661908834113
kia,k3 premium 2.0 at 2022,lắp ráp trong nước,sedan,số tự động,xăng,2022.0,55000.0,105.0,2.0,555.0,535.2570917392246
lexus,lx 570 2010,nhập khẩu,suv,số tự động,xăng,2010.0,115000.0,57.0,5.7,1840.0,1773.1380746532707
lexus,es 250 2022,nhập khẩu,sedan,số tự động,xăng,2022.0,29000.0,57.0,2.5,2289.0,2213.9770638959644
audi,q5 2.0 at 2016,nhập khẩu,suv,số tự động,xăng,2016.0,96000.0,60.0,2.0,699.0,761.6829589288477
mercedes,benz sprinter panel van 311 2009,lắp ráp trong nước,van/minivan,số tay,dầu,2009.0,5000.0,57.0,2.2,165.0,441.5149485268611
mitsubishi,outlander 2.0 cvt 2022,lắp ráp trong nước,suv,số tự động,xăng,2022.0,39000.0,58.0,2.0,679.0,684.4652190157265
kia,sorento dath 2017,lắp ráp trong nước,suv,số tự động,dầu,2017.0,92000.0,57.0,2.2,575.0,549.6769167009278
mercedes,benz c class c300 amg 2012,lắp ráp trong nước,sedan,số tự động,xăng,2012.0,140000.0,101.0,3.0,335.0,345.37720572743433
kia,carnival signature 2.2d 2022,lắp ráp trong nước,van/minivan,số tự động,dầu,2022.0,5200.0,70.0,2.2,1235.0,1199.9885783435684
toyota,fortuner 2.5g 2016,lắp ráp trong nước,suv,số tay,dầu,2016.0,135000.0,63.0,2.5,525.0,511.14578094510057
toyota,fortuner 2.7v 4x2 at 2019,nhập khẩu,suv,số tự động,xăng,2019.0,80000.0,57.0,2.7,735.0,736.3535601394699
kia,cerato 1.6 at luxury 2021,lắp ráp trong nước,sedan,số tự động,xăng,2021.0,60000.0,57.0,1.6,480.0,495.2332039694018
volkswagen,viloran luxury 2023,nhập khẩu,van/minivan,số tự động,xăng,2023.0,26000.0,57.0,2.0,1899.0,1972.8232433315293
kia,sportage signature 2.0d 2022,lắp ráp trong nước,crossover,số tự động,dầu,2022.0,23000.0,60.0,2.0,830.0,855.3369475826087
peugeot,5008 allure 1.6 at 2020,lắp ráp trong nước,suv,số tự động,xăng,2020.0,75000.0,58.0,1.6,699.0,699.0175234384133
mercedes,benz s class s400l 2015,lắp ráp trong nước,sedan,số tự động,xăng,2015.0,80000.0,59.0,3.0,1260.0,1214.2422674710342
kia,sorento signature 2.2 at awd 2022,lắp ráp trong nước,suv,số tự động,dầu,2022.0,40000.0,57.0,2.2,940.0,979.1807208439435
mitsubishi,outlander 2.0 cvt premium 2019,lắp ráp trong nước,suv,số tự động,xăng,2019.0,88000.0,57.0,2.0,628.0,609.7589441550365
audi,q5 2.0 at 2017,nhập khẩu,suv,số tự động,xăng,2017.0,50000.0,57.0,2.0,990.0,1026.0835359179482
nissan,navara vl 2.3 at 4wd 2023,nhập khẩu,bán tải / pickup,số tự động,dầu,2023.0,13000.0,57.0,2.3,775.0,758.7297760063843
bentley,flying spur 6.0 v8 2007,nhập khẩu,sedan,số tự động,xăng,2007.0,15000.0,58.0,6.0,2000.0,1884.9685109675945
hyundai,custin cao cấp 2.0t 2024,lắp ráp trong nước,van/minivan,số tự động,xăng,2024.0,61000.0,57.0,2.0,875.0,894.6507500971956
bmw,x3 sdrive20i m sport 2024,lắp ráp trong nước,suv,số tự động,xăng,2024.0,20000.0,57.0,2.0,1939.0,1950.7922260861324
landrover,range rover hse 3.0 2013,nhập khẩu,suv,số tự động,xăng,2013.0,90000.0,58.0,3.0,1780.0,1761.8573822518674
audi,q5 2.0 at 2014,nhập khẩu,suv,số tự động,xăng,2014.0,50000.0,57.0,2.0,599.0,589.0968861442002
kia,carnival premium 2.2d 7s 2024,lắp ráp trong nước,van/minivan,số tự động,dầu,2024.0,24000.0,58.0,2.2,1330.0,1309.4256573925845
kia,sportage signature 1.6t awd 2023,lắp ráp trong nước,crossover,số tự động,xăng,2023.0,17000.0,57.0,1.6,919.0,902.1903167897427
hyundai,accent 1.4 at 2020,lắp ráp trong nước,sedan,số tự động,xăng,2020.0,179626.7683965918,58.0,1.4,399.0,369.0517095005005
honda,city rs 1.5 at 2022,lắp ráp trong nước,sedan,số tự động,xăng,2022.0,36269.0,105.0,1.5,452.0,451.8730878341706
mercedes,benz e class e200 exclusive 2022,lắp ráp trong nước,sedan,số tự động,xăng,2022.0,4000.0,57.0,2.0,1720.0,1696.8511898288366
volvo,s90 lwb ultimate b6 awd 2022,nhập khẩu,sedan,số tự động,xăng,2022.0,10000.0,58.0,2.0,1839.0,1791.8612746664567
volkswagen,viloran luxury 2024,nhập khẩu,van/minivan,số tự động,xăng,2024.0,45000.0,61.0,2.0,2090.0,2135.213686075687
ford,everest titanium 2.0l 4x4 at 2020,nhập khẩu,suv,số tự động,dầu,2020.0,68000.0,57.0,2.0,899.0,891.1724802444381
hyundai,santafe premium 2.4l htrac 2019,lắp ráp trong nước,suv,số tự động,xăng,2019.0,80000.0,57.0,2.4,768.0,774.6491265139077
kia,k3 luxury 1.6 at 2023,lắp ráp trong nước,sedan,số tự động,xăng,2023.0,27000.0,57.0,1.6,545.0,546.6184023491429
mini,one 1.5 at 2022,nhập khẩu,hatchback,số tự động,xăng,2022.0,12000.0,103.0,1.5,1368.0,862.2342078157315
kia,k3 1.6 at 2015,lắp ráp trong nước,sedan,số tự động,xăng,2015.0,179626.7683965918,58.0,1.6,338.0,316.7769419363584
hyundai,tucson 2.0 at đặc biệt 2023,lắp ráp trong nước,crossover,số tự động,xăng,2023.0,22000.0,57.0,2.0,820.0,791.5833844931208
toyota,camry 2.5q 2016,lắp ráp trong nước,sedan,số tự động,xăng,2016.0,110000.0,57.0,2.5,585.0,613.7390415052392
mazda,cx5 premium 2.0 at 2023,lắp ráp trong nước,suv,số tự động,xăng,2023.0,31988.0,90.0,2.0,765.0,750.9157203349735
honda,hrv g 2023,nhập khẩu,crossover,số tự động,xăng,2023.0,26000.0,57.0,1.5,639.0,646.3846486456674
toyota,veloz cross 1.5 cvt 2023,lắp ráp trong nước,suv,số tự động,xăng,2023.0,60000.0,57.0,1.5,545.0,532.2015152244431
toyota,fortuner 2.4l 4x2 at 2022,lắp ráp trong nước,suv,số tự động,dầu,2022.0,62000.0,57.0,2.4,958.0,938.9905575809441
toyota,fortuner 2.4g 4x2 at 2020,lắp ráp trong nước,suv,số tự động,dầu,2020.0,90000.0,57.0,2.4,820.0,825.6679430173131
mercedes,benz e class e200 2019,lắp ráp trong nước,sedan,số tự động,xăng,2019.0,73000.0,59.0,2.0,1040.0,1039.4821992212069
vinfast,fadil 1.4 at plus 2021,lắp ráp trong nước,hatchback,số tự động,xăng,2021.0,45000.0,57.0,1.4,320.0,323.9599560202481
toyota,vios g 1.5 cvt 2022,lắp ráp trong nước,sedan,số tự động,xăng,2022.0,86000.0,58.0,1.5,450.0,445.564320542255
kia,sportage signature x,lắp ráp trong nước,crossover,số tự động,xăng,2022.0,46000.0,57.0,1.6,1.0,1.011030748840656
mazda,3 1.6 at 2010,nhập khẩu,hatchback,số tự động,xăng,2010.0,151000.0,94.0,1.6,220.0,226.77528498330557
ford,ranger raptor 2.0l 4x4 at 2023,nhập khẩu,bán tải / pickup,số tự động,dầu,2023.0,20000.0,80.0,2.0,1188.0,1137.592565337433
kia,seltos deluxe 1.4 at 2023,lắp ráp trong nước,crossover,số tự động,xăng,2023.0,179626.7683965918,57.0,1.4,579.0,564.628888502571
toyota,corolla cross 1.8v 2022,nhập khẩu,suv,số tự động,xăng,2022.0,53000.0,68.0,1.8,710.0,722.9622916436272
toyota,fortuner 2.5g 2016,lắp ráp trong nước,suv,số tay,dầu,2016.0,1.0,78.0,2.5,535.0,516.6148299801238
ford,ranger raptor 2.0l 4x4 at 2021,nhập khẩu,bán tải / pickup,số tự động,dầu,2021.0,80000.0,59.0,2.0,925.0,977.3154293700902
hyundai,santafe 2.2 mt 2008,nhập khẩu,suv,số tay,dầu,2008.0,132000.0,60.0,2.2,268.0,253.74211059982792
lexus,rx 300 2018,nhập khẩu,suv,số tự động,xăng,2018.0,70000.0,58.0,2.0,2079.0,2103.937511832695
ford,everest titanium plus 2.0l 4x4 at 2023,nhập khẩu,suv,số tự động,dầu,2023.0,50000.0,58.0,2.0,1350.0,1369.952164645341
toyota,innova g 2009,lắp ráp trong nước,crossover,số tay,xăng,2009.0,179626.7683965918,69.0,2.0,195.0,186.7519394897842
honda,crv 2.4 at,lắp ráp trong nước,suv,số tự động,xăng,2017.0,110000.0,57.0,2.4,2017.0,2037.7302332496438
toyota,hilux 2.5e 4x2 mt 2010,nhập khẩu,bán tải / pickup,số tay,dầu,2010.0,179626.7683965918,57.0,2.5,258.0,214.39727844334013
toyota,yaris cross 1.5 d,nhập khẩu,suv,số tự động,xăng,2024.0,20000.0,57.0,1.5,2024.0,2010.6603550767388
toyota,prado txl 2.7l 2010,nhập khẩu,suv,số tự động,xăng,2010.0,120000.0,57.0,2.7,639.0,708.6387522881735
ford,ecosport titanium 1.5l at 2015,lắp ráp trong nước,suv,số tự động,xăng,2015.0,179626.7683965918,57.0,1.5,295.0,280.8263484590668
kia,sedona platinum d 2018,lắp ráp trong nước,van/minivan,số tự động,dầu,2018.0,90000.0,57.0,2.2,680.0,707.026762133578
landrover,range rover supercharged 5.0 2013,nhập khẩu,suv,số tự động,xăng,2013.0,44000.0,59.0,5.0,2150.0,1951.1885947714825
hyundai,i10 grand 1.2 mt base 2020,lắp ráp trong nước,sedan,số tay,xăng,2020.0,110000.0,58.0,1.25,235.0,221.16359642671327
kia,soluto 1.4 at deluxe 2021,lắp ráp trong nước,sedan,số tự động,xăng,2021.0,45000.0,57.0,1.4,345.0,345.41090612822853
kia,carnival signature 2.2d 2024,lắp ráp trong nước,van/minivan,số tự động,dầu,2024.0,20000.0,57.0,2.2,1565.0,1466.9845320359316
lexus,ls 460l 2015,nhập khẩu,sedan,số tự động,xăng,2015.0,98000.0,57.0,4.6,1890.0,1279.539602587097
mercedes,benz cla class cla 45 amg 4matic 2015,nhập khẩu,sedan,số tự động,xăng,2015.0,179626.7683965918,57.0,2.0,579.0,586.1434950707311
kia,seltos premium 1.4 at 2020,lắp ráp trong nước,crossover,số tự động,xăng,2020.0,41000.0,75.0,1.4,548.0,561.2646751631522
honda,city rs 1.5 at 2023,lắp ráp trong nước,sedan,số tự động,xăng,2023.0,18888.0,107.0,1.5,532.0,483.8734103332439
chevrolet,cruze ltz 1.8 at 2012,lắp ráp trong nước,sedan,số tự động,xăng,2012.0,13000.0,58.0,1.8,209.0,162.89016855909844
mazda,2 sport luxury 2022,nhập khẩu,hatchback,số tự động,xăng,2022.0,42000.0,57.0,1.5,425.0,436.9586426166195
toyota,innova 2.0 venturer 2019,lắp ráp trong nước,crossover,số tự động,xăng,2019.0,115000.0,58.0,2.0,580.0,528.9000910089358
mazda,3 1.5 at 2016,lắp ráp trong nước,sedan,số tự động,xăng,2016.0,90000.0,57.0,1.5,375.0,371.75579902312563
toyota,fortuner 2.4g 4x2 mt 2018,nhập khẩu,suv,số tay,dầu,2018.0,100000.0,85.0,2.4,705.0,706.0552536135988
bmw,1 series 116i 2014,nhập khẩu,hatchback,số tự động,xăng,2014.0,179626.7683965918,69.0,1.6,369.0,362.68619833739524
mitsubishi,pajero sport 3.0g 4x4 at 2016,nhập khẩu,suv,số tự động,xăng,2016.0,110000.0,82.0,3.0,567.0,582.0462526788864
hyundai,stargazer đặc biệt 1.5 at 2022,nhập khẩu,van/minivan,số tự động,xăng,2022.0,20000.0,104.0,1.5,458.0,452.3777097849917
toyota,corolla altis 1.8g at 2020,lắp ráp trong nước,sedan,số tự động,xăng,2020.0,55000.0,58.0,1.8,560.0,556.4753598001176
hyundai,stargazer cao cấp 1.5 at 2022,nhập khẩu,van/minivan,số tự động,xăng,2022.0,80000.0,83.0,1.5,456.0,477.675117166316
hyundai,santafe cao cấp 2.2l htrac 2023,lắp ráp trong nước,suv,số tự động,dầu,2023.0,40000.0,57.0,2.2,1240.0,1201.4939680353173
hyundai,i10 grand 1.2 at 2016,nhập khẩu,sedan,số tự động,xăng,2016.0,179626.7683965918,57.0,1.25,225.0,262.11207177485676
ford,ranger xls 2.2l 4x2 at 2021,nhập khẩu,bán tải / pickup,số tự động,dầu,2021.0,65000.0,57.0,2.2,535.0,569.6652392281295
hyundai,accent 1.4 at đặc biệt 2023,lắp ráp trong nước,sedan,số tự động,xăng,2023.0,46000.0,57.0,1.4,462.0,466.50683710928706
porsche,cayenne 3.6 v6 2012,nhập khẩu,suv,số tự động,xăng,2012.0,109000.0,76.0,3.6,900.0,1074.6965039406437
hyundai,tucson 1.6 at turbo htrac đặc biệt 2025,lắp ráp trong nước,crossover,số tự động,xăng,2025.0,2000.0,73.0,1.6,968.0,988.5566175020857
kia,carnival signature 2.2d 2022,lắp ráp trong nước,van/minivan,số tự động,dầu,2022.0,76000.0,57.0,2.2,1099.0,1200.8073080190552
kia,cerato 1.6 mt 2017,lắp ráp trong nước,sedan,số tay,xăng,2017.0,179626.7683965918,70.0,1.6,310.0,296.0215663673677
mercedes,benz glc 200 4matic 2022,lắp ráp trong nước,suv,số tự động,xăng,2022.0,10000.0,57.0,2.0,1445.0,1554.1616753014514
honda,crv 2.4 at 2016,lắp ráp trong nước,suv,số tự động,xăng,2016.0,91000.0,100.0,2.4,529.0,518.7177594368484
mercedes,benz s class s500l 2015,lắp ráp trong nước,sedan,số tự động,xăng,2015.0,57000.0,57.0,4.7,1299.0,1258.4094858763328
mercedes,benz glc 200 2022,lắp ráp trong nước,suv,số tự động,xăng,2022.0,27000.0,57.0,2.0,1358.0,1378.6764237372124
lexus,nx 300 2018,nhập khẩu,suv,số tự động,xăng,2018.0,94000.0,57.0,2.0,1590.0,1585.6014053853698
kia,soluto 1.4 at deluxe 2020,lắp ráp trong nước,sedan,số tự động,xăng,2020.0,179626.7683965918,57.0,1.4,315.0,319.58428666571024
mercedes,benz glc 300 4matic 2021,lắp ráp trong nước,suv,số tự động,xăng,2021.0,179626.7683965918,76.0,2.0,1580.0,1541.268736486672
ford,ranger limited 2.0l 4x4 at 2020,nhập khẩu,bán tải / pickup,số tự động,dầu,2020.0,42000.0,62.0,2.0,660.0,612.498147257674
hyundai,santafe cao cấp 2.2l htrac 2022,lắp ráp trong nước,suv,số tự động,dầu,2022.0,48000.0,57.0,2.2,1115.0,1133.0879025624115
mazda,3 1.5l deluxe 2020,lắp ráp trong nước,sedan,số tự động,xăng,2020.0,50000.0,57.0,1.5,480.0,482.0763282111424
suzuki,grand vitara 2.0 at 2017,nhập khẩu,suv,số tự động,xăng,2017.0,80000.0,74.0,2.0,419.0,438.530620198306
hyundai,accent 1.4 at 2022,lắp ráp trong nước,sedan,số tự động,xăng,2022.0,66000.0,57.0,1.4,393.0,417.11219669351766
hyundai,santafe cao cấp 2.2l htrac 2022,lắp ráp trong nước,suv,số tự động,dầu,2022.0,76000.0,78.0,2.2,999.0,1135.7415555576936
bmw,3 series 320i 2016,nhập khẩu,sedan,số tự động,xăng,2016.0,79000.0,57.0,2.0,569.0,557.7742892336288
bmw,x2 sdrive18i 2018,nhập khẩu,crossover,số tự động,xăng,2018.0,68000.0,72.0,1.5,750.0,597.9223202711314
hyundai,i10 grand 1.2 mt 2017,lắp ráp trong nước,sedan,số tay,xăng,2017.0,179626.7683965918,63.0,1.25,199.0,210.37459962754423
toyota,raize g 1.0 cvt 2023,nhập khẩu,suv,số tự động,xăng,2023.0,45000.0,57.0,1.0,475.0,496.83075477314503
ford,everest titanium 2.0l 4x4 at 2019,nhập khẩu,suv,số tự động,dầu,2019.0,115000.0,57.0,2.0,900.0,856.3937543483215
hyundai,i10 grand 1.2 mt base 2015,nhập khẩu,sedan,số tay,xăng,2015.0,179626.7683965918,78.0,1.25,160.0,150.06771450269196
hyundai,accent 1.4 at 2019,lắp ráp trong nước,sedan,số tự động,xăng,2019.0,110000.0,64.0,1.4,330.0,360.7811097675294
toyota,hilux 2.5e 4x2 mt 2011,nhập khẩu,bán tải / pickup,số tay,dầu,2011.0,22200.0,66.0,2.5,255.0,278.62326454529114
kia,seltos deluxe 1.5 at 2024,lắp ráp trong nước,crossover,số tự động,xăng,2024.0,9000.0,57.0,1.5,588.0,341.4126464711663
honda,hrv l 2019,nhập khẩu,crossover,số tự động,xăng,2019.0,47000.0,104.0,1.8,555.0,534.0130393198975
vinfast,vf8 eco awd 2023,lắp ráp trong nước,suv,số tự động,điện,2023.0,40000.0,66.0,2.097755539082448,710.0,717.4402718128134
lexus,rc 300 2019,nhập khẩu,coupe,số tự động,xăng,2019.0,11000.0,57.0,2.0,1799.0,1795.649257689523
ford,transit van 2017,lắp ráp trong nước,van/minivan,số tay,dầu,2017.0,110000.0,58.0,2.4,290.0,348.904510554834
mg,zs comfort 1.5 at 2wd 2022,nhập khẩu,crossover,số tự động,xăng,2022.0,52000.0,60.0,1.5,415.0,384.69314494300886
mercedes,benz glc 200 2019,lắp ráp trong nước,suv,số tự động,xăng,2019.0,38000.0,88.0,2.0,999.0,983.1793546706937
kia,sedona 2.2l dath 2017,lắp ráp trong nước,van/minivan,số tự động,dầu,2017.0,92000.0,57.0,2.2,595.0,639.8066583990374
toyota,fortuner 2.7v 4x2 at 2014,lắp ráp trong nước,suv,số tự động,xăng,2014.0,120000.0,79.0,2.7,398.0,418.57134100359735
chevrolet,spark lt 0.8 at 2009,lắp ráp trong nước,hatchback,số tự động,xăng,2009.0,110000.0,79.0,0.8,90.0,89.85916873132395
hyundai,tucson 2.0 at 4wd 2009,nhập khẩu,crossover,số tự động,xăng,2009.0,179626.7683965918,57.0,2.0,215.0,205.53152921500248
toyota,vios 1.5e cvt 2017,lắp ráp trong nước,sedan,số tự động,xăng,2017.0,90000.0,89.0,1.5,345.0,324.7650833910099
hyundai,accent cao cấp 1.5 at 2024,lắp ráp trong nước,sedan,số tự động,xăng,2024.0,12000.0,62.0,1.5,525.0,526.3975887512735
toyota,camry 2.5q 2018,lắp ráp trong nước,sedan,số tự động,xăng,2018.0,68000.0,57.0,2.5,725.0,703.8774683336217
hyundai,accent 1.4 at 2023,lắp ráp trong nước,sedan,số tự động,xăng,2023.0,15000.0,57.0,1.4,445.0,445.28749722260613
bmw,x4 xdrive20i m sport 2020,nhập khẩu,suv,số tự động,xăng,2020.0,64000.0,57.0,2.0,1890.0,1812.0621908509465
toyota,innova 2.0 venturer 2019,lắp ráp trong nước,crossover,số tự động,xăng,2019.0,126800.0,57.0,2.0,585.0,526.910622007537
mitsubishi,outlander 2.0 cvt 2019,lắp ráp trong nước,suv,số tự động,xăng,2019.0,76000.0,57.0,2.0,545.0,551.2458142030221
kia,cerato 2.0 at premium 2021,lắp ráp trong nước,sedan,số tự động,xăng,2021.0,71250.0,59.0,2.0,449.0,488.51899190174765
mercedes,benz glc 300 4matic 2021,lắp ráp trong nước,suv,số tự động,xăng,2021.0,33000.0,66.0,2.0,1579.0,1600.4992793249448
mitsubishi,attrage 1.2 cvt 2021,nhập khẩu,sedan,số tự động,xăng,2021.0,110000.0,59.0,1.2,285.0,318.7025383727275
mercedes,benz glc 200 2022,lắp ráp trong nước,suv,số tự động,xăng,2022.0,10000.0,60.0,2.0,1410.0,1380.5119362033458
hyundai,i10 grand 1.2 at 2020,lắp ráp trong nước,hatchback,số tự động,xăng,2020.0,37000.0,58.0,1.25,330.0,321.35876142680183
toyota,camry 2.0e 2010,nhập khẩu,sedan,số tự động,xăng,2010.0,20000.0,103.0,2.0,310.0,306.5797602643659
bmw,4 series 420i convertible 2019,nhập khẩu,convertible/cabriolet,số tự động,xăng,2019.0,62000.0,60.0,2.0,1699.0,1687.3935291100063
suzuki,xl7 1.5 at 2023,nhập khẩu,suv,số tự động,xăng,2023.0,24000.0,57.0,1.5,515.0,520.2969784217181
ford,ranger xls 2.2l 4x2 at 2018,nhập khẩu,bán tải / pickup,số tự động,dầu,2018.0,110000.0,103.0,2.2,485.0,485.35142865256176
ford,explorer limited 2.3l ecoboost 2022,nhập khẩu,suv,số tự động,xăng,2022.0,40000.0,58.0,2.3,1750.0,1763.4687577640861
ford,everest titanium 2.0l 4x4 at 2019,nhập khẩu,suv,số tự động,dầu,2019.0,87000.0,57.0,2.0,875.0,861.992270099083
honda,crv 2.0 at 2016,lắp ráp trong nước,suv,số tự động,xăng,2016.0,179626.7683965918,57.0,2.0,515.0,477.3206533547456
mercedes,benz c class c200 avantgarde plus 2023,lắp ráp trong nước,sedan,số tự động,xăng,2023.0,1800.0,57.0,1.5,1680.0,1644.1779177785786
mercedes,benz e class e300 amg 2019,lắp ráp trong nước,sedan,số tự động,xăng,2019.0,57000.0,65.0,2.0,1289.0,1323.5558503512755
audi,q5 sline 45 tfsi quattro 2022,nhập khẩu,suv,số tự động,xăng,2022.0,28000.0,58.0,2.0,1879.0,1843.5876722877288
mazda,3 1.5l luxury 2024,lắp ráp trong nước,sedan,số tự động,xăng,2024.0,22000.0,58.0,1.5,610.0,607.6716040295701
audi,q7 3.6 at 2011,nhập khẩu,suv,số tự động,xăng,2011.0,87000.0,63.0,3.6,339.0,463.22951326100633
toyota,innova 2.0g 2013,lắp ráp trong nước,crossover,số tự động,xăng,2013.0,150000.0,58.0,2.0,315.0,320.05655302854336
ford,ranger xls 2.2l 4x2 at 2019,nhập khẩu,bán tải / pickup,số tự động,dầu,2019.0,80000.0,57.0,2.2,499.0,510.1725206630835
hyundai,i10 grand 1.2 at 2019,lắp ráp trong nước,hatchback,số tự động,xăng,2019.0,50000.0,107.0,1.25,318.0,294.42904449178604
mercedes,benz a class a200 2014,nhập khẩu,hatchback,số tự động,xăng,2014.0,91000.0,93.0,1.6,420.0,491.3773762940858
mazda,cx8 luxury 2022,lắp ráp trong nước,suv,số tự động,xăng,2022.0,38000.0,57.0,2.5,760.0,795.7108653950243
lexus,es 250 2022,nhập khẩu,sedan,số tự động,xăng,2022.0,32000.0,57.0,2.5,2175.0,2214.4936387060397
bmw,i8 1.5l hybrid 2014,nhập khẩu,coupe,số tự động,hybrid,2014.0,48000.0,60.0,1.5,2280.0,2178.7011880178306
mazda,cx8 premium 2022,lắp ráp trong nước,suv,số tự động,xăng,2022.0,40000.0,57.0,2.5,839.0,832.5459587644827
kia,seltos premium 1.4 at 2020,lắp ráp trong nước,crossover,số tự động,xăng,2020.0,60000.0,61.0,1.4,539.0,560.443264018656
honda,city 1.5 2019,lắp ráp trong nước,sedan,số tự động,xăng,2019.0,113000.0,59.0,1.5,309.0,369.25633806429136
toyota,corolla cross 1.8g 2020,nhập khẩu,suv,số tự động,xăng,2020.0,18000.0,57.0,1.8,640.0,611.5989626284673
hyundai,santafe cao cấp 2.5l htrac 2022,lắp ráp trong nước,suv,số tự động,xăng,2022.0,48000.0,101.0,2.5,969.0,1040.8300700558307
ford,ranger xlt 2.2l 4x4 mt 2019,nhập khẩu,bán tải / pickup,số tay,dầu,2019.0,63600.0,61.0,2.2,625.0,502.1017514374013
thaco,tb79s 2020,lắp ráp trong nước,van/minivan,số tay,dầu,2020.0,120000.0,61.0,2.097755539082448,790.0,452.35249905848804
mazda,cx9 3.7 at awd 2013,nhập khẩu,suv,số tự động,xăng,2013.0,130000.0,85.0,3.7,369.0,397.29116374091467
mg,5 luxury 1.5 at 2022,nhập khẩu,sedan,số tự động,xăng,2022.0,35000.0,58.0,1.5,375.0,398.58304056459656
honda,crv e 2019,nhập khẩu,suv,số tự động,xăng,2019.0,74000.0,57.0,1.5,689.0,685.5277710789621
toyota,fortuner 2.4g 4x2 at 2019,lắp ráp trong nước,suv,số tự động,dầu,2019.0,97000.0,104.0,2.4,786.0,763.71191590991
hyundai,elantra 1.6 mt 2018,lắp ráp trong nước,sedan,số tay,xăng,2018.0,109000.0,61.0,1.6,338.0,336.9137391597999
toyota,innova v 2009,lắp ráp trong nước,crossover,số tự động,xăng,2009.0,200000.0,57.0,2.0,210.0,238.70895791557604
hyundai,creta cao cấp 1.5 at 2022,nhập khẩu,crossover,số tự động,xăng,2022.0,45000.0,57.0,1.5,598.0,589.6120877041602
ford,ranger raptor 2.0l 4x4 at 2022,nhập khẩu,bán tải / pickup,số tự động,dầu,2022.0,179626.7683965918,58.0,2.0,925.0,923.290991932357
mazda,cx5 signature premium 2.5 at awd i,lắp ráp trong nước,suv,số tự động,xăng,2021.0,60000.0,75.0,2.5,2021.0,1926.6170005156512
vinfast,vf8 eco awd 2023,lắp ráp trong nước,suv,số tự động,điện,2023.0,45321.0,60.0,2.097755539082448,740.0,715.3473809393802
subaru,outback 2.5i 2010,nhập khẩu,suv,số tự động,xăng,2010.0,90000.0,63.0,2.5,379.0,398.6246241837569
toyota,wigo 1.2g at 2019,nhập khẩu,hatchback,số tự động,xăng,2019.0,56000.0,57.0,1.2,285.0,278.57278174237905
mg,5 luxury 1.5 at 2023,nhập khẩu,sedan,số tự động,xăng,2023.0,25000.0,57.0,1.5,415.0,422.6650546973785
mitsubishi,xpander 1.5 mt 2021,nhập khẩu,suv,số tay,xăng,2021.0,90000.0,58.0,1.5,418.0,431.93561536696194
ford,ranger wildtrak 3.2l 4x4 at 2017,nhập khẩu,bán tải / pickup,số tự động,dầu,2017.0,90000.0,57.0,3.2,555.0,560.5705650353666
toyota,fortuner 2.7v 4x2 at 2015,lắp ráp trong nước,suv,số tự động,xăng,2015.0,85000.0,57.0,2.7,465.0,447.8739902180548
mercedes,benz glk class glk300 4matic 2010,lắp ráp trong nước,suv,số tự động,xăng,2010.0,93000.0,57.0,3.0,243.0,343.1909478847194
honda,hrv g 2023,nhập khẩu,crossover,số tự động,xăng,2023.0,25000.0,59.0,1.5,639.0,647.3178999966731
toyota,vios g 1.5 cvt 2022,lắp ráp trong nước,sedan,số tự động,xăng,2022.0,58000.0,57.0,1.5,439.0,447.45165648909915
mercedes,benz s class s400l 2017,lắp ráp trong nước,sedan,số tự động,xăng,2017.0,67000.0,58.0,3.0,1499.0,1352.7589526313327
mercedes,benz gl 350 cdi 4matic 2015,nhập khẩu,suv,số tự động,dầu,2015.0,11000.0,89.0,3.0,1250.0,1125.2705269723933
mazda,2 sport luxury 2024,nhập khẩu,hatchback,số tự động,xăng,2024.0,8500.0,57.0,1.5,515.0,545.4134183759076
mercedes,benz eqb 250 2023,nhập khẩu,suv,số tự động,điện,2023.0,79.0,88.0,0.7,1899.0,1855.4293471967508
mercedes,benz s class s450l 2017,lắp ráp trong nước,sedan,số tự động,xăng,2017.0,80000.0,59.0,3.0,1799.0,1737.8539525390393
toyota,vios 1.5g 2020,lắp ráp trong nước,sedan,số tự động,xăng,2020.0,75000.0,57.0,1.5,390.0,396.1068481818937
lexus,es 250 f sport 2022,nhập khẩu,sedan,số tự động,xăng,2022.0,10000.0,57.0,2.5,2300.0,2271.392270495569
mitsubishi,xpander 1.5 at 2019,nhập khẩu,suv,số tự động,xăng,2019.0,80000.0,57.0,1.5,435.0,445.00975417519146
mercedes,benz s class s450l luxury 2017,lắp ráp trong nước,sedan,số tự động,xăng,2017.0,58000.0,69.0,3.0,2039.0,1916.2245554573901
honda,crv 2.4 at 2016,lắp ráp trong nước,suv,số tự động,xăng,2016.0,90000.0,57.0,2.4,508.0,525.404938151306
hyundai,accent 1.4 at 2022,lắp ráp trong nước,sedan,số tự động,xăng,2022.0,41000.0,57.0,1.4,418.0,417.91930711852285
mazda,3 1.5l luxury 2021,lắp ráp trong nước,sedan,số tự động,xăng,2021.0,30000.0,85.0,1.5,530.0,517.3911221726277
honda,civic g 1.8 at 2021,nhập khẩu,sedan,số tự động,xăng,2021.0,80000.0,57.0,1.8,589.0,556.5939726726466
hyundai,elantra 1.6 at 2017,lắp ráp trong nước,sedan,số tự động,xăng,2017.0,110000.0,57.0,1.6,379.0,286.1492104930469
mitsubishi,triton 4x2 at mivec 2020,nhập khẩu,bán tải / pickup,số tự động,dầu,2020.0,179626.7683965918,57.0,2.4,490.0,499.6480253398601
ford,everest titanium 2.0l 4x2 at 2024,nhập khẩu,suv,số tự động,dầu,2024.0,10000.0,58.0,2.0,1279.0,1278.0798850443143
suzuki,jimny 1.5l 4x4 at 2024,nhập khẩu,suv,số tự động,xăng,2024.0,70000.0,58.0,1.5,710.0,714.1099214898641
mercedes,benz glb 35 4matic 2021,nhập khẩu,suv,số tự động,xăng,2021.0,67000.0,57.0,2.0,1499.0,1498.0069340491018
kia,k3 2.0 at 2016,lắp ráp trong nước,sedan,số tự động,xăng,2016.0,179626.7683965918,60.0,2.0,355.0,339.0244097375423
kia,cerato 1.6 at luxury 2019,lắp ráp trong nước,sedan,số tự động,xăng,2019.0,69000.0,57.0,1.6,448.0,444.2789831879621
mercedes,benz s class s400l 2015,lắp ráp trong nước,sedan,số tự động,xăng,2015.0,110000.0,57.0,3.0,1122.0,1206.6288982673507
audi,tt s 2.0 at 2008,nhập khẩu,coupe,số tự động,xăng,2008.0,100000.0,63.0,2.0,500.0,532.9390629750943
ford,ranger raptor 2.0l 4x4 at 2022,nhập khẩu,bán tải / pickup,số tự động,dầu,2022.0,75000.0,57.0,2.0,895.0,948.7221151749113
chevrolet,spark lite van 0.8 mt 2012,lắp ráp trong nước,van/minivan,số tay,xăng,2012.0,179626.7683965918,90.0,0.8,52.0,64.01571966181795
chevrolet,spark van 1.0 at 2011,nhập khẩu,van/minivan,số tự động,xăng,2011.0,179626.7683965918,58.0,1.0,115.0,91.54789130728766
hyundai,santafe cao cấp 2.5l htrac 2021,lắp ráp trong nước,suv,số tự động,xăng,2021.0,68000.0,105.0,2.5,975.0,960.4327449315932
toyota,yaris 1.5g 2018,nhập khẩu,hatchback,số tự động,xăng,2018.0,45000.0,57.0,1.5,468.0,437.27033603442356
hyundai,elantra sport 1.6 at 2020,lắp ráp trong nước,sedan,số tự động,xăng,2020.0,48000.0,57.0,1.6,512.0,529.6547533932937
ford,ecosport titanium 1.0 ecoboost 2019,lắp ráp trong nước,suv,số tự động,xăng,2019.0,58000.0,57.0,1.0,358.0,418.99095292322704
mercedes,benz glc 250 4matic 2017,lắp ráp trong nước,suv,số tự động,xăng,2017.0,68000.0,106.0,2.0,819.0,800.7425147659353
honda,city 1.5top 2017,lắp ráp trong nước,sedan,số tự động,xăng,2017.0,179626.7683965918,57.0,1.5,325.0,349.4476837912006
kia,cerato 1.6 mt 2020,lắp ráp trong nước,sedan,số tay,xăng,2020.0,150000.0,99.0,1.6,325.0,370.50493903987194
hyundai,santafe cao cấp 2.2l htrac 2022,lắp ráp trong nước,suv,số tự động,dầu,2022.0,48000.0,57.0,2.2,1119.0,1133.0879025624115
toyota,innova 2.0g 2019,lắp ráp trong nước,crossover,số tự động,xăng,2019.0,95622.0,101.0,2.0,600.0,535.9547037683241
honda,crv l 2022,lắp ráp trong nước,suv,số tự động,xăng,2022.0,27000.0,65.0,1.5,875.0,888.7654934396777
hyundai,i10 grand 1.2 at 2016,nhập khẩu,hatchback,số tự động,xăng,2016.0,106000.0,59.0,1.25,265.0,271.62440015176907
toyota,corolla cross 1.8v 2022,nhập khẩu,suv,số tự động,xăng,2022.0,42000.0,72.0,1.8,715.0,724.349729273316
kia,morning 1.0 mt 2016,lắp ráp trong nước,hatchback,số tay,xăng,2016.0,179626.7683965918,97.0,1.0,125.0,134.54672073876858
hyundai,getz 1.1 mt 2010,nhập khẩu,hatchback,số tay,xăng,2010.0,179626.7683965918,59.0,1.1,105.0,131.12937979545876
samsung,sm3 1.6 at 2014,nhập khẩu,sedan,số tự động,xăng,2014.0,115000.0,78.0,1.6,210.0,215.10368279445115
hyundai,elantra sport 1.6 at 2018,lắp ráp trong nước,sedan,số tự động,xăng,2018.0,110000.0,81.0,1.6,400.0,422.42883375202285
toyota,wigo 1.2g at 2018,nhập khẩu,hatchback,số tự động,xăng,2018.0,34000.0,57.0,1.2,290.0,277.87761404989124
mercedes,benz e class e200 sport 2019,lắp ráp trong nước,sedan,số tự động,xăng,2019.0,50533.0,57.0,2.0,1290.0,1193.0099161043545
kia,carnival premium 2.2d 2022,lắp ráp trong nước,van/minivan,số tự động,dầu,2022.0,60000.0,57.0,2.2,1129.0,1109.3521422891968
toyota,vios e cvt 2023,lắp ráp trong nước,sedan,số tự động,xăng,2023.0,20000.0,105.0,1.5,440.0,409.57716504172646
kia,cerato 1.6 at luxury 2019,lắp ráp trong nước,sedan,số tự động,xăng,2019.0,179626.7683965918,57.0,1.6,425.0,431.824741764057
lexus,rx 350 2017,nhập khẩu,suv,số tự động,xăng,2017.0,110000.0,58.0,3.5,2299.0,2184.0568010254874
vinfast,fadil 1.4 at premium 2020,lắp ráp trong nước,hatchback,số tự động,xăng,2020.0,38000.0,92.0,1.4,320.0,309.6761950413339
toyota,innova 2.0e 2016,lắp ráp trong nước,crossover,số tay,xăng,2016.0,179626.7683965918,77.0,2.0,359.0,328.1132549369484
honda,crv l 2022,lắp ráp trong nước,suv,số tự động,xăng,2022.0,30000.0,60.0,1.5,909.0,886.4729604623901
vinfast,fadil tiêu chuẩn 1.4 at 2022,lắp ráp trong nước,hatchback,số tự động,xăng,2022.0,32000.0,78.0,1.4,322.0,321.2313624348615
hyundai,santafe cao cấp 2.5l htrac 2022,lắp ráp trong nước,suv,số tự động,xăng,2022.0,70000.0,57.0,2.5,1030.0,1042.6369219623466
daewoo,lacetti ex 2009,lắp ráp trong nước,sedan,số tay,xăng,2009.0,179626.7683965918,57.0,1.6,105.0,89.38284874211969
toyota,innova 2.0g 2019,lắp ráp trong nước,crossover,số tự động,xăng,2019.0,60765.0,62.0,2.0,570.0,552.2856725014343
mitsubishi,attrage 1.2 cvt 2021,nhập khẩu,sedan,số tự động,xăng,2021.0,40000.0,84.0,1.2,350.0,320.793430114584
toyota,vios 1.5e 2018,lắp ráp trong nước,sedan,số tay,xăng,2018.0,10.0,61.0,1.5,270.0,275.72122654468006
toyota,corolla altis 1.8g at 2012,lắp ráp trong nước,sedan,số tự động,xăng,2012.0,179626.7683965918,58.0,1.8,325.0,245.60708923709913
ford,everest titanium 2.0l 4x2 at 2019,nhập khẩu,suv,số tự động,dầu,2019.0,72000.0,58.0,2.0,795.0,818.6368987461854
toyota,prado vx 2.7l 2020,nhập khẩu,suv,số tự động,xăng,2020.0,101.0,57.0,2.7,2055.0,2124.1596719456948
peugeot,traveller luxury 2019,lắp ráp trong nước,van/minivan,số tự động,dầu,2019.0,80000.0,93.0,2.0,760.0,752.5353054401772
ford,everest titanium 2.0l 4x2 at 2020,nhập khẩu,suv,số tự động,dầu,2020.0,80000.0,58.0,2.0,840.0,852.1313675620888
mg,5 1.5 mt 2025,nhập khẩu,sedan,số tay,xăng,2025.0,6000.0,77.0,1.5,280.0,384.84198484397047
ford,explorer limited 2.3l ecoboost 2016,nhập khẩu,suv,số tự động,xăng,2016.0,99.0,57.0,2.3,751.0,710.4571403410521
mercedes,benz c class c300 amg 2014,lắp ráp trong nước,sedan,số tự động,xăng,2014.0,130000.0,81.0,3.0,380.0,391.9391799476801
toyota,vios 1.5e cvt 2018,lắp ráp trong nước,sedan,số tự động,xăng,2018.0,80000.0,92.0,1.5,360.0,338.7991344570218
ford,ranger xls 2.2l 4x2 at 2016,nhập khẩu,bán tải / pickup,số tự động,dầu,2016.0,179626.7683965918,74.0,2.2,395.0,409.78188512432075
mazda,3 1.5 at 2016,lắp ráp trong nước,sedan,số tự động,xăng,2016.0,179626.7683965918,57.0,1.5,395.0,362.84223433692006
bmw,5 series 528i 2011,nhập khẩu,sedan,số tự động,xăng,2011.0,179626.7683965918,78.0,3.0,422.0,420.8065759184627
ford,everest titanium plus 2.0l 4x4 at 2023,nhập khẩu,suv,số tự động,dầu,2023.0,47000.0,63.0,2.0,1320.0,1373.247839954312
lexus,es 250 2019,nhập khẩu,sedan,số tự động,xăng,2019.0,56000.0,58.0,2.5,1750.0,1711.091675215762
hyundai,santafe cao cấp 2.2l htrac 2021,lắp ráp trong nước,suv,số tự động,dầu,2021.0,179626.7683965918,100.0,2.2,1060.0,956.7334761648546
kia,k3 1.6 mt 2014,lắp ráp trong nước,sedan,số tay,xăng,2014.0,18000.0,101.0,1.6,400.0,154.05771585813906
mercedes,benz c class c300 amg 2022,lắp ráp trong nước,sedan,số tự động,xăng,2022.0,9000.0,57.0,2.0,1499.0,1602.272123845877
vinfast,vf8 eco 2023,lắp ráp trong nước,suv,số tự động,điện,2023.0,20000.0,66.0,0.2,845.0,721.6493684444799
audi,q5 2.0 at 2015,nhập khẩu,suv,số tự động,xăng,2015.0,78000.0,68.0,2.0,720.0,659.4792106621218
mazda,3 1.5l luxury 2019,lắp ráp trong nước,sedan,số tự động,xăng,2019.0,80000.0,61.0,1.5,450.0,450.948758749052
ford,ranger raptor 2.0l 4x4 at 2020,nhập khẩu,bán tải / pickup,số tự động,dầu,2020.0,90000.0,58.0,2.0,880.0,897.0518175303907
hyundai,santafe 2.4l 4wd 2016,lắp ráp trong nước,suv,số tự động,xăng,2016.0,179626.7683965918,71.0,2.4,539.0,547.15862981517
ford,transit standard mid 2014,lắp ráp trong nước,van/minivan,số tay,dầu,2014.0,150000.0,58.0,2.4,325.0,272.05856695575494
landrover,range rover autobiography 5.0 2013,nhập khẩu,suv,số tự động,xăng,2013.0,120000.0,57.0,5.0,1950.0,1974.5145772278113
hyundai,i10 grand 1.2 at 2020,lắp ráp trong nước,hatchback,số tự động,xăng,2020.0,38000.0,58.0,1.25,319.0,321.3570702394986
mazda,3 1.5l luxury 2024,lắp ráp trong nước,sedan,số tự động,xăng,2024.0,22000.0,57.0,1.5,610.0,607.3224077209655
vinfast,vf7 plus 2024,lắp ráp trong nước,suv,số tự động,điện,2024.0,11000.0,57.0,0.3,845.0,798.9456854636643
hyundai,kona 2.0 ath 2021,lắp ráp trong nước,crossover,số tự động,xăng,2021.0,50000.0,57.0,2.0,505.0,519.8792230597514
toyota,fortuner 2.5g 2009,lắp ráp trong nước,suv,số tay,dầu,2009.0,215000.0,81.0,2.5,375.0,327.9463356001486
toyota,fortuner 2.4l 4x2 at 2025,lắp ráp trong nước,suv,số tự động,dầu,2025.0,25000.0,57.0,2.4,1045.0,1084.748632772542
audi,tt 2.0 tfsi 2015,nhập khẩu,coupe,số tự động,xăng,2015.0,96000.0,58.0,2.0,1088.0,1101.700354618578
toyota,camry 2.5q 2020,nhập khẩu,sedan,số tự động,xăng,2020.0,82000.0,58.0,2.5,885.0,891.5254237150584
mercedes,benz vito tourer 121 2016,nhập khẩu,van/minivan,số tự động,xăng,2016.0,91000.0,57.0,2.0,615.0,619.2337405476945
toyota,innova cross hev 2.0 cvt 2023,nhập khẩu,crossover,số tự động,hybrid,2023.0,8700.0,57.0,2.0,960.0,938.8278886192592
mazda,3 2.0l premium 2019,lắp ráp trong nước,sedan,số tự động,xăng,2019.0,87000.0,68.0,2.0,465.0,484.5343962028442
kia,sorento signature 2.5 at awd 2021,lắp ráp trong nước,suv,số tự động,xăng,2021.0,50000.0,57.0,2.5,869.0,838.7370463414321
mercedes,benz c class c250 exclusive 2016,lắp ráp trong nước,sedan,số tự động,xăng,2016.0,58000.0,57.0,2.0,599.0,649.7024769838074
daewoo,lacetti ex 2009,lắp ráp trong nước,sedan,số tay,xăng,2009.0,11000.0,57.0,1.6,99.0,90.21176198785038
kia,k3 luxury 1.6 at 2022,lắp ráp trong nước,sedan,số tự động,xăng,2022.0,50000.0,57.0,1.6,483.0,527.6184483094052
mercedes,benz e class e200 exclusive 2021,lắp ráp trong nước,sedan,số tự động,xăng,2021.0,50000.0,60.0,2.0,1469.0,1465.3837059063562
kia,morning mt 2014,lắp ráp trong nước,hatchback,số tay,xăng,2014.0,179626.7683965918,96.0,1.25,128.0,136.44230319575178
toyota,fortuner 2.4g 4x2 mt 2018,nhập khẩu,suv,số tay,dầu,2018.0,90000.0,57.0,2.4,728.0,705.3282148524182
ford,ranger xls 2.0l 4x4 at 2023,lắp ráp trong nước,bán tải / pickup,số tự động,dầu,2023.0,63000.0,57.0,2.0,658.0,654.0512336714654
toyota,innova e 2.0 mt 2024,lắp ráp trong nước,crossover,số tay,xăng,2024.0,26000.0,58.0,2.0,699.0,678.7433882304035
ford,ranger stormtrak 2.0l 4x4 at 2024,nhập khẩu,bán tải / pickup,số tự động,dầu,2024.0,25000.0,70.0,2.0,952.0,985.023835275273
ford,ranger xlt 2.2l 4x4 at 2019,nhập khẩu,bán tải / pickup,số tự động,dầu,2019.0,80000.0,60.0,2.2,565.0,448.8316431951634
toyota,prado vx 2.7l 2019,nhập khẩu,suv,số tự động,xăng,2019.0,179626.7683965918,57.0,2.7,1960.0,1855.1971189872093
landrover,range rover hse lwb 5.0 2013,nhập khẩu,suv,số tự động,xăng,2013.0,179626.7683965918,63.0,5.0,1799.0,1811.9624998879863
hyundai,accent 1.4 at 2021,lắp ráp trong nước,sedan,số tự động,xăng,2021.0,48000.0,58.0,1.4,405.0,399.84097487883497
mercedes,benz c class c200 2015,lắp ráp trong nước,sedan,số tự động,xăng,2015.0,80000.0,60.0,2.0,580.0,565.1303445793432
ford,ranger xls 2.0l 4x2 at 2023,lắp ráp trong nước,bán tải / pickup,số tự động,dầu,2023.0,17000.0,57.0,2.0,635.0,629.9752438264586
toyota,raize g 1.0 cvt 2023,nhập khẩu,suv,số tự động,xăng,2023.0,9900.0,100.0,1.0,475.0,493.57325028246396
hyundai,i10 1.2 at 2021,lắp ráp trong nước,sedan,số tự động,xăng,2021.0,43000.0,57.0,1.25,348.0,360.7193251301733
toyota,camry 2.0q 2025,nhập khẩu,sedan,số tự động,xăng,2025.0,1000.0,59.0,2.0,1225.0,1181.8372882891977
hyundai,i10 grand 1.2 at 2018,lắp ráp trong nước,sedan,số tự động,xăng,2018.0,82000.0,58.0,1.25,285.0,289.7657033060502
hyundai,kona 2.0 ath 2020,lắp ráp trong nước,crossover,số tự động,xăng,2020.0,63000.0,58.0,2.0,489.0,483.368197853604
ford,ecosport titanium 1.5l at 2018,lắp ráp trong nước,suv,số tự động,xăng,2018.0,95000.0,59.0,1.5,380.0,376.4689220910292
toyota,yaris 1.3g 2014,nhập khẩu,hatchback,số tự động,xăng,2014.0,62000.0,62.0,1.3,375.0,337.1217347617621
mitsubishi,xpander cross 1.5 at 2023,nhập khẩu,suv,số tự động,xăng,2023.0,49000.0,77.0,1.5,595.0,598.2493429606307
mercedes,benz c class c250 exclusive 2016,lắp ráp trong nước,sedan,số tự động,xăng,2016.0,179626.7683965918,58.0,2.0,588.0,630.9838750910934
kia,forte sx 1.6 mt 2011,lắp ráp trong nước,sedan,số tay,xăng,2011.0,70000.0,68.0,1.6,215.0,196.95969433678943
mercedes,benz e class e200 2019,lắp ráp trong nước,sedan,số tự động,xăng,2019.0,64000.0,61.0,2.0,999.0,1040.634691622993
ford,fiesta 1.6 at 2012,lắp ráp trong nước,sedan,số tự động,xăng,2012.0,110000.0,84.0,1.6,180.0,231.57700998394634
kia,sedona 2.2l dath 2018,lắp ráp trong nước,van/minivan,số tự động,dầu,2018.0,90000.0,63.0,2.2,665.0,660.8417202963786
toyota,innova 2.0e 2012,lắp ráp trong nước,crossover,số tay,xăng,2012.0,110000.0,58.0,2.0,250.0,231.4243274072557
lexus,es 250 2022,nhập khẩu,sedan,số tự động,xăng,2022.0,19000.0,105.0,2.5,2286.0,2159.4612675515377
mercedes,benz v class v250 luxury 2021,nhập khẩu,van/minivan,số tự động,xăng,2021.0,69000.0,65.0,2.0,1699.0,1772.226753628523
toyota,vios 1.5g 2019,lắp ráp trong nước,sedan,số tự động,xăng,2019.0,70000.0,57.0,1.5,385.0,381.1050538976592
hyundai,elantra 1.6 at đặc biệt 2022,lắp ráp trong nước,sedan,số tự động,xăng,2022.0,20000.0,57.0,1.6,545.0,542.5352476225669
nissan,juke 1.6 at 2013,nhập khẩu,suv,số tự động,xăng,2013.0,8000.0,57.0,1.6,340.0,190.99230603539024
jaguar,xj series xjl 3.0 portfolio 2016,nhập khẩu,sedan,số tự động,xăng,2016.0,48000.0,105.0,3.0,1899.0,1808.534624790832
mitsubishi,xpander 1.5 at 2021,nhập khẩu,suv,số tự động,xăng,2021.0,70000.0,58.0,1.5,445.0,477.46846212643646
ford,ranger wildtrak 3.2l 4x4 at 2016,nhập khẩu,bán tải / pickup,số tự động,dầu,2016.0,47000.0,84.0,3.2,616.0,495.2027737229391
mitsubishi,attrage 1.2 mt 2022,nhập khẩu,sedan,số tay,xăng,2022.0,179626.7683965918,57.0,1.2,285.0,264.20768478881047
ford,ecosport titanium 1.5l at 2014,lắp ráp trong nước,suv,số tự động,xăng,2014.0,110000.0,60.0,1.5,280.0,260.95411474955847
mazda,3 1.5 at 2015,lắp ráp trong nước,sedan,số tự động,xăng,2015.0,110000.0,58.0,1.5,345.0,345.56587679340544
mercedes,benz c class c200 avantgarde 2023,lắp ráp trong nước,sedan,số tự động,xăng,2023.0,40000.0,59.0,1.5,1186.0,1402.2136665727985
ford,everest titanium plus 2.0l 4x4 at 2022,nhập khẩu,suv,số tự động,dầu,2022.0,37000.0,63.0,2.0,1290.0,1297.1609919627422
hyundai,accent 1.4 at 2019,lắp ráp trong nước,sedan,số tự động,xăng,2019.0,80000.0,58.0,1.4,355.0,361.91685066605606
landrover,range rover evoque se 2022,nhập khẩu,suv,số tự động,xăng,2022.0,9600.0,57.0,2.0,2199.0,1325.0874994651933
hyundai,santafe cao cấp 2.4l htrac 2021,lắp ráp trong nước,suv,số tự động,xăng,2021.0,179626.7683965918,57.0,2.4,955.0,815.5859555728754
mazda,cx5 2.0 at 2015,lắp ráp trong nước,suv,số tự động,xăng,2015.0,98000.0,57.0,2.0,445.0,443.2478865715291
mitsubishi,xpander cross 1.5 at 2024,nhập khẩu,suv,số tự động,xăng,2024.0,25000.0,57.0,1.5,619.0,632.442387930721
nissan,sunny xl 2019,lắp ráp trong nước,sedan,số tay,xăng,2019.0,135000.0,90.0,1.5,239.0,257.6754158145225
toyota,corolla altis 1.8g at 2020,lắp ráp trong nước,sedan,số tự động,xăng,2020.0,68000.0,65.0,1.8,539.0,556.1514503468495
kia,morning sx 1.1 at sportpack 2010,lắp ráp trong nước,hatchback,số tự động,xăng,2010.0,179626.7683965918,91.0,1.1,155.0,117.0938992642277
mitsubishi,triton 4x2 at 2022,nhập khẩu,bán tải / pickup,số tự động,dầu,2022.0,42000.0,74.0,2.4,560.0,550.9620334537931
kia,sedona 2.2l dath 2018,lắp ráp trong nước,van/minivan,số tự động,dầu,2018.0,110000.0,58.0,2.2,615.0,657.9338101539446
toyota,veloz cross top 1.5 cvt 2024,lắp ráp trong nước,suv,số tự động,xăng,2024.0,50000.0,59.0,1.5,555.0,594.5891794773863
kia,k5 luxury 2.0 at 2022,lắp ráp trong nước,sedan,số tự động,xăng,2022.0,179626.7683965918,57.0,2.0,655.0,640.3224821167963
vinfast,vf3 plus 2025,lắp ráp trong nước,hatchback,số tự động,điện,2025.0,3000.0,57.0,2.097755539082448,305.0,258.76488723934114
toyota,corolla cross 1.8v 2021,nhập khẩu,suv,số tự động,xăng,2021.0,40000.0,63.0,1.8,645.0,687.2416497448139
kia,cerato 1.6 at deluxe 2020,lắp ráp trong nước,sedan,số tự động,xăng,2020.0,179626.7683965918,57.0,1.6,458.0,419.47978449045706
mazda,3 1.5l sport premium 2020,lắp ráp trong nước,hatchback,số tự động,xăng,2020.0,70000.0,57.0,1.5,538.0,527.5562156771589
toyota,innova g 2008,lắp ráp trong nước,crossover,số tay,xăng,2008.0,179626.7683965918,77.0,2.0,160.0,182.2569489633514
toyota,rush 1.5s at 2020,nhập khẩu,suv,số tự động,xăng,2020.0,53000.0,58.0,1.5,490.0,499.0221129874357
mazda,6 2.0 at 2015,nhập khẩu,sedan,số tự động,xăng,2015.0,90000.0,82.0,2.0,340.0,406.8243322689367
hyundai,accent 1.4 at 2022,lắp ráp trong nước,sedan,số tự động,xăng,2022.0,75000.0,65.0,1.4,370.0,417.79614880962737
vinfast,fadil nâng cao 1.4 at 2022,lắp ráp trong nước,hatchback,số tự động,xăng,2022.0,28688.0,57.0,1.4,315.0,334.1267339073428
toyota,sienna limited 3.5 awd 2013,nhập khẩu,van/minivan,số tự động,xăng,2013.0,72000.0,90.0,3.5,1198.0,1012.6099006815812
toyota,corolla altis 2.0v 2010,lắp ráp trong nước,sedan,số tự động,xăng,2010.0,123333.0,65.0,2.0,280.0,283.6018606149002
chevrolet,spark ltz 1.0 at zest 2015,lắp ráp trong nước,hatchback,số tự động,xăng,2015.0,179626.7683965918,67.0,1.0,155.0,160.36692509721777
toyota,corolla cross 1.8v 2020,nhập khẩu,suv,số tự động,xăng,2020.0,74000.0,57.0,1.8,655.0,642.2133950730309
toyota,sienna limited 3.5 2014,nhập khẩu,van/minivan,số tự động,xăng,2014.0,58000.0,57.0,3.5,1489.0,732.5969543481045
mitsubishi,outlander 2.0 cvt 2022,lắp ráp trong nước,suv,số tự động,xăng,2022.0,50000.0,57.0,2.0,685.0,683.4741305927043
ford,everest titanium 2.0l 4x4 at 2020,nhập khẩu,suv,số tự động,dầu,2020.0,131000.0,57.0,2.0,879.0,880.430275639016
landrover,range rover hse 3.0 2014,nhập khẩu,suv,số tự động,xăng,2014.0,90000.0,57.0,3.0,2090.0,2038.3671759293181
mazda,3 1.5 at 2018,lắp ráp trong nước,sedan,số tự động,xăng,2018.0,40000.0,60.0,1.5,465.0,423.33174463121
hyundai,kona 1.6 turbo 2021,lắp ráp trong nước,crossover,số tự động,xăng,2021.0,179626.7683965918,92.0,1.6,525.0,495.34951865935676
mercedes,benz gls 350d 4matic 2016,nhập khẩu,suv,số tự động,dầu,2016.0,100000.0,60.0,3.0,1530.0,1577.0687847172485
ford,everest titanium 2.2l 4x2 at 2017,nhập khẩu,suv,số tự động,dầu,2017.0,110000.0,57.0,2.2,685.0,692.1809414735069
toyota,vios e cvt 2023,lắp ráp trong nước,sedan,số tự động,xăng,2023.0,30000.0,57.0,1.5,420.0,421.75039753666124
kia,sportage signature x,lắp ráp trong nước,crossover,số tự động,xăng,2024.0,20000.0,58.0,1.6,1.0,1.3707519212792627
toyota,innova 2.0e 2019,lắp ráp trong nước,crossover,số tay,xăng,2019.0,88682.0,59.0,2.0,435.0,437.89405857814324
ford,everest titanium 2.0l 4x2 at 2018,nhập khẩu,suv,số tự động,dầu,2018.0,90000.0,58.0,2.0,765.0,771.0555862661407
mazda,3 1.5 at 2018,lắp ráp trong nước,sedan,số tự động,xăng,2018.0,80000.0,83.0,1.5,409.0,421.8295651106097
mercedes,benz c class c300 amg 2018,lắp ráp trong nước,sedan,số tự động,xăng,2018.0,70000.0,59.0,2.0,860.0,804.7646094428442
chevrolet,spark van 0.8 mt 2011,lắp ráp trong nước,van/minivan,số tay,xăng,2011.0,179626.7683965918,90.0,0.8,88.0,57.2839351464104
kia,morning ex 2016,lắp ráp trong nước,hatchback,số tay,xăng,2016.0,1234.0,57.0,1.25,125.0,141.44226264758314
peugeot,3008 1.6 at 2018,lắp ráp trong nước,crossover,số tự động,xăng,2018.0,68122.0,63.0,1.6,550.0,567.3943657756489
mercedes,benz e class e200 2019,lắp ráp trong nước,sedan,số tự động,xăng,2019.0,80000.0,57.0,2.0,1090.0,1038.1202297876277
mercedes,benz glc 200 2021,lắp ráp trong nước,suv,số tự động,xăng,2021.0,40000.0,60.0,2.0,1290.0,1269.4955084379937
baic,beijing u5 plus luxury 2022,nhập khẩu,sedan,số tự động,xăng,2022.0,22000.0,58.0,1.5,375.0,355.9046364005938
toyota,vios 1.5e mt 2018,lắp ráp trong nước,sedan,số tay,xăng,2018.0,62000.0,58.0,1.5,280.0,286.725199616995
mercedes,benz gle class gle 400 4matic coupe 2016,nhập khẩu,coupe,số tự động,xăng,2016.0,80000.0,63.0,3.0,1040.0,1152.1064151843484
vinfast,vf8 plus awd 2023,lắp ráp trong nước,suv,số tự động,điện,2023.0,58529.0,62.0,2.097755539082448,835.0,835.8847617976716
kia,sorento dath 2017,lắp ráp trong nước,suv,số tự động,dầu,2017.0,70000.0,57.0,2.2,535.0,551.4978988898396
mercedes,benz glc 300 4matic 2020,lắp ráp trong nước,suv,số tự động,xăng,2020.0,70000.0,57.0,2.0,1440.0,1470.9480080416217
kia,seltos deluxe 1.4 at 2020,lắp ráp trong nước,crossover,số tự động,xăng,2020.0,30000.0,65.0,1.4,515.0,508.19233054275725
mercedes,benz e class e250 2012,lắp ráp trong nước,sedan,số tự động,xăng,2012.0,120000.0,58.0,1.8,355.0,419.4184093176851
kia,rondo gat deluxe 2019,lắp ráp trong nước,suv,số tự động,xăng,2019.0,109000.0,57.0,2.0,419.0,407.6570658331533
kia,cerato 1.6 at luxury 2019,lắp ráp trong nước,sedan,số tự động,xăng,2019.0,60000.0,60.0,1.6,455.0,445.07764909667463
honda,crv l 2024,lắp ráp trong nước,suv,số tự động,xăng,2024.0,179626.7683965918,75.0,1.5,1050.0,996.083856350933
hyundai,elantra 1.6 at 2021,lắp ráp trong nước,sedan,số tự động,xăng,2021.0,27000.0,107.0,1.6,510.0,463.4384541692117
toyota,yaris cross 1.5 d,nhập khẩu,suv,số tự động,xăng,2025.0,3900.0,57.0,1.5,2025.0,2111.920949913005
mazda,cx5 premium exclusive 2.0 at 2023,lắp ráp trong nước,suv,số tự động,xăng,2023.0,37000.0,57.0,2.0,825.0,819.0408487196698
hyundai,accent 1.4 at đặc biệt 2023,lắp ráp trong nước,sedan,số tự động,xăng,2023.0,30000.0,93.0,1.4,460.0,465.04423136895605
honda,city 1.5top 2019,lắp ráp trong nước,sedan,số tự động,xăng,2019.0,61000.0,58.0,1.5,389.0,385.5209629703737
peugeot,3008 1.6 at 2019,lắp ráp trong nước,crossover,số tự động,xăng,2019.0,80000.0,57.0,1.6,595.0,610.8798421410332
audi,a6 45 tfsi 2021,nhập khẩu,sedan,số tự động,xăng,2021.0,28000.0,57.0,2.0,1590.0,1592.7614332296698
toyota,innova g 2.0 at 2022,lắp ráp trong nước,crossover,số tự động,xăng,2022.0,100000.0,57.0,2.0,705.0,709.6532242007727
hyundai,santafe cao cấp 2.2l htrac 2022,lắp ráp trong nước,suv,số tự động,dầu,2022.0,67000.0,57.0,2.2,1115.0,1130.0958502873625
bmw,3 series 330i m sport 2023,lắp ráp trong nước,sedan,số tự động,xăng,2023.0,18000.0,57.0,2.0,1699.0,1673.505947326841
mazda,cx5 2.0 at 2017,lắp ráp trong nước,suv,số tự động,xăng,2017.0,84000.0,59.0,2.0,505.0,507.6376292670006
honda,civic g 1.8 at 2019,nhập khẩu,sedan,số tự động,xăng,2019.0,60000.0,61.0,1.8,535.0,536.7939241255782
toyota,yaris 1.3 at 2009,nhập khẩu,sedan,số tự động,xăng,2009.0,150000.0,57.0,1.3,248.0,224.4107211595216
mercedes,benz glc 300 4matic 2016,lắp ráp trong nước,suv,số tự động,xăng,2016.0,98000.0,57.0,2.0,845.0,838.3038647488977
mercedes,benz glc 300 4matic 2018,lắp ráp trong nước,suv,số tự động,xăng,2018.0,68000.0,63.0,2.0,1030.0,1032.7696702305316
kia,seltos deluxe 1.5 at 2024,lắp ráp trong nước,crossover,số tự động,xăng,2024.0,5000.0,57.0,1.5,599.0,341.30339030132694
mazda,cx5 2.0 at awd 2015,lắp ráp trong nước,suv,số tự động,xăng,2015.0,10800.0,57.0,2.0,445.0,426.39104707521
hyundai,elantra 1.6 at 2019,lắp ráp trong nước,sedan,số tự động,xăng,2019.0,62000.0,57.0,1.6,455.0,426.96173651669585
mitsubishi,attrage 1.2 cvt 2023,nhập khẩu,sedan,số tự động,xăng,2023.0,55000.0,57.0,1.2,358.0,361.9562499295325
toyota,fortuner 2.7v 4x2 at 2016,lắp ráp trong nước,suv,số tự động,xăng,2016.0,130000.0,57.0,2.7,469.0,479.2074721797047
ford,ranger raptor 2.0l 4x4 at 2025,nhập khẩu,bán tải / pickup,số tự động,dầu,2025.0,858.0,103.0,2.0,1219.0,1177.3724242544477
lexus,rx 350 2007,nhập khẩu,suv,số tự động,xăng,2007.0,13000.0,57.0,3.5,320.0,322.1128615128089
toyota,vios e 1.5 mt 2022,lắp ráp trong nước,sedan,số tay,xăng,2022.0,80000.0,57.0,1.5,355.0,354.6603665305586
bmw,5 series 528i gt 2014,nhập khẩu,sedan,số tự động,xăng,2014.0,75000.0,57.0,2.0,595.0,581.6793252626064
ford,ranger xls 2.2l 4x2 mt 2013,nhập khẩu,bán tải / pickup,số tay,dầu,2013.0,210000.0,69.0,2.2,250.0,274.82859115929494
toyota,vios g 1.5 cvt 2024,lắp ráp trong nước,sedan,số tự động,xăng,2024.0,11000.0,106.0,1.5,511.0,488.17834927419165
mercedes,benz c class c200 2013,lắp ráp trong nước,sedan,số tự động,xăng,2013.0,120000.0,83.0,1.8,345.0,364.0062220673714
mercedes,benz glc 200 4matic 2021,lắp ráp trong nước,suv,số tự động,xăng,2021.0,34700.0,98.0,2.0,1459.0,1369.6532780914658
vinfast,fadil 1.4 at 2021,lắp ráp trong nước,hatchback,số tự động,xăng,2021.0,60000.0,57.0,1.4,290.0,306.1715192376069
suzuki,ertiga glx 1.5 at 2019,nhập khẩu,suv,số tự động,xăng,2019.0,50000.0,61.0,1.5,380.0,372.8880315878092
kia,cerato 1.6 mt 2021,lắp ráp trong nước,sedan,số tay,xăng,2021.0,50000.0,57.0,1.6,435.0,424.24498202971114
mercedes,benz s class s400l 2017,lắp ráp trong nước,sedan,số tự động,xăng,2017.0,90000.0,96.0,3.0,1350.0,1316.9168734754007
mercedes,benz e class e250 2014,lắp ráp trong nước,sedan,số tự động,xăng,2014.0,130000.0,57.0,2.0,488.0,519.9566355347815
toyota,fortuner 2.4g 4x2 at 2020,lắp ráp trong nước,suv,số tự động,dầu,2020.0,179626.7683965918,58.0,2.4,830.0,801.6606455345194
toyota,vios 1.5g cvt 2021,lắp ráp trong nước,sedan,số tự động,xăng,2021.0,179626.7683965918,91.0,1.5,390.0,407.8383838103515
mercedes,benz e class e250 2017,lắp ráp trong nước,sedan,số tự động,xăng,2017.0,8000.0,107.0,2.0,990.0,840.8924891976201
kia,carnival royal 2.2d 2023,lắp ráp trong nước,van/minivan,số tự động,dầu,2023.0,20000.0,57.0,2.2,1950.0,630.5024366330655
kia,morning van 1.0 at 2014,nhập khẩu,van/minivan,số tự động,xăng,2014.0,12000.0,61.0,1.0,159.0,163.68281027666208
kia,morning si at 2016,lắp ráp trong nước,hatchback,số tự động,xăng,2016.0,56789.0,57.0,1.25,245.0,253.77342706718312
mercedes,benz e class e300 amg 2019,lắp ráp trong nước,sedan,số tự động,xăng,2019.0,88000.0,58.0,2.0,1335.0,1319.8095959229713
mitsubishi,xpander 1.5 mt 2019,nhập khẩu,suv,số tay,xăng,2019.0,82000.0,57.0,1.5,415.0,369.9932596941393
mazda,cx5 premium 2.0 at 2022,lắp ráp trong nước,suv,số tự động,xăng,2022.0,52000.0,62.0,2.0,705.0,714.5157583005564
toyota,fortuner 2.7v 4x2 at 2018,nhập khẩu,suv,số tự động,xăng,2018.0,179626.7683965918,57.0,2.7,719.0,684.3263060658204
vinfast,vf5 plus 2025,lắp ráp trong nước,suv,số tự động,điện,2025.0,17000.0,57.0,2.097755539082448,479.0,455.82827244432065
kia,seltos luxury 1.4 at 2020,lắp ráp trong nước,crossover,số tự động,xăng,2020.0,46508.0,62.0,1.4,520.0,528.5059513992198
toyota,vios g 1.5 cvt 2022,lắp ráp trong nước,sedan,số tự động,xăng,2022.0,30000.0,58.0,1.5,455.0,448.55922479289717
porsche,cayenne gts 2008,nhập khẩu,suv,số tự động,xăng,2008.0,115600.0,57.0,4.8,580.0,413.8469643183605
kia,k3 1.6 mt 2015,lắp ráp trong nước,sedan,số tay,xăng,2015.0,179626.7683965918,106.0,1.6,255.0,163.76139006715087
mitsubishi,xpander premium 1.5 at 2022,nhập khẩu,suv,số tự động,xăng,2022.0,121232.0,70.0,1.5,499.0,540.4915924741184
vinfast,fadil 1.4 at 2021,lắp ráp trong nước,hatchback,số tự động,xăng,2021.0,22000.0,57.0,1.4,315.0,306.6358252245574
mazda,cx5 2.5 at 2wd 2017,lắp ráp trong nước,suv,số tự động,xăng,2017.0,179626.7683965918,57.0,2.5,509.0,502.45942198368
toyota,corolla altis 1.8g at 2011,lắp ráp trong nước,sedan,số tự động,xăng,2011.0,177000.0,106.0,1.8,300.0,302.3301498293223
mercedes,benz glc 300 4matic 2021,lắp ráp trong nước,suv,số tự động,xăng,2021.0,50000.0,57.0,2.0,1486.0,1592.1664768791497
toyota,innova g 2007,lắp ráp trong nước,crossover,số tay,xăng,2007.0,138000.0,63.0,2.0,162.0,156.49404731453905
chevrolet,spark lite van 0.8 mt 2014,lắp ráp trong nước,van/minivan,số tay,xăng,2014.0,140000.0,58.0,0.8,60.0,70.93713578990472
kia,sorento signature 2.2 at awd 2022,lắp ráp trong nước,suv,số tự động,dầu,2022.0,69000.0,57.0,2.2,935.0,977.4087168662165
mazda,cx8 premium 2023,lắp ráp trong nước,suv,số tự động,xăng,2023.0,59000.0,57.0,2.5,880.0,904.227511587714
hyundai,santafe cao cấp 2.2l htrac 2024,lắp ráp trong nước,suv,số tự động,dầu,2024.0,13000.0,80.0,2.2,1320.0,1329.418457566258
toyota,fortuner 2.7v 4x2 at trd 2019,lắp ráp trong nước,suv,số tự động,xăng,2019.0,92000.0,57.0,2.7,770.0,763.7946978328863
landrover,range rover hse 3.0 2015,nhập khẩu,suv,số tự động,xăng,2015.0,89600.0,95.0,3.0,2150.0,2153.3338649691887
toyota,fortuner 2.4g 4x2 at 2019,nhập khẩu,suv,số tự động,dầu,2019.0,20000.0,57.0,2.4,775.0,875.7172663631779
vinfast,fadil 1.4 at 2019,lắp ráp trong nước,hatchback,số tự động,xăng,2019.0,50000.0,57.0,1.4,275.0,265.1058324427531
kia,sorento signature 2.2 at awd 2022,lắp ráp trong nước,suv,số tự động,dầu,2022.0,69000.0,57.0,2.2,935.0,977.4087168662165
lexus,gx 460 2010,nhập khẩu,suv,số tự động,xăng,2010.0,120000.0,57.0,4.6,1190.0,1202.2033925160213
kia,carnival signature 2.2d 2022,lắp ráp trong nước,van/minivan,số tự động,dầu,2022.0,44000.0,62.0,2.2,1250.0,1204.1529666105425
kia,sonet luxury 1.5 at 2021,lắp ráp trong nước,crossover,số tự động,xăng,2021.0,60000.0,68.0,1.5,465.0,493.9749122117442
ford,ranger raptor 2.0l 4x4 at 2021,nhập khẩu,bán tải / pickup,số tự động,dầu,2021.0,63200.0,57.0,2.0,996.0,978.4889581588428
mazda,6 2.0 at 2015,lắp ráp trong nước,sedan,số tự động,xăng,2015.0,80000.0,58.0,2.0,365.0,362.9540877531467
ford,everest titanium 2.0l 4x4 at 2019,nhập khẩu,suv,số tự động,dầu,2019.0,180000.0,61.0,2.0,755.0,837.0423495205456
mercedes,benz glb 35 4matic 2021,nhập khẩu,suv,số tự động,xăng,2021.0,54400.0,57.0,2.0,1499.0,1499.949661179826
honda,crv l 2019,nhập khẩu,suv,số tự động,xăng,2019.0,75000.0,57.0,1.5,735.0,756.4282979434715
chevrolet,spark duo van 1.2 mt 2018,lắp ráp trong nước,van/minivan,số tay,xăng,2018.0,50000.0,62.0,1.2,139.0,139.00862486512463
mercedes,benz c class c250 exclusive 2017,lắp ráp trong nước,sedan,số tự động,xăng,2017.0,179626.7683965918,84.0,2.0,699.0,633.119067098665
ford,everest titanium 2.0l 4x2 at 2020,nhập khẩu,suv,số tự động,dầu,2020.0,89000.0,57.0,2.0,840.0,850.5017614367098
mercedes,benz glc 200 2022,lắp ráp trong nước,suv,số tự động,xăng,2022.0,20000.0,94.0,2.0,1388.0,1365.4280835547156
mercedes,benz glb 35 4matic 2021,nhập khẩu,suv,số tự động,xăng,2021.0,67000.0,57.0,2.0,1550.0,1498.0069340491018
ford,focus titanium 1.5l 2016,lắp ráp trong nước,sedan,số tự động,xăng,2016.0,130000.0,57.0,1.5,355.0,362.2082318508082
suzuki,swift glx 1.2 at 2019,nhập khẩu,hatchback,số tự động,xăng,2019.0,80000.0,58.0,1.2,425.0,398.68374297604413
kia,cerato 1.6 at 2018,lắp ráp trong nước,sedan,số tự động,xăng,2018.0,179626.7683965918,57.0,1.6,375.0,386.20406577593815
vinfast,vf3 plus 2024,lắp ráp trong nước,hatchback,số tự động,điện,2024.0,15000.0,57.0,2.097755539082448,232.0,231.3953684939396
hyundai,accent 1.4 at 2019,lắp ráp trong nước,sedan,số tự động,xăng,2019.0,179626.7683965918,103.0,1.4,350.0,346.5304576770712
mercedes,benz s class s450l 2018,lắp ráp trong nước,sedan,số tự động,xăng,2018.0,92800.0,57.0,3.0,1999.0,1911.4172335422663
honda,crv l 2019,nhập khẩu,suv,số tự động,xăng,2019.0,55000.0,57.0,1.5,745.0,759.1030815504676
hyundai,click 1.4 at 2007,nhập khẩu,hatchback,số tự động,xăng,2007.0,179626.7683965918,72.0,1.4,170.0,143.65159773911196
mercedes,benz e class e300 2011,lắp ráp trong nước,sedan,số tự động,xăng,2011.0,150000.0,79.0,3.0,320.0,449.20681195494683
nissan,navara el 2.5 at 2wd 2018,nhập khẩu,bán tải / pickup,số tự động,dầu,2018.0,120000.0,58.0,2.5,415.0,398.8920033163862
mercedes,benz e class e250 2018,lắp ráp trong nước,sedan,số tự động,xăng,2018.0,40000.0,59.0,2.0,1035.0,1006.9887379953896
ford,focus 1.8 at 2012,lắp ráp trong nước,hatchback,số tự động,xăng,2012.0,60000.0,57.0,1.8,267.0,225.52517447919104
ford,territory titanium x 1.5 at 2023,lắp ráp trong nước,suv,số tự động,xăng,2023.0,30000.0,57.0,1.5,735.0,794.2616669833869
toyota,corolla cross 1.8v 2021,nhập khẩu,suv,số tự động,xăng,2021.0,33000.0,89.0,1.8,690.0,683.5582071664202
vinfast,vf9 plus 2023,lắp ráp trong nước,suv,số tự động,điện,2023.0,20000.0,57.0,0.2,1090.0,1045.160891814426
toyota,yaris g 1.5 at 2020,nhập khẩu,hatchback,số tự động,xăng,2020.0,61000.0,57.0,1.5,505.0,515.8692392052953
peugeot,3008 gt 2022,lắp ráp trong nước,crossover,số tự động,xăng,2022.0,60000.0,57.0,1.6,850.0,826.8346643411024
peugeot,2008 gt line 1.2 at 2021,lắp ráp trong nước,crossover,số tự động,xăng,2021.0,55000.0,107.0,1.2,565.0,577.017127991744
chevrolet,cruze lt 1.6l 2017,lắp ráp trong nước,sedan,số tay,xăng,2017.0,80000.0,59.0,1.6,218.0,259.7315254635353
toyota,vios e cvt 2021,lắp ráp trong nước,sedan,số tự động,xăng,2021.0,50000.0,60.0,1.5,395.0,392.08546129154547
ford,focus 2.0 at ghia 2011,lắp ráp trong nước,sedan,số tự động,xăng,2011.0,105000.0,101.0,2.0,185.0,181.41141814665858
kia,sedona 3.3l gath 2016,lắp ráp trong nước,van/minivan,số tự động,xăng,2016.0,60000.0,57.0,3.3,535.0,519.0423434994141
kia,sorento 2.4 gat premium 2021,lắp ráp trong nước,suv,số tự động,xăng,2021.0,41000.0,68.0,2.4,638.0,635.3581609424425
toyota,fortuner 2.7v 4x2 at 2020,nhập khẩu,suv,số tự động,xăng,2020.0,31000.0,58.0,2.7,749.0,768.4107548485764
toyota,vios 1.5g 2011,lắp ráp trong nước,sedan,số tự động,xăng,2011.0,179626.7683965918,57.0,1.5,265.0,259.99161055084636
toyota,innova 2.0e 2018,lắp ráp trong nước,crossover,số tay,xăng,2018.0,73300.0,57.0,2.0,390.0,423.1996984465633
toyota,corolla altis 1.8g at 2016,lắp ráp trong nước,sedan,số tự động,xăng,2016.0,99000.0,58.0,1.8,455.0,438.2452751104498
audi,q5 2.0 at 2017,nhập khẩu,suv,số tự động,xăng,2017.0,99999.0,57.0,2.0,869.0,1019.0602340468104
mercedes,benz s class s400l 2015,lắp ráp trong nước,sedan,số tự động,xăng,2015.0,179626.7683965918,58.0,3.0,1250.0,1176.674766468548
chevrolet,cruze ls 1.6 mt 2015,lắp ráp trong nước,sedan,số tay,xăng,2015.0,179626.7683965918,90.0,1.6,178.0,149.36427904182403
mazda,3 1.5l sport luxury 2019,lắp ráp trong nước,hatchback,số tự động,xăng,2019.0,58000.0,57.0,1.5,435.0,450.8601156514021
daewoo,lacetti ex 2009,lắp ráp trong nước,sedan,số tay,xăng,2009.0,170000.0,57.0,1.6,75.0,89.58324414013788
landrover,range rover hse 3.0 2014,nhập khẩu,suv,số tự động,xăng,2014.0,50000.0,76.0,3.0,1950.0,2046.5936382187535
toyota,corolla altis 1.8g mt 2011,lắp ráp trong nước,sedan,số tay,xăng,2011.0,200000.0,74.0,1.8,225.0,253.15508053479965
volkswagen,tiguan 2.0 at 2012,nhập khẩu,suv,số tự động,xăng,2012.0,135900.0,91.0,2.0,243.0,266.8782323645099
mazda,3 1.5l luxury 2022,lắp ráp trong nước,sedan,số tự động,xăng,2022.0,23000.0,57.0,1.5,545.0,552.0507700980525
mercedes,benz e class e200 2017,lắp ráp trong nước,sedan,số tự động,xăng,2017.0,138602.0,57.0,2.0,850.0,812.6931893070546
bmw,5 series 520i 2012,nhập khẩu,sedan,số tự động,xăng,2012.0,110000.0,60.0,2.0,499.0,503.90538461472386
mazda,2 1.5 at 2016,lắp ráp trong nước,sedan,số tự động,xăng,2016.0,179626.7683965918,57.0,1.5,298.0,285.28271861375555
mitsubishi,pajero sport d 4x2 mt 2017,lắp ráp trong nước,suv,số tay,dầu,2017.0,120000.0,67.0,2.5,365.0,381.41128304656615
mercedes,benz e class e300 amg 2019,lắp ráp trong nước,sedan,số tự động,xăng,2019.0,48000.0,57.0,2.0,1368.0,1322.5459522982658
mitsubishi,pajero sport 2.4d 4x2 at 2021,nhập khẩu,suv,số tự động,dầu,2021.0,60000.0,59.0,2.4,840.0,842.3062227433829
nissan,x trail 2.5 at 2008,nhập khẩu,suv,số tự động,xăng,2008.0,165000.0,57.0,2.5,245.0,178.40119813464906
mitsubishi,xpander premium 1.5 at 2024,nhập khẩu,suv,số tự động,xăng,2024.0,23400.0,59.0,1.5,585.0,591.1538661026492
mercedes,benz c class c300 amg 2015,lắp ráp trong nước,sedan,số tự động,xăng,2015.0,179626.7683965918,76.0,2.0,580.0,631.6544528884912
peugeot,2008 gt line 1.2 at 2023,lắp ráp trong nước,crossover,số tự động,xăng,2023.0,9000.0,58.0,1.2,665.0,686.6316348965611
kia,morning van 1.0 at 2016,nhập khẩu,van/minivan,số tự động,xăng,2016.0,8500.0,58.0,1.0,198.0,203.40700028739792
toyota,innova g 2009,lắp ráp trong nước,crossover,số tay,xăng,2009.0,123456.0,79.0,2.0,175.0,188.37603545718875
mitsubishi,xpander 1.5 at 2019,nhập khẩu,suv,số tự động,xăng,2019.0,40000.0,60.0,1.5,435.0,448.1426939787361
toyota,wigo 1.2g mt 2019,nhập khẩu,hatchback,số tay,xăng,2019.0,179626.7683965918,65.0,1.2,206.0,218.08694373947287
lexus,nx 300 2018,nhập khẩu,suv,số tự động,xăng,2018.0,40000.0,57.0,2.0,1520.0,1591.4014306295803
honda,city l 1.5 at 2021,lắp ráp trong nước,sedan,số tự động,xăng,2021.0,47000.0,76.0,1.5,425.0,427.3493001338828
mercedes,benz v class v250 luxury 2019,nhập khẩu,van/minivan,số tự động,xăng,2019.0,70000.0,59.0,2.0,1499.0,1491.710011797108
toyota,fortuner 2.4l 4x2 at 2022,lắp ráp trong nước,suv,số tự động,dầu,2022.0,110000.0,74.0,2.4,945.0,933.3257897057069
toyota,vios 1.5g 2015,lắp ráp trong nước,sedan,số tự động,xăng,2015.0,120000.0,64.0,1.5,300.0,323.4470069837778
mercedes,benz gla class gla 45 amg 4matic 2015,nhập khẩu,suv,số tự động,xăng,2015.0,77000.0,57.0,2.0,700.0,650.0145638068273
mitsubishi,xpander 1.5 mt 2020,nhập khẩu,suv,số tay,xăng,2020.0,40000.0,59.0,1.5,400.0,390.899812010918
bmw,5 series 520i 2023,lắp ráp trong nước,sedan,số tự động,xăng,2023.0,11000.0,58.0,2.0,1699.0,1693.4021320308054
kia,cerato 1.6 at 2016,lắp ráp trong nước,sedan,số tự động,xăng,2016.0,86000.0,61.0,1.6,350.0,361.3297933172556
toyota,fortuner 2.5g 2014,lắp ráp trong nước,suv,số tay,dầu,2014.0,179626.7683965918,64.0,2.5,480.0,455.3390482647175
vinfast,fadil 1.4 at 2021,lắp ráp trong nước,hatchback,số tự động,xăng,2021.0,179626.7683965918,58.0,1.4,290.0,296.2293137142143
toyota,fortuner 2.7v 4x2 at 2019,nhập khẩu,suv,số tự động,xăng,2019.0,76000.0,57.0,2.7,725.0,736.8042575777025
mazda,6 premium 2.0 at 2020,lắp ráp trong nước,sedan,số tự động,xăng,2020.0,82000.0,57.0,2.0,539.0,631.6937180635767
mazda,3 1.5 at 2017,lắp ráp trong nước,hatchback,số tự động,xăng,2017.0,70000.0,58.0,1.5,405.0,388.96587007364474
toyota,camry 2.5q 2017,lắp ráp trong nước,sedan,số tự động,xăng,2017.0,91000.0,58.0,2.5,659.0,636.2711404773216
kia,k3 premium 2.0 at 2025,lắp ráp trong nước,sedan,số tự động,xăng,2025.0,16000.0,97.0,2.0,625.0,466.42853144677474
toyota,yaris 1.3 at 2010,nhập khẩu,hatchback,số tự động,xăng,2010.0,179626.7683965918,74.0,1.3,260.0,262.90178458460105
hyundai,elantra 1.6 at tiêu chuẩn 2023,lắp ráp trong nước,sedan,số tự động,xăng,2023.0,17000.0,57.0,1.6,520.0,428.9081384321507
mercedes,benz s class s450l 2018,lắp ráp trong nước,sedan,số tự động,xăng,2018.0,72000.0,57.0,3.0,1799.0,1917.0491078528964
suzuki,ertiga hybrid 1.5 at 2023,nhập khẩu,suv,số tự động,hybrid,2023.0,63000.0,82.0,1.5,448.0,451.83267680507663
peugeot,3008 gt 2022,lắp ráp trong nước,crossover,số tự động,xăng,2022.0,60000.0,57.0,1.6,795.0,826.8346643411024
ford,ranger raptor 2.0l 4x4 at 2023,nhập khẩu,bán tải / pickup,số tự động,dầu,2023.0,52000.0,72.0,2.0,1110.0,1141.861436947043
toyota,hiace 3.0 2018,nhập khẩu,van/minivan,số tay,dầu,2018.0,115232.0,58.0,3.0,580.0,739.4783416939707
bentley,flying spur 6.0 v8 2007,nhập khẩu,sedan,số tự động,xăng,2007.0,16000.0,88.0,6.0,1999.0,1845.231766725678
kia,k3 premium 2.0 at 2024,lắp ráp trong nước,sedan,số tự động,xăng,2024.0,3700.0,60.0,2.0,598.0,442.4064675053306
mitsubishi,xpander premium 1.5 at 2024,nhập khẩu,suv,số tự động,xăng,2024.0,41355.0,57.0,1.5,590.0,590.1095710978495
porsche,macan 2.0 2015,nhập khẩu,suv,số tự động,xăng,2015.0,96000.0,57.0,2.0,1399.0,1393.1986406733215
mitsubishi,mirage 1.2cvt 2017,nhập khẩu,hatchback,số tự động,xăng,2017.0,80000.0,62.0,1.2,260.0,252.07627397110153
honda,crv l 2019,nhập khẩu,suv,số tự động,xăng,2019.0,80000.0,58.0,1.5,745.0,756.2002361085065
toyota,yaris cross 1.5 d,nhập khẩu,suv,số tự động,xăng,2024.0,35000.0,57.0,1.5,2024.0,2009.2881084774883
mazda,2 1.5 at 2016,lắp ráp trong nước,sedan,số tự động,xăng,2016.0,52000.0,57.0,1.5,315.0,291.2767954105434
mitsubishi,triton 4x2 at 2023,nhập khẩu,bán tải / pickup,số tự động,dầu,2023.0,179626.7683965918,57.0,2.4,535.0,548.9819986530905
kia,morning van 1.0 at 2009,nhập khẩu,van/minivan,số tự động,xăng,2009.0,179626.7683965918,71.0,1.0,93.0,89.76962478118281
hyundai,tucson 1.6 at turbo 2019,lắp ráp trong nước,crossover,số tự động,xăng,2019.0,74000.0,58.0,1.6,635.0,645.9664216926443
nissan,navara ve 2.5 at 2wd 2021,nhập khẩu,bán tải / pickup,số tự động,dầu,2021.0,23000.0,62.0,2.5,575.0,281.645483852811
ford,focus titanium 2.0 at 2014,lắp ráp trong nước,sedan,số tự động,xăng,2014.0,130000.0,57.0,2.0,289.0,310.2972514359434
hyundai,santafe cao cấp 2.5l htrac 2024,lắp ráp trong nước,suv,số tự động,xăng,2024.0,20000.0,59.0,2.5,1199.0,1200.3068900825645
kia,k3 2.0 at 2014,lắp ráp trong nước,sedan,số tự động,xăng,2014.0,99000.0,70.0,2.0,330.0,317.81878606211876
ford,territory titanium x 1.5 at 2025,lắp ráp trong nước,suv,số tự động,xăng,2025.0,3000.0,101.0,1.5,865.0,852.5659910687612
mercedes,benz gle class gle 400 4matic coupe 2018,nhập khẩu,coupe,số tự động,xăng,2018.0,68000.0,68.0,3.0,1586.0,1532.427786891265
mitsubishi,triton 4x2 at 2017,nhập khẩu,bán tải / pickup,số tự động,dầu,2017.0,71000.0,96.0,2.5,375.0,380.68679246526096
mazda,cx5 2.5 at 2wd 2018,lắp ráp trong nước,suv,số tự động,xăng,2018.0,65000.0,57.0,2.5,585.0,583.0363709426109
mercedes,benz e class e300 2011,lắp ráp trong nước,sedan,số tự động,xăng,2011.0,140000.0,81.0,3.0,445.0,449.5898143314649
ford,everest titanium 2.0l 4x2 at 2023,nhập khẩu,suv,số tự động,dầu,2023.0,33000.0,57.0,2.0,1160.0,1215.1681958582528
kia,sonet premium 1.5 at 2023,lắp ráp trong nước,crossover,số tự động,xăng,2023.0,14000.0,98.0,1.5,550.0,561.5376421425179
ford,ranger wildtrak 3.2l 4x4 at 2016,nhập khẩu,bán tải / pickup,số tự động,dầu,2016.0,80000.0,57.0,3.2,500.0,498.21898928056146
ford,ranger xls 2.2l 4x2 at 2020,nhập khẩu,bán tải / pickup,số tự động,dầu,2020.0,75000.0,58.0,2.2,555.0,536.4552814030261
honda,crv l 2020,nhập khẩu,suv,số tự động,xăng,2020.0,50000.0,57.0,1.5,785.0,849.4926411534656
vinfast,vf8 plus awd 2022,lắp ráp trong nước,suv,số tự động,điện,2022.0,6.0,98.0,2.097755539082448,740.0,771.5942730213067
hyundai,custin đặc biệt 1.5t 2025,lắp ráp trong nước,van/minivan,số tự động,xăng,2025.0,4000.0,69.0,1.5,875.0,611.30590545435
hyundai,i10 grand 1.2 at 2020,lắp ráp trong nước,hatchback,số tự động,xăng,2020.0,81000.0,84.0,1.25,330.0,319.42193687683425
bmw,3 series 320i sport line 2025,lắp ráp trong nước,sedan,số tự động,xăng,2025.0,16800.0,57.0,2.0,1399.0,1385.6135536507586
vinfast,fadil tiêu chuẩn 1.4 at 2022,lắp ráp trong nước,hatchback,số tự động,xăng,2022.0,30000.0,57.0,1.4,330.0,320.69316735969295
kia,cerato 1.6 at 2018,lắp ráp trong nước,sedan,số tự động,xăng,2018.0,100000.0,72.0,1.6,375.0,397.4634480316955
hyundai,i10 1.2 at 2025,lắp ráp trong nước,hatchback,số tự động,xăng,2025.0,9000.0,57.0,1.25,425.0,435.3777751333731
mitsubishi,xpander 1.5 mt 2019,nhập khẩu,suv,số tay,xăng,2019.0,120000.0,72.0,1.5,350.0,369.324069014103
hyundai,i10 grand 1.2 at 2017,lắp ráp trong nước,hatchback,số tự động,xăng,2017.0,72000.0,57.0,1.25,288.0,282.27576725224674
vinfast,vf8 plus awd 2023,lắp ráp trong nước,suv,số tự động,điện,2023.0,43000.0,57.0,2.097755539082448,870.0,834.2486392620368
mercedes,benz glc 200 2022,lắp ráp trong nước,suv,số tự động,xăng,2022.0,39000.0,59.0,2.0,1358.0,1379.3183649831851
hyundai,santafe cao cấp 2.2l htrac 2022,lắp ráp trong nước,suv,số tự động,dầu,2022.0,67000.0,57.0,2.2,1105.0,1130.0958502873625
mitsubishi,triton 4x2 at mivec premium 2020,nhập khẩu,bán tải / pickup,số tự động,dầu,2020.0,80000.0,57.0,2.4,540.0,540.269112843953
hyundai,tucson 2.0 at tiêu chuẩn 2021,lắp ráp trong nước,crossover,số tự động,xăng,2021.0,71000.0,103.0,2.0,645.0,624.5303303688038
mazda,3 2.0 at 2017,lắp ráp trong nước,sedan,số tự động,xăng,2017.0,56000.0,57.0,2.0,396.0,398.8017844795272
toyota,corolla cross 1.8v 2022,nhập khẩu,suv,số tự động,xăng,2022.0,40000.0,57.0,1.8,725.0,720.646055202155
porsche,cayenne 3.6 v6 2015,nhập khẩu,suv,số tự động,xăng,2015.0,80000.0,57.0,3.6,1335.0,1294.7660885319424
toyota,yaris 1.5g 2020,nhập khẩu,hatchback,số tự động,xăng,2020.0,60000.0,57.0,1.5,495.0,496.502106335276
honda,crv 2.4 at 2014,lắp ráp trong nước,suv,số tự động,xăng,2014.0,179626.7683965918,100.0,2.4,445.0,437.75184149350025
mazda,cx5 premium 2.0 at 2024,lắp ráp trong nước,suv,số tự động,xăng,2024.0,14700.0,71.0,2.0,770.0,811.8520715563279
vinfast,vf8 plus awd 2023,lắp ráp trong nước,suv,số tự động,điện,2023.0,30000.0,57.0,2.097755539082448,795.0,834.3711004000199
mitsubishi,outlander premium 2.0 cvt 2024,lắp ráp trong nước,suv,số tự động,xăng,2024.0,4000.0,57.0,2.0,795.0,828.8806540935184
hyundai,santafe premium 2.4l htrac 2019,lắp ráp trong nước,suv,số tự động,xăng,2019.0,89000.0,57.0,2.4,740.0,773.3007137528139
toyota,vios 1.5e cvt 2020,lắp ráp trong nước,sedan,số tự động,xăng,2020.0,60000.0,58.0,1.5,385.0,376.63149814129144
ford,focus trend 1.5l 2018,lắp ráp trong nước,hatchback,số tự động,xăng,2018.0,66000.0,57.0,1.5,410.0,375.1578749940354
kia,cerato 1.6 mt 2017,lắp ráp trong nước,sedan,số tay,xăng,2017.0,90000.0,58.0,1.6,325.0,300.5548410651864
mercedes,benz c class c300 amg 2019,lắp ráp trong nước,sedan,số tự động,xăng,2019.0,17000.0,58.0,2.0,1120.0,1008.0810892682598
toyota,fortuner 2.5g 2009,lắp ráp trong nước,suv,số tay,dầu,2009.0,179626.7683965918,69.0,2.5,320.0,332.6623640196359
kia,sportage 2.0 at 2015,nhập khẩu,crossover,số tự động,xăng,2015.0,52000.0,58.0,2.0,455.0,445.6210930581374
mitsubishi,xpander 1.5 at 2019,nhập khẩu,suv,số tự động,xăng,2019.0,72000.0,57.0,1.5,468.0,445.65682441907074
ford,everest titanium 2.0l 4x2 at 2020,nhập khẩu,suv,số tự động,dầu,2020.0,77000.0,74.0,2.0,855.0,853.4252483209399
toyota,fortuner 2.4g 4x2 at legender 2021,lắp ráp trong nước,suv,số tự động,dầu,2021.0,45689.0,74.0,2.4,1030.0,990.2764529329107
hyundai,santafe 2.2l 4wd 2015,lắp ráp trong nước,suv,số tự động,dầu,2015.0,16000.0,57.0,2.2,575.0,591.5805889340587
vinfast,vf3 plus 2024,lắp ráp trong nước,hatchback,số tự động,điện,2024.0,7000.0,57.0,2.097755539082448,225.0,231.13507693506713
ford,focus titanium 1.5l 2018,lắp ráp trong nước,sedan,số tự động,xăng,2018.0,130000.0,57.0,1.5,395.0,342.48786537241506
bmw,3 series 320i 2014,nhập khẩu,sedan,số tự động,xăng,2014.0,100000.0,60.0,2.0,459.0,443.02750791063164
mercedes,benz gl 550 4matic 2008,nhập khẩu,suv,số tự động,xăng,2008.0,100.0,62.0,5.5,400.0,1136.9321378134564
mercedes,benz c class c180 2020,lắp ráp trong nước,sedan,số tự động,xăng,2020.0,55000.0,57.0,1.5,818.0,810.8940275772828
toyota,hilux 2.5e 4x2 mt 2013,nhập khẩu,bán tải / pickup,số tay,dầu,2013.0,192365.0,57.0,2.5,375.0,265.29145933804864
vinfast,vf3 plus 2025,lắp ráp trong nước,hatchback,số tự động,điện,2025.0,500.0,57.0,2.097755539082448,235.0,258.6970644288121
toyota,camry 2.0e 2013,lắp ráp trong nước,sedan,số tự động,xăng,2013.0,179626.7683965918,57.0,2.0,440.0,426.5834315690082
hyundai,stargazer cao cấp 1.5 at 2022,nhập khẩu,van/minivan,số tự động,xăng,2022.0,40000.0,57.0,1.5,465.0,479.3499055674829
lexus,es 250 2022,nhập khẩu,sedan,số tự động,xăng,2022.0,40000.0,57.0,2.5,2199.0,2215.537231330902
ford,everest titanium 2.0l 4x2 at 2020,nhập khẩu,suv,số tự động,dầu,2020.0,38900.0,57.0,2.0,870.0,854.646717977194
kia,morning mt 2019,lắp ráp trong nước,hatchback,số tay,xăng,2019.0,113000.0,63.0,1.25,163.0,191.25513132618488
mazda,2 1.5 at 2015,lắp ráp trong nước,hatchback,số tự động,xăng,2015.0,59000.0,57.0,1.5,305.0,273.4553397026989
vinfast,vf8 eco awd 2023,lắp ráp trong nước,suv,số tự động,điện,2023.0,48500.0,60.0,2.097755539082448,815.0,715.2467771607544
mitsubishi,outlander 2.0 cvt 2021,lắp ráp trong nước,suv,số tự động,xăng,2021.0,41000.0,57.0,2.0,630.0,640.8366433996575
kia,k3 premium 1.6 at 2022,lắp ráp trong nước,sedan,số tự động,xăng,2022.0,32000.0,57.0,1.6,545.0,545.7913081337479
toyota,camry se 2.5 at 2014,nhập khẩu,sedan,số tự động,xăng,2014.0,99000.0,57.0,2.5,665.0,644.7581600186136
hyundai,santafe 2.4l 4wd 2015,lắp ráp trong nước,suv,số tự động,xăng,2015.0,130000.0,67.0,2.4,550.0,524.9181556374946
mitsubishi,attrage 1.2 cvt 2020,nhập khẩu,sedan,số tự động,xăng,2020.0,66000.0,57.0,1.2,335.0,317.28330338801464
kia,carens sx 2.0 at 2009,lắp ráp trong nước,crossover,số tự động,xăng,2009.0,100000.0,57.0,2.0,225.0,142.27729586969392
kia,carnival luxury 2.2d 2024,lắp ráp trong nước,van/minivan,số tự động,dầu,2024.0,10000.0,57.0,2.2,1150.0,1229.2658406544356
kia,sorento dath 2016,lắp ráp trong nước,suv,số tự động,dầu,2016.0,110000.0,57.0,2.2,515.0,524.297086594708
mazda,bt50 2.2l 4x2 at 2015,nhập khẩu,bán tải / pickup,số tự động,dầu,2015.0,180000.0,105.0,2.2,335.0,314.267152907237
mitsubishi,mirage 1.2 at 2014,nhập khẩu,hatchback,số tự động,xăng,2014.0,90000.0,59.0,1.2,225.0,204.88413055200405
audi,a4 1.8 tfsi 2014,nhập khẩu,sedan,số tự động,xăng,2014.0,179626.7683965918,60.0,1.8,499.0,469.9144936114453
honda,city l 1.5 at 2022,lắp ráp trong nước,sedan,số tự động,xăng,2022.0,79000.0,57.0,1.5,439.0,435.73200039262446
nissan,navara el 2.5 at 2wd 2018,nhập khẩu,bán tải / pickup,số tự động,dầu,2018.0,78000.0,105.0,2.5,715.0,393.2100925651705
hyundai,i10 grand 1.2 at 2021,lắp ráp trong nước,hatchback,số tự động,xăng,2021.0,179626.7683965918,59.0,1.25,348.0,327.9320219829508
landrover,range rover hse 3.0 2015,nhập khẩu,suv,số tự động,xăng,2015.0,179626.7683965918,58.0,3.0,1950.0,2107.9887922067937
vinfast,fadil 1.4 at 2021,lắp ráp trong nước,hatchback,số tự động,xăng,2021.0,43000.0,57.0,1.4,306.0,306.54944070393844
mercedes,benz c class c250 amg 2015,lắp ráp trong nước,sedan,số tự động,xăng,2015.0,70000.0,57.0,2.0,555.0,589.0708804101179
toyota,avanza premio 1.5 at 2022,nhập khẩu,suv,số tự động,xăng,2022.0,179626.7683965918,62.0,1.5,485.0,472.94317731484233
honda,crv l 2020,lắp ráp trong nước,suv,số tự động,xăng,2020.0,60000.0,57.0,1.5,825.0,759.4931788383143
vinfast,vf9 plus 2023,lắp ráp trong nước,suv,số tự động,điện,2023.0,9000.0,99.0,0.2,1090.0,1033.2036257767327
kia,sonet premium 1.5 at 2023,lắp ráp trong nước,crossover,số tự động,xăng,2023.0,33000.0,57.0,1.5,567.0,565.8409020033918
mazda,cx3 1.5 at 2024,nhập khẩu,crossover,số tự động,xăng,2024.0,30000.0,69.0,1.5,490.0,508.3531265695354
mitsubishi,attrage 1.2 cvt 2021,nhập khẩu,sedan,số tự động,xăng,2021.0,98000.0,75.0,1.2,311.0,320.08137827488576
ford,everest titanium 2.0l 4x4 at 2018,nhập khẩu,suv,số tự động,dầu,2018.0,112000.0,57.0,2.0,840.0,775.3741546171984
honda,city l 1.5 at 2024,lắp ráp trong nước,sedan,số tự động,xăng,2024.0,26000.0,57.0,1.5,498.0,498.86714349476176
kia,sonet premium 1.5 at 2022,lắp ráp trong nước,crossover,số tự động,xăng,2022.0,41000.0,90.0,1.5,555.0,536.7123141809652
vinfast,vf8 eco awd 2023,lắp ráp trong nước,suv,số tự động,điện,2023.0,45000.0,57.0,2.097755539082448,770.0,713.9770713068754
ford,territory titanium x 1.5 at 2025,lắp ráp trong nước,suv,số tự động,xăng,2025.0,700.0,57.0,1.5,880.0,867.4531179779406
mercedes,benz c class c200 avantgarde plus 2022,lắp ráp trong nước,sedan,số tự động,xăng,2022.0,6500.0,58.0,1.5,1450.0,1371.8894880393862
honda,hrv l 2019,nhập khẩu,crossover,số tự động,xăng,2019.0,179626.7683965918,57.0,1.8,555.0,523.7387809224174
hyundai,avante 1.6 mt 2014,lắp ráp trong nước,sedan,số tay,xăng,2014.0,200000.0,59.0,1.6,170.0,206.20393769214175
ford,explorer limited 2.3l ecoboost 2023,nhập khẩu,suv,số tự động,xăng,2023.0,5000.0,58.0,2.3,1850.0,1619.7668794642632
toyota,vios g 1.5 cvt 2023,lắp ráp trong nước,sedan,số tự động,xăng,2023.0,28000.0,57.0,1.5,465.0,484.57783306954457
mini,cooper s 5dr 2014,nhập khẩu,hatchback,số tự động,xăng,2014.0,179626.7683965918,57.0,1.6,629.0,537.3519299854397
hyundai,venue 1.0 t,lắp ráp trong nước,suv,số tự động,xăng,2025.0,3000.0,75.0,1.0,2025.0,2126.0069480521806
toyota,camry 2.5q 2022,nhập khẩu,sedan,số tự động,xăng,2022.0,84000.0,58.0,2.5,1079.0,1129.2655779744746
toyota,camry 2.4g 2008,lắp ráp trong nước,sedan,số tự động,xăng,2008.0,135000.0,57.0,2.4,255.0,275.72018658210186
mazda,cx8 luxury 2022,lắp ráp trong nước,suv,số tự động,xăng,2022.0,38000.0,58.0,2.5,760.0,796.276367456206
mercedes,benz glc 250 4matic 2019,lắp ráp trong nước,suv,số tự động,xăng,2019.0,70000.0,59.0,2.0,1035.0,1001.0075913859303
mercedes,benz e class e200 2019,lắp ráp trong nước,sedan,số tự động,xăng,2019.0,68000.0,69.0,2.0,999.0,1039.857679361444
hyundai,i10 1.2 at 2023,lắp ráp trong nước,hatchback,số tự động,xăng,2023.0,45000.0,57.0,1.25,345.0,377.5296911378053
mercedes,benz s class s450l 2017,lắp ráp trong nước,sedan,số tự động,xăng,2017.0,70000.0,57.0,3.0,1799.0,1739.0314736351843
toyota,innova 2.0e 2019,lắp ráp trong nước,crossover,số tay,xăng,2019.0,91000.0,58.0,2.0,450.0,437.5522255451022
mitsubishi,outlander premium 2.0 cvt 2022,lắp ráp trong nước,suv,số tự động,xăng,2022.0,40000.0,57.0,2.0,739.0,750.7607197259174
landrover,range rover hse 3.0 2014,nhập khẩu,suv,số tự động,xăng,2014.0,10000.0,57.0,3.0,1950.0,2048.6453977655483
kia,morning si at 2017,lắp ráp trong nước,hatchback,số tự động,xăng,2017.0,38000.0,57.0,1.25,265.0,265.13856509512516
suzuki,vitara 1.6 at 2017,nhập khẩu,suv,số tự động,xăng,2017.0,80000.0,57.0,1.6,435.0,420.8731577234737
toyota,fortuner 2.5g 2016,lắp ráp trong nước,suv,số tay,dầu,2016.0,179626.7683965918,57.0,2.5,465.0,501.5968806069044
nissan,navara el 2.5 at 2wd 2019,nhập khẩu,bán tải / pickup,số tự động,dầu,2019.0,100000.0,57.0,2.5,459.0,447.70073588381496
mercedes,benz glc 300 4matic 2019,lắp ráp trong nước,suv,số tự động,xăng,2019.0,80000.0,57.0,2.0,1150.0,1155.2900953146955
toyota,vios 1.5g 2009,lắp ráp trong nước,sedan,số tự động,xăng,2009.0,179626.7683965918,58.0,1.5,198.0,176.91864945341183
hyundai,santafe 2.4l 2018,lắp ráp trong nước,suv,số tự động,xăng,2018.0,122000.0,57.0,2.4,580.0,676.8277881699754
mercedes,benz glc 200 4matic 2022,lắp ráp trong nước,suv,số tự động,xăng,2022.0,179626.7683965918,60.0,2.0,1399.0,1495.9206891115282
mercedes,benz e class e300 amg 2020,lắp ráp trong nước,sedan,số tự động,xăng,2020.0,45000.0,58.0,2.0,1299.0,1417.504233238792
volkswagen,tiguan allspace 2022,nhập khẩu,suv,số tự động,xăng,2022.0,5000.0,57.0,2.0,1390.0,1379.5285262488933
vinfast,vf5 plus 2024,lắp ráp trong nước,suv,số tự động,điện,2024.0,20000.0,57.0,2.097755539082448,429.0,437.6846316528786
suzuki,ertiga hybrid 1.5 at 2023,nhập khẩu,suv,số tự động,hybrid,2023.0,48000.0,57.0,1.5,445.0,450.11677705435085
hyundai,elantra 2.0 at 2017,lắp ráp trong nước,sedan,số tự động,xăng,2017.0,179626.7683965918,58.0,2.0,399.0,373.49788172156684
hyundai,i10 grand 1.2 at 2020,lắp ráp trong nước,hatchback,số tự động,xăng,2020.0,75000.0,60.0,1.25,300.0,320.81441797293206
honda,city 1.5top 2018,lắp ráp trong nước,sedan,số tự động,xăng,2018.0,150000.0,107.0,1.5,308.0,349.8675656664848
honda,civic g 1.8 at 2019,nhập khẩu,sedan,số tự động,xăng,2019.0,58000.0,57.0,1.8,499.0,536.026314717804
toyota,innova g 2007,lắp ráp trong nước,crossover,số tay,xăng,2007.0,80000.0,69.0,2.0,195.0,157.42653374570955
kia,carnival signature 2.2d 2023,lắp ráp trong nước,van/minivan,số tự động,dầu,2023.0,29500.0,59.0,2.2,1279.0,1291.725029259713
honda,hrv rs 2022,nhập khẩu,crossover,số tự động,xăng,2022.0,15000.0,57.0,1.5,775.0,754.1114866387775
ford,focus 1.8 at 2012,lắp ráp trong nước,hatchback,số tự động,xăng,2012.0,179626.7683965918,72.0,1.8,186.0,221.17567250586313
vinfast,vf e34 at 2022,lắp ráp trong nước,crossover,số tự động,điện,2022.0,79999.0,83.0,0.1,430.0,335.7966405140299
hyundai,santafe cao cấp 2.2l htrac 2021,lắp ráp trong nước,suv,số tự động,dầu,2021.0,77000.0,57.0,2.2,1055.0,997.4699118592871
kia,cerato 1.6 at luxury 2020,lắp ráp trong nước,sedan,số tự động,xăng,2020.0,63400.0,83.0,1.6,456.0,464.0588575796722
kia,rio 1.4 at 2016,nhập khẩu,sedan,số tự động,xăng,2016.0,100000.0,57.0,1.4,310.0,304.57651535948963
toyota,wigo 1.2 at 2020,nhập khẩu,hatchback,số tự động,xăng,2020.0,4800.0,62.0,1.2,303.0,403.15189765843365
toyota,camry 2.0g 2020,nhập khẩu,sedan,số tự động,xăng,2020.0,55000.0,75.0,2.0,799.0,789.881440608179
toyota,fortuner 2.7v 4x2 at 2017,nhập khẩu,suv,số tự động,xăng,2017.0,88000.0,57.0,2.7,635.0,665.5662193987848
kia,sorento gath 2017,lắp ráp trong nước,suv,số tự động,xăng,2017.0,130000.0,67.0,2.4,435.0,518.3745764085756
kia,morning lx 1.0 at 2007,nhập khẩu,hatchback,số tự động,xăng,2007.0,120000.0,96.0,1.0,111.0,102.26382547071758
mazda,6 ppremium 2.0 at 2020,lắp ráp trong nước,sedan,số tự động,xăng,2020.0,80000.0,102.0,2.0,568.0,440.6003065713266
toyota,corolla cross 1.8g 2020,nhập khẩu,suv,số tự động,xăng,2020.0,62000.0,57.0,1.8,630.0,609.5981061209592
hyundai,tucson 2.0 at crdi 2020,lắp ráp trong nước,crossover,số tự động,dầu,2020.0,179626.7683965918,57.0,2.0,718.0,674.6222516052819
mercedes,benz c class c250 exclusive 2017,lắp ráp trong nước,sedan,số tự động,xăng,2017.0,49000.0,61.0,2.0,725.0,658.9626831700324
bmw,x4 xdrive20i 2017,nhập khẩu,suv,số tự động,xăng,2017.0,179626.7683965918,73.0,2.0,1090.0,909.7255115513084
peugeot,3008 gt 2024,lắp ráp trong nước,crossover,số tự động,xăng,2024.0,6000.0,57.0,1.6,910.0,928.4408300693183
ford,ecosport trend 1.5l at 2018,lắp ráp trong nước,suv,số tự động,xăng,2018.0,28000.0,57.0,1.5,390.0,467.4935943173728
mitsubishi,xpander 1.5 at 2022,nhập khẩu,suv,số tự động,xăng,2022.0,68779.0,104.0,1.5,499.0,481.8824187248486
hyundai,i10 grand 1.2 at 2020,lắp ráp trong nước,sedan,số tự động,xăng,2020.0,68000.0,57.0,1.25,325.0,316.1235505129357
hyundai,tucson 1.6 at turbo htrac đặc biệt 2022,lắp ráp trong nước,crossover,số tự động,xăng,2022.0,56899.0,57.0,1.6,839.0,844.8229867594872
hyundai,santafe 2.4l 4wd 2015,lắp ráp trong nước,suv,số tự động,xăng,2015.0,90000.0,57.0,2.4,545.0,529.3173975893765
mercedes,benz c class c200 exclusive 2020,lắp ráp trong nước,sedan,số tự động,xăng,2020.0,44000.0,57.0,1.5,990.0,994.645704858081
toyota,corolla altis 2.0v 2015,lắp ráp trong nước,sedan,số tự động,xăng,2015.0,86000.0,58.0,2.0,465.0,449.642004315447
ford,ranger xls 2.0l 4x2 at 2022,lắp ráp trong nước,bán tải / pickup,số tự động,dầu,2022.0,27000.0,59.0,2.0,625.0,622.075414662413
ford,ranger xls 2.0l 4x2 at 2024,lắp ráp trong nước,bán tải / pickup,số tự động,dầu,2024.0,25000.0,57.0,2.0,650.0,666.1288225020473
ford,ranger xls 2.2l 4x2 mt 2016,nhập khẩu,bán tải / pickup,số tay,dầu,2016.0,120000.0,57.0,2.2,355.0,397.15665272300606
ford,everest titanium 2.0l 4x2 at 2023,nhập khẩu,suv,số tự động,dầu,2023.0,26000.0,58.0,2.0,1220.0,1215.835825806014
hyundai,i10 grand 1.0 mt base 2015,nhập khẩu,hatchback,số tay,xăng,2015.0,179626.7683965918,93.0,1.0,138.0,139.98456480846104
mazda,3 1.5 at 2018,lắp ráp trong nước,sedan,số tự động,xăng,2018.0,179626.7683965918,57.0,1.5,408.0,411.6418850337342
hyundai,kona 2.0 ath 2020,lắp ráp trong nước,crossover,số tự động,xăng,2020.0,55000.0,97.0,2.0,525.0,477.8815965139784
toyota,vios g 1.5 cvt 2022,lắp ráp trong nước,sedan,số tự động,xăng,2022.0,28000.0,57.0,1.5,428.0,448.43305428662507
mercedes,benz gle class gle 43 amg 4matic coupe 2018,nhập khẩu,coupe,số tự động,xăng,2018.0,30000.0,57.0,3.0,2280.0,1909.4922154295323
mercedes,benz glc 300 4matic 2023,lắp ráp trong nước,suv,số tự động,hybrid,2023.0,13000.0,57.0,2.0,2299.0,2324.171806361027
toyota,corolla cross 1.8v 2022,nhập khẩu,suv,số tự động,xăng,2022.0,53000.0,66.0,1.8,715.0,722.5837827830352
mazda,3 1.5l luxury 2024,lắp ráp trong nước,sedan,số tự động,xăng,2024.0,20000.0,57.0,1.5,616.0,607.2135700691853
kia,cerato 1.6 at luxury 2019,lắp ráp trong nước,sedan,số tự động,xăng,2019.0,179626.7683965918,57.0,1.6,445.0,431.824741764057
mazda,3 1.5 at 2017,lắp ráp trong nước,sedan,số tự động,xăng,2017.0,100000.0,58.0,1.5,375.0,382.5814109398232
landrover,range rover evoque dynamic 2014,nhập khẩu,suv,số tự động,xăng,2014.0,75000.0,73.0,2.0,609.0,655.4886179315625
ford,everest titanium 2.0l 4x2 at 2020,nhập khẩu,suv,số tự động,dầu,2020.0,80000.0,57.0,2.0,840.0,851.7698223724789
toyota,camry 2.0g 2021,nhập khẩu,sedan,số tự động,xăng,2021.0,20000.0,57.0,2.0,835.0,815.4670064579475
mazda,cx5 2.5 at awd 2018,lắp ráp trong nước,suv,số tự động,xăng,2018.0,100000.0,57.0,2.5,595.0,586.813954770778
mazda,2 1.5 at 2016,lắp ráp trong nước,hatchback,số tự động,xăng,2016.0,8.0,57.0,1.5,345.0,293.66185981137227
toyota,corolla altis 1.8v 2022,nhập khẩu,sedan,số tự động,xăng,2022.0,44000.0,84.0,1.8,675.0,663.8830135814695
vinfast,vf9 plus 2024,lắp ráp trong nước,suv,số tự động,điện,2024.0,2800.0,58.0,0.2,1360.0,1225.1844732083773
mercedes,benz s class s400l 2017,lắp ráp trong nước,sedan,số tự động,xăng,2017.0,70000.0,57.0,3.0,1399.0,1352.1310929861763
nissan,terra v 2.5 at 4wd 2019,nhập khẩu,suv,số tự động,xăng,2019.0,58000.0,57.0,2.5,765.0,666.3066578779936
ford,escape xlt 2.3l 4x4 at 2012,lắp ráp trong nước,suv,số tự động,xăng,2012.0,130000.0,58.0,2.3,298.0,297.6650966178143
kia,carens s sx 2.0 mt 2014,lắp ráp trong nước,crossover,số tay,xăng,2014.0,90000.0,57.0,2.0,269.0,169.10187464758278
ford,territory titanium x 1.5 at 2025,lắp ráp trong nước,suv,số tự động,xăng,2025.0,700.0,57.0,1.5,875.0,867.4531179779406
honda,crv 2.0 at 2016,lắp ráp trong nước,suv,số tự động,xăng,2016.0,90000.0,57.0,2.0,495.0,494.3424805073663
lexus,rx 350 2016,nhập khẩu,suv,số tự động,xăng,2016.0,130000.0,58.0,3.5,2230.0,1971.5526757040986
hyundai,accent 1.4 at 2023,lắp ráp trong nước,sedan,số tự động,xăng,2023.0,25000.0,58.0,1.4,439.0,445.6568531166274
mitsubishi,pajero sport 2.4d 4x2 mt 2019,nhập khẩu,suv,số tay,dầu,2019.0,75000.0,58.0,2.4,638.0,537.7867975619198
mercedes,benz e class e300 amg 2019,lắp ráp trong nước,sedan,số tự động,xăng,2019.0,42000.0,58.0,2.0,1399.0,1322.714097008732
vinfast,vf8 eco awd 2024,lắp ráp trong nước,suv,số tự động,điện,2024.0,179626.7683965918,58.0,2.097755539082448,765.0,771.8677373226112
toyota,prado vx 2.7l 2019,nhập khẩu,suv,số tự động,xăng,2019.0,40000.0,58.0,2.7,2050.0,1938.8540274082327
audi,a4 1.8 tfsi 2013,nhập khẩu,sedan,số tự động,xăng,2013.0,80000.0,67.0,1.8,420.0,433.73970212084214
hyundai,accent 1.4 mt base 2018,lắp ráp trong nước,sedan,số tay,xăng,2018.0,179626.7683965918,61.0,1.4,265.0,228.70976250837526
mazda,cx3 1.5 at 2025,nhập khẩu,crossover,số tự động,xăng,2025.0,1200.0,66.0,1.5,535.0,529.7084538321794
nissan,juke 1.6 at 2015,nhập khẩu,suv,số tự động,xăng,2015.0,57000.0,57.0,1.6,499.0,220.65527668509844
honda,city 1.5 at 2014,lắp ráp trong nước,sedan,số tự động,xăng,2014.0,120000.0,58.0,1.5,295.0,280.7460883139828
vinfast,vf8 plus awd 2023,lắp ráp trong nước,suv,số tự động,điện,2023.0,10472.0,68.0,2.097755539082448,835.0,837.4953666903161
mercedes,benz e class e250 2018,lắp ráp trong nước,sedan,số tự động,xăng,2018.0,40000.0,90.0,2.0,1095.0,994.6619700730557
hyundai,santafe 2.4l 4wd 2018,lắp ráp trong nước,suv,số tự động,xăng,2018.0,83000.0,57.0,2.4,660.0,667.3924362945746
mercedes,benz c class c300 amg 2019,lắp ráp trong nước,sedan,số tự động,xăng,2019.0,56000.0,57.0,2.0,930.0,1008.1877743089323
mercedes,benz gl 500 4matic 2014,nhập khẩu,suv,số tự động,xăng,2014.0,120000.0,94.0,4.7,1100.0,1410.8640166852833
infiniti,qx 70 3.7 awd 2015,nhập khẩu,suv,số tự động,xăng,2015.0,93000.0,57.0,3.7,899.0,791.8045713851366
ford,everest titanium plus 2.0l 4x4 at 2023,nhập khẩu,suv,số tự động,dầu,2023.0,41139.0,57.0,2.0,1399.0,1369.2085423806143
mercedes,benz e class e250 2017,lắp ráp trong nước,sedan,số tự động,xăng,2017.0,40000.0,65.0,2.0,880.0,881.2278893843451
honda,crv l 2022,lắp ráp trong nước,suv,số tự động,xăng,2022.0,60000.0,57.0,1.5,895.0,882.1619812722531
toyota,fortuner trd sportivo 4x2 at 2016,lắp ráp trong nước,suv,số tự động,xăng,2016.0,98721.0,57.0,2.7,579.0,522.1249449785699
mercedes,benz c class c300 amg 2021,lắp ráp trong nước,sedan,số tự động,xăng,2021.0,37000.0,57.0,2.0,1199.0,1295.9749687264264
ford,everest titanium 2.0l 4x2 at 2020,nhập khẩu,suv,số tự động,dầu,2020.0,43000.0,101.0,2.0,819.0,835.622817495155
mazda,3 1.5l luxury 2022,lắp ráp trong nước,sedan,số tự động,xăng,2022.0,15000.0,57.0,1.5,555.0,551.4562608622615
mitsubishi,triton 4x4 at mivec premium 2021,nhập khẩu,bán tải / pickup,số tự động,dầu,2021.0,80000.0,57.0,2.4,585.0,608.8339357086004
ford,ecosport titanium 1.5l at 2017,lắp ráp trong nước,suv,số tự động,xăng,2017.0,110000.0,60.0,1.5,305.0,345.6039698393796
mercedes,benz e class e200 2019,lắp ráp trong nước,sedan,số tự động,xăng,2019.0,69000.0,59.0,2.0,1059.0,1039.8867793799911
toyota,camry 2.5q 2012,lắp ráp trong nước,sedan,số tự động,xăng,2012.0,179626.7683965918,57.0,2.5,455.0,310.8483296745468
kia,sonet deluxe 1.5 mt 2021,lắp ráp trong nước,crossover,số tay,xăng,2021.0,42000.0,58.0,1.5,426.0,230.30224322506942
lexus,es 250 2022,nhập khẩu,sedan,số tự động,xăng,2022.0,179626.7683965918,57.0,2.5,1999.0,2157.0492154646986
mercedes,benz glc 200 4matic 2021,lắp ráp trong nước,suv,số tự động,xăng,2021.0,60000.0,58.0,2.0,1399.0,1381.443173371641
teraco,tera180 thùng kín 2021,lắp ráp trong nước,truck,số tay,dầu,2021.0,11000.0,75.0,11.0,258.0,405.4071087297684
mazda,cx5 deluxe 2.0 at 2023,lắp ráp trong nước,suv,số tự động,xăng,2023.0,18200.0,94.0,2.0,689.0,713.3338802346998
hyundai,accent 1.4 at 2020,lắp ráp trong nước,sedan,số tự động,xăng,2020.0,90000.0,57.0,1.4,375.0,378.92172653286315
mitsubishi,triton 4x2 at 2015,nhập khẩu,bán tải / pickup,số tự động,dầu,2015.0,60000.0,82.0,2.5,369.0,297.37233180750263
hyundai,elantra 2.0 at 2021,lắp ráp trong nước,sedan,số tự động,xăng,2021.0,15000.0,58.0,2.0,525.0,503.70037968268286
honda,civic 1.8 at 2012,lắp ráp trong nước,sedan,số tự động,xăng,2012.0,120668.0,57.0,1.8,295.0,281.5420249297457
peugeot,208 1.6 at 2013,nhập khẩu,hatchback,số tự động,xăng,2013.0,50000.0,57.0,1.6,315.0,368.34163396581823
ford,everest titanium 2.0l 4x4 at 2019,nhập khẩu,suv,số tự động,dầu,2019.0,70000.0,57.0,2.0,860.0,864.3163410035033
toyota,yaris 1.5 at 2013,nhập khẩu,hatchback,số tự động,xăng,2013.0,10.0,59.0,1.5,285.0,281.64658237052885
hyundai,santafe prestige 2.5l htrac 2024,lắp ráp trong nước,suv,số tự động,xăng,2024.0,12000.0,58.0,2.5,1129.0,1128.3951240010092
bmw,5 series 530i m sport 2022,nhập khẩu,sedan,số tự động,xăng,2022.0,37000.0,57.0,2.0,1999.0,2022.4059913729889
toyota,yaris 1.5g 2019,nhập khẩu,hatchback,số tự động,xăng,2019.0,66000.0,57.0,1.5,455.0,458.2896512723685
kia,carens sxmt 2012,lắp ráp trong nước,crossover,số tay,xăng,2012.0,179626.7683965918,58.0,2.0,215.0,143.1639282356646
ford,focus 1.8 at 2012,lắp ráp trong nước,hatchback,số tự động,xăng,2012.0,11000.0,57.0,1.8,209.0,224.40861077676766
mazda,cx5 premium 2.0 at 2023,lắp ráp trong nước,suv,số tự động,xăng,2023.0,17000.0,57.0,2.0,765.0,746.8945370781282
mazda,2 sport luxury 2019,nhập khẩu,hatchback,số tự động,xăng,2019.0,34000.0,57.0,1.5,375.0,368.97660786379237
mazda,3 1.5 at 2017,lắp ráp trong nước,sedan,số tự động,xăng,2017.0,75000.0,60.0,1.5,355.0,384.0308341445739
ford,ranger wildtrak 2.0l 4x4 at 2018,nhập khẩu,bán tải / pickup,số tự động,dầu,2018.0,179626.7683965918,57.0,2.0,575.0,577.119784784957
honda,crv g 2019,nhập khẩu,suv,số tự động,xăng,2019.0,90000.0,57.0,1.5,720.0,711.1329548597623
ford,everest sport 2.0l 4x2 at 2023,nhập khẩu,suv,số tự động,dầu,2023.0,39000.0,58.0,2.0,1120.0,1122.3124337983604
mitsubishi,xpander 1.5 at 2021,nhập khẩu,suv,số tự động,xăng,2021.0,60000.0,62.0,1.5,485.0,479.1055597740685
kia,sportage premium 2.0g 2024,lắp ráp trong nước,crossover,số tự động,xăng,2024.0,3000.0,57.0,2.0,825.0,819.7841422491433
mercedes,benz glc 200 2022,lắp ráp trong nước,suv,số tự động,xăng,2022.0,30000.0,57.0,2.0,1499.0,1378.5487236637323
kia,soluto 1.4 at luxury 2021,lắp ráp trong nước,sedan,số tự động,xăng,2021.0,52000.0,85.0,1.4,345.0,351.4495486139932
bmw,x4 xdrive20i m sport 2020,nhập khẩu,suv,số tự động,xăng,2020.0,63000.0,57.0,2.0,1790.0,1812.299705400054
toyota,vios 1.5e 2014,lắp ráp trong nước,sedan,số tay,xăng,2014.0,55000.0,57.0,1.5,249.0,191.3570263166606
toyota,camry 2.5q 2015,lắp ráp trong nước,sedan,số tự động,xăng,2015.0,12000.0,89.0,2.5,579.0,565.4481953426506
vinfast,fadil 1.4 at 2020,lắp ráp trong nước,hatchback,số tự động,xăng,2020.0,58000.0,90.0,1.4,265.0,285.3570138697727
mazda,6 2.0 at 2016,lắp ráp trong nước,sedan,số tự động,xăng,2016.0,120367.0,57.0,2.0,405.0,405.04672311191484
mercedes,benz c class c200 2015,lắp ráp trong nước,sedan,số tự động,xăng,2015.0,60000.0,70.0,2.0,575.0,564.8592969917644
mercedes,benz glc 300 4matic 2017,lắp ráp trong nước,suv,số tự động,xăng,2017.0,70000.0,57.0,2.0,968.0,927.9279078686754
kia,k3 premium 2.0 at 2022,lắp ráp trong nước,sedan,số tự động,xăng,2022.0,70000.0,57.0,2.0,539.0,546.9569038080676
honda,city 1.5 at 2014,lắp ráp trong nước,sedan,số tự động,xăng,2014.0,13000.0,84.0,1.5,270.0,280.22275516427544
mazda,cx5 premium 2.0 at 2022,lắp ráp trong nước,suv,số tự động,xăng,2022.0,179626.7683965918,100.0,2.0,735.0,692.9881520688298
kia,cerato 1.6 mt 2010,nhập khẩu,sedan,số tay,xăng,2010.0,120000.0,57.0,1.6,155.0,132.86066007493838
mazda,cx5 premium exclusive 2.0 at 2024,lắp ráp trong nước,suv,số tự động,xăng,2024.0,18000.0,57.0,2.0,858.0,841.3108869914811
hyundai,i10 grand 1.2 mt base 2017,nhập khẩu,sedan,số tay,xăng,2017.0,93000.0,57.0,1.25,175.0,195.132907228585
toyota,vios 1.5e 2010,lắp ráp trong nước,sedan,số tay,xăng,2010.0,120000.0,61.0,1.5,180.0,174.34494444563526
ford,ranger raptor 2.0l 4x4 at 2018,nhập khẩu,bán tải / pickup,số tự động,dầu,2018.0,64000.0,57.0,2.0,825.0,392.70601218493914
mercedes,benz s class s450l 2017,lắp ráp trong nước,sedan,số tự động,xăng,2017.0,90000.0,57.0,3.0,1680.0,1735.0532671027381
hyundai,santafe cao cấp 2.2l htrac 2022,lắp ráp trong nước,suv,số tự động,dầu,2022.0,38000.0,57.0,2.2,1135.0,1134.1349995544049
suzuki,vitara 1.6 at 2015,nhập khẩu,suv,số tự động,xăng,2015.0,92000.0,57.0,1.6,355.0,360.75447323730924
vinfast,fadil 1.4 at plus 2020,lắp ráp trong nước,hatchback,số tự động,xăng,2020.0,65000.0,59.0,1.4,265.0,304.8635492630632
hyundai,tucson 2.0 at đặc biệt 2022,lắp ráp trong nước,crossover,số tự động,xăng,2022.0,50000.0,61.0,2.0,780.0,757.4258733014921
kia,k3 deluxe 1.6 mt 2022,lắp ráp trong nước,sedan,số tay,xăng,2022.0,34000.0,59.0,1.6,440.0,412.46099592372553
bmw,3 series 320i sport line 2022,lắp ráp trong nước,sedan,số tự động,xăng,2022.0,42000.0,58.0,2.0,1280.0,1271.8123907021977
ford,everest titanium 2.0l 4x4 at 2022,nhập khẩu,suv,số tự động,dầu,2022.0,40000.0,57.0,2.0,1035.0,1012.1313712244653
hyundai,santafe cao cấp 2.5l htrac 2024,lắp ráp trong nước,suv,số tự động,xăng,2024.0,40000.0,58.0,2.5,1179.0,1198.276074192326
honda,civic 1.8 at 2011,lắp ráp trong nước,sedan,số tự động,xăng,2011.0,200000.0,68.0,1.8,265.0,251.58088187814573
mercedes,benz sprinter executive 313 2010,lắp ráp trong nước,van/minivan,số tay,dầu,2010.0,179626.7683965918,57.0,2.2,185.0,468.0144781100014
toyota,camry 2.5q 2024,nhập khẩu,sedan,số tự động,xăng,2024.0,18000.0,102.0,2.5,1330.0,1259.112775398637
mg,5 standard 1.5 at 2022,nhập khẩu,sedan,số tự động,xăng,2022.0,69000.0,57.0,1.5,365.0,408.4264455785757
hyundai,accent 1.4 mt 2021,lắp ráp trong nước,sedan,số tay,xăng,2021.0,179626.7683965918,58.0,1.4,358.0,337.02248448486046
mercedes,benz e class e200 exclusive 2021,lắp ráp trong nước,sedan,số tự động,hybrid,2021.0,40000.0,57.0,2.0,1499.0,1538.682483891162
mercedes,benz v class v250 luxury 2019,nhập khẩu,van/minivan,số tự động,xăng,2019.0,71000.0,57.0,2.0,1499.0,1490.7707874526777
mercedes,benz s class s400l 2016,lắp ráp trong nước,sedan,số tự động,xăng,2016.0,90000.0,60.0,3.0,1250.0,1297.838217482832
mercedes,benz e class e300 amg 2021,lắp ráp trong nước,sedan,số tự động,xăng,2021.0,36000.0,57.0,2.0,1695.0,1750.8529185832242
volkswagen,teramont president 2.0 at 2024,nhập khẩu,suv,số tự động,xăng,2024.0,18000.0,72.0,2.0,2278.0,2294.248036824903
hyundai,accent 1.4 mt base 2019,lắp ráp trong nước,sedan,số tay,xăng,2019.0,1000.0,96.0,1.4,265.0,290.84075070921386
maserati,levante 3.0 v6 2016,nhập khẩu,suv,số tự động,xăng,2016.0,75000.0,60.0,3.0,1750.0,1719.4983163463612
mercedes,benz glc 200 4matic 2021,lắp ráp trong nước,suv,số tự động,xăng,2021.0,46000.0,57.0,2.0,1599.0,1382.973871512397
honda,crv 2.0 at 2015,lắp ráp trong nước,suv,số tự động,xăng,2015.0,11200.0,57.0,2.0,455.0,466.82451547836024
volvo,s90 ultra b6 awd 2025,nhập khẩu,sedan,số tự động,xăng,2025.0,1000.0,89.0,2.0,2139.0,2157.1160508675407
peugeot,3008 1.6 at 2018,lắp ráp trong nước,crossover,số tự động,xăng,2018.0,60000.0,57.0,1.6,565.0,567.4425453435747
nissan,sunny xv 2014,lắp ráp trong nước,sedan,số tự động,xăng,2014.0,67000.0,58.0,1.5,240.0,229.62518626877602
mini,cooper s 3 door 2022,nhập khẩu,hatchback,số tự động,xăng,2022.0,25000.0,59.0,2.0,1629.0,1598.893838573566
mitsubishi,xpander 1.5 at 2022,nhập khẩu,suv,số tự động,xăng,2022.0,117000.0,106.0,1.5,450.0,476.05623221963316
kia,morning x,lắp ráp trong nước,hatchback,số tự động,xăng,2022.0,30000.0,58.0,1.25,2022.0,2070.211470692512
mercedes,benz gl 400 4matic 2015,nhập khẩu,suv,số tự động,xăng,2015.0,152000.0,57.0,3.0,985.0,979.1769209701175
vinfast,vf3 plus 2025,lắp ráp trong nước,hatchback,số tự động,điện,2025.0,600.0,69.0,2.097755539082448,280.0,259.3973743232065
toyota,corolla cross 1.8hv 2022,nhập khẩu,suv,số tự động,hybrid,2022.0,26975.0,57.0,1.8,789.0,744.6220620856091
mitsubishi,triton glx 2wd at 2024,nhập khẩu,bán tải / pickup,số tự động,dầu,2024.0,13000.0,63.0,2.4,585.0,521.4030195372648
hyundai,accent 1.4 at 2016,nhập khẩu,sedan,số tự động,xăng,2016.0,179626.7683965918,64.0,1.4,250.0,275.4675807943254
mitsubishi,triton 4x4 at mivec premium 2021,nhập khẩu,bán tải / pickup,số tự động,dầu,2021.0,80000.0,60.0,2.4,635.0,609.7876620866035
ford,focus trend 1.5l 2017,lắp ráp trong nước,sedan,số tự động,xăng,2017.0,90000.0,81.0,1.5,350.0,359.8724193395315
peugeot,2008 active 1.2 at 2023,lắp ráp trong nước,crossover,số tự động,xăng,2023.0,20000.0,57.0,1.2,599.0,599.3207230754383
mercedes,benz e class e250 amg 2015,lắp ráp trong nước,sedan,số tự động,xăng,2015.0,93000.0,58.0,2.0,595.0,576.2449855642279
toyota,yaris cross 1.5 d,nhập khẩu,suv,số tự động,xăng,2024.0,26000.0,57.0,1.5,2024.0,2010.2948027756152
hyundai,i10 1.2 at 2023,lắp ráp trong nước,hatchback,số tự động,xăng,2023.0,15000.0,57.0,1.25,389.0,377.69544729791903
toyota,yaris cross 1.5 d,nhập khẩu,suv,số tự động,xăng,2024.0,27000.0,58.0,1.5,2024.0,2011.6659110747778
bmw,3 series 330i m sport 2023,lắp ráp trong nước,sedan,số tự động,xăng,2023.0,179626.7683965918,65.0,2.0,1699.0,1623.3538330143233
mazda,cx8 premium awd 2022,lắp ráp trong nước,suv,số tự động,xăng,2022.0,50000.0,83.0,2.5,880.0,878.3591871817966
vinfast,fadil 1.4 at 2021,lắp ráp trong nước,hatchback,số tự động,xăng,2021.0,40000.0,58.0,1.4,305.0,306.721321015414
honda,city l 1.5 at 2021,lắp ráp trong nước,sedan,số tự động,xăng,2021.0,38000.0,84.0,1.5,485.0,426.10898899733513
bmw,x3 sdrive20i 2022,lắp ráp trong nước,suv,số tự động,xăng,2022.0,25000.0,57.0,2.0,1519.0,1125.9293901319763
mitsubishi,xpander cross 1.5 at 2023,nhập khẩu,suv,số tự động,xăng,2023.0,62000.0,58.0,1.5,579.0,593.5139717786228
mazda,3 1.5 at 2017,lắp ráp trong nước,sedan,số tự động,xăng,2017.0,179626.7683965918,64.0,1.5,405.0,374.79861024261015
nissan,navara vl 2.3 at 4wd 2023,nhập khẩu,bán tải / pickup,số tự động,dầu,2023.0,14000.0,57.0,2.3,775.0,758.8061815103129
mazda,3 1.5l sport luxury 2019,lắp ráp trong nước,hatchback,số tự động,xăng,2019.0,52000.0,70.0,1.5,425.0,452.12506883999316
porsche,cayenne 3.6 v6 2012,nhập khẩu,suv,số tự động,xăng,2012.0,80000.0,58.0,3.6,1190.0,1082.0209156010606
suzuki,swift 1.4 at 2014,lắp ráp trong nước,hatchback,số tự động,xăng,2014.0,99000.0,57.0,1.4,255.0,250.37348199660613
lexus,gs 350 awd 2010,nhập khẩu,sedan,số tự động,xăng,2010.0,120000.0,57.0,3.5,568.0,725.6171054096616
toyota,fortuner 2.7v 4x2 at 2012,lắp ráp trong nước,suv,số tự động,xăng,2012.0,179626.7683965918,60.0,2.7,345.0,360.6796682952178
volkswagen,viloran luxury 2024,nhập khẩu,van/minivan,số tự động,xăng,2024.0,20000.0,69.0,2.0,2139.0,2134.28568641971
ford,ranger xls 2.2l 4x2 at 2021,nhập khẩu,bán tải / pickup,số tự động,dầu,2021.0,80000.0,57.0,2.2,550.0,569.2204658541428
kia,sedona 2.2l dath 2018,lắp ráp trong nước,van/minivan,số tự động,dầu,2018.0,93000.0,67.0,2.2,579.0,660.5723046709012
kia,cerato 2.0 at premium 2021,lắp ráp trong nước,sedan,số tự động,xăng,2021.0,80000.0,57.0,2.0,480.0,487.42783735128654
toyota,innova 2.0g 2019,lắp ráp trong nước,crossover,số tự động,xăng,2019.0,59000.0,89.0,2.0,550.0,546.0545612472408
mercedes,benz glc 200 4matic 2022,lắp ráp trong nước,suv,số tự động,xăng,2022.0,21000.0,57.0,2.0,1599.0,1554.6042846833225
ford,focus 2.0 mt 2007,lắp ráp trong nước,sedan,số tay,xăng,2007.0,179626.7683965918,92.0,2.0,115.0,107.1629517382146
audi,q5 2.0 at 2015,nhập khẩu,suv,số tự động,xăng,2015.0,70000.0,58.0,2.0,720.0,658.0671621899545
kia,sedona 3.3 gat premium 2019,lắp ráp trong nước,van/minivan,số tự động,xăng,2019.0,100390.0,59.0,3.3,688.0,677.4671592133797
mercedes,benz c class c200 avantgarde 2023,lắp ráp trong nước,sedan,số tự động,xăng,2023.0,1170.0,85.0,1.5,1420.0,1395.0754044256591
hyundai,i30 cw 1.6 at 2010,nhập khẩu,hatchback,số tự động,xăng,2010.0,98000.0,57.0,1.6,250.0,235.67336815134774
kia,seltos luxury 1.4 at 2022,lắp ráp trong nước,crossover,số tự động,xăng,2022.0,30000.0,71.0,1.4,579.0,578.7255833142939
nissan,navara el 2.5 at 2wd 2017,nhập khẩu,bán tải / pickup,số tự động,dầu,2017.0,120000.0,57.0,2.5,390.0,387.50783368004716
toyota,venza 2.7 2009,nhập khẩu,crossover,số tự động,xăng,2009.0,90000.0,59.0,2.7,495.0,427.41846191562047
hyundai,i10 grand 1.2 at 2019,lắp ráp trong nước,sedan,số tự động,xăng,2019.0,41000.0,98.0,1.25,290.0,293.0004373924159
mitsubishi,xpander 1.5 at 2022,nhập khẩu,suv,số tự động,xăng,2022.0,179626.7683965918,62.0,1.5,465.0,472.0889468001485
toyota,vios e cvt 2022,lắp ráp trong nước,sedan,số tự động,xăng,2022.0,179626.7683965918,74.0,1.5,415.0,396.20387276748255
toyota,innova g 2008,lắp ráp trong nước,crossover,số tay,xăng,2008.0,179626.7683965918,82.0,2.0,170.0,181.70123858456438
hyundai,elantra 1.6 at tiêu chuẩn 2024,lắp ráp trong nước,sedan,số tự động,xăng,2024.0,179626.7683965918,57.0,1.6,518.0,493.0329566075272
mg,5 luxury 1.5 at 2024,nhập khẩu,sedan,số tự động,xăng,2024.0,27000.0,57.0,1.5,449.0,450.41133862435424
hyundai,santafe cao cấp 2.5l htrac 2022,lắp ráp trong nước,suv,số tự động,xăng,2022.0,53486.0,57.0,2.5,1039.0,1045.110941567511
ford,ecosport titanium 1.5l at 2015,lắp ráp trong nước,suv,số tự động,xăng,2015.0,10000.0,60.0,1.5,268.0,288.38213152192185
kia,morning ex 2018,lắp ráp trong nước,hatchback,số tay,xăng,2018.0,110000.0,58.0,1.25,185.0,169.88884293162153
hyundai,accent 1.4 at 2019,lắp ráp trong nước,sedan,số tự động,xăng,2019.0,64000.0,67.0,1.4,365.0,363.03032563258114
toyota,vios g 1.5 cvt 2024,lắp ráp trong nước,sedan,số tự động,xăng,2024.0,19000.0,57.0,1.5,509.0,501.0431529963249
ford,ecosport titanium 1.0 ecoboost 2020,lắp ráp trong nước,suv,số tự động,xăng,2020.0,52000.0,65.0,1.0,420.0,446.32824742526543
suzuki,xl7 1.5 at 2022,nhập khẩu,suv,số tự động,xăng,2022.0,179626.7683965918,61.0,1.5,438.0,437.07349477439305
mercedes,benz gls 400 4matic 2016,nhập khẩu,suv,số tự động,xăng,2016.0,97000.0,57.0,3.0,1495.0,1552.7123908859253
ford,territory titanium x 1.5 at 2025,lắp ráp trong nước,suv,số tự động,xăng,2025.0,179626.7683965918,62.0,1.5,875.0,840.6711772128724
toyota,prado txl 2.7l 2015,nhập khẩu,suv,số tự động,xăng,2015.0,150000.0,60.0,2.7,1180.0,1073.6897367441552
kia,sorento signature 2.2 at awd 2023,lắp ráp trong nước,suv,số tự động,dầu,2023.0,51000.0,57.0,2.2,1020.0,1036.191929639114
mercedes,benz c class c200 2016,lắp ráp trong nước,sedan,số tự động,xăng,2016.0,120000.0,59.0,2.0,620.0,574.9260576252843
mercedes,benz glc 300 4matic 2022,lắp ráp trong nước,suv,số tự động,xăng,2022.0,29000.0,57.0,2.0,1799.0,1831.8620016482666
bmw,x3 sdrive20i 2024,lắp ráp trong nước,suv,số tự động,xăng,2024.0,2900.0,57.0,2.0,1689.0,1623.2086190845582
hyundai,elantra sport 1.6 at 2020,lắp ráp trong nước,sedan,số tự động,xăng,2020.0,56000.0,81.0,1.6,520.0,528.8588456145426
vinfast,fadil 1.4 at 2021,lắp ráp trong nước,hatchback,số tự động,xăng,2021.0,31000.0,60.0,1.4,295.0,307.01094725418994
kia,morning si at 2016,lắp ráp trong nước,hatchback,số tự động,xăng,2016.0,75000.0,63.0,1.25,230.0,253.8729129403027
mercedes,benz e class e200 2016,lắp ráp trong nước,sedan,số tự động,xăng,2016.0,42000.0,57.0,2.0,759.0,802.3126633667821
suzuki,xl7 1.5 at 2020,nhập khẩu,suv,số tự động,xăng,2020.0,80000.0,57.0,1.5,425.0,421.65689250438845
ford,everest titanium 2.0l 4x2 at 2023,nhập khẩu,suv,số tự động,dầu,2023.0,21000.0,57.0,2.0,1235.0,1214.8013434829784
ford,transit tiêu chuẩn 2023,lắp ráp trong nước,van/minivan,số tay,dầu,2023.0,120000.0,62.0,2.2,659.0,678.4481737496067
honda,accord 2.0 at 2009,nhập khẩu,sedan,số tự động,xăng,2009.0,140000.0,100.0,2.0,256.0,245.20322802694392
ford,everest titanium 2.0l 4x2 at 2024,nhập khẩu,suv,số tự động,dầu,2024.0,9000.0,71.0,2.0,1269.0,1283.6907498598819
hyundai,santafe cao cấp 2.5l htrac 2024,lắp ráp trong nước,suv,số tự động,xăng,2024.0,20000.0,99.0,2.5,1180.0,1187.0168700067109
mazda,cx3 luxury 1.5 at 2021,nhập khẩu,crossover,số tự động,xăng,2021.0,28000.0,57.0,1.5,505.0,499.99875187814484
mazda,cx 30 premium 2.0 at 2024,nhập khẩu,crossover,số tự động,xăng,2024.0,15000.0,57.0,2.0,709.0,707.8215779491647
hyundai,santafe cao cấp 2.2l htrac 2021,lắp ráp trong nước,suv,số tự động,dầu,2021.0,179626.7683965918,58.0,2.2,1099.0,960.6788006480263
hyundai,i10 grand 1.2 at 2015,nhập khẩu,hatchback,số tự động,xăng,2015.0,85000.0,57.0,1.25,255.0,260.4928666850643
toyota,prado txl 2.7l 2010,nhập khẩu,suv,số tự động,xăng,2010.0,12000.0,57.0,2.7,710.0,719.3820717014073
peugeot,5008 al 1.6 at 2021,lắp ráp trong nước,suv,số tự động,xăng,2021.0,42000.0,57.0,1.6,800.0,725.7224004368736
ford,ecosport titanium 1.5l at 2019,lắp ráp trong nước,suv,số tự động,xăng,2019.0,76000.0,57.0,1.5,408.0,406.1957132342759
mercedes,benz e class e200 exclusive 2022,lắp ráp trong nước,sedan,số tự động,xăng,2022.0,16500.0,57.0,2.0,1959.0,1698.089512983062
ford,ranger xls 2.2l 4x2 at 2016,nhập khẩu,bán tải / pickup,số tự động,dầu,2016.0,100000.0,60.0,2.2,410.0,418.81627327195093
mercedes,benz glc 200 4matic 2022,lắp ráp trong nước,suv,số tự động,xăng,2022.0,38000.0,60.0,2.0,1519.0,1556.9443278379842
vinfast,fadil tiêu chuẩn 1.4 at 2022,lắp ráp trong nước,hatchback,số tự động,xăng,2022.0,34000.0,58.0,1.4,325.0,320.8972782706958
ford,territory titanium x 1.5 at 2024,lắp ráp trong nước,suv,số tự động,xăng,2024.0,13600.0,77.0,1.5,830.0,832.0151160962652
toyota,vios 1.5e 2016,lắp ráp trong nước,sedan,số tay,xăng,2016.0,179626.7683965918,72.0,1.5,218.0,232.5429401605875
mercedes,benz c class c200 2017,lắp ráp trong nước,sedan,số tự động,xăng,2017.0,67000.0,57.0,2.0,695.0,656.6709627057985
ford,focus 2.0 at 2007,lắp ráp trong nước,sedan,số tự động,xăng,2007.0,180000.0,59.0,2.0,115.0,183.2351934455498
toyota,fortuner 2.4g 4x2 mt 2017,nhập khẩu,suv,số tay,dầu,2017.0,211000.0,89.0,2.4,610.0,619.6270943682212
mazda,cx8 deluxe 2022,lắp ráp trong nước,suv,số tự động,xăng,2022.0,31000.0,58.0,2.5,749.0,732.0446181860933
mercedes,benz cla class cla 250 4matic 2015,nhập khẩu,sedan,số tự động,xăng,2015.0,80000.0,57.0,2.0,630.0,545.8943526322496
kia,cerato 1.6 at deluxe 2020,lắp ráp trong nước,sedan,số tự động,xăng,2020.0,65000.0,66.0,1.6,440.0,434.7664507312901
toyota,yaris 1.3 at 2009,nhập khẩu,hatchback,số tự động,xăng,2009.0,120000.0,62.0,1.3,218.0,227.99724395449147
hyundai,santafe 2.2 mt 2008,nhập khẩu,suv,số tay,dầu,2008.0,139000.0,59.0,2.2,265.0,253.24641531362457
mitsubishi,xpander 1.5 at 2021,nhập khẩu,suv,số tự động,xăng,2021.0,72339.0,58.0,1.5,475.0,477.2934926751679
mitsubishi,xpander 1.5 mt 2022,lắp ráp trong nước,suv,số tay,xăng,2022.0,70000.0,60.0,1.5,425.0,418.9248185099776
mg,5 luxury 1.5 at 2022,nhập khẩu,sedan,số tự động,xăng,2022.0,40000.0,57.0,1.5,405.0,398.4191164714629
bmw,x5 xdrive40i xline 2019,nhập khẩu,suv,số tự động,xăng,2019.0,65000.0,57.0,3.0,2150.0,2011.360295602995
mercedes,benz glc 200 2019,lắp ráp trong nước,suv,số tự động,xăng,2019.0,67000.0,84.0,2.0,939.0,983.9980472138894
ford,everest titanium 2.0l 4x2 at 2022,nhập khẩu,suv,số tự động,dầu,2022.0,40000.0,57.0,2.0,985.0,1078.64862046411
toyota,corolla altis 1.8g at 2021,lắp ráp trong nước,sedan,số tự động,xăng,2021.0,26000.0,57.0,1.8,610.0,612.6724197807782
ford,ranger wildtrak 2.0l 4x4 at 2021,nhập khẩu,bán tải / pickup,số tự động,dầu,2021.0,62000.0,57.0,2.0,750.0,702.6920720124889
toyota,yaris 1.0 mt 2010,nhập khẩu,hatchback,số tay,xăng,2010.0,100000.0,57.0,1.0,145.0,150.51707170796436
toyota,raize g 1.0 cvt 2023,nhập khẩu,suv,số tự động,xăng,2023.0,43000.0,57.0,1.0,485.0,496.9248213103781
toyota,innova 2.0e 2015,lắp ráp trong nước,crossover,số tay,xăng,2015.0,11000.0,57.0,2.0,320.0,286.70047358293937
honda,crv l 2024,lắp ráp trong nước,suv,số tự động,xăng,2024.0,15000.0,66.0,1.5,1045.0,1041.0124027383997
audi,a4 2.0 tfsi 2016,nhập khẩu,sedan,số tự động,xăng,2016.0,110000.0,57.0,2.0,660.0,664.8551048846678
toyota,yaris 1.3 at 2008,nhập khẩu,hatchback,số tự động,xăng,2008.0,170000.0,57.0,1.3,190.0,215.0258811555517
mazda,3 1.5 at 2018,lắp ráp trong nước,sedan,số tự động,xăng,2018.0,72000.0,57.0,1.5,425.0,422.5766701743305
mercedes,benz c class c200 cgi 2010,lắp ráp trong nước,sedan,số tự động,xăng,2010.0,131372.0,67.0,1.8,225.0,352.04644325089754
mercedes,benz glc 300 4matic 2021,lắp ráp trong nước,suv,số tự động,xăng,2021.0,40000.0,59.0,2.0,1650.0,1595.328021817808
toyota,vios e 1.5 mt 2021,lắp ráp trong nước,sedan,số tay,xăng,2021.0,29144.0,58.0,1.5,380.0,345.98828771251254
vinfast,vf3 plus 2025,lắp ráp trong nước,hatchback,số tự động,điện,2025.0,17000.0,58.0,2.097755539082448,226.0,259.16198497444253
mercedes,benz e class e200 2017,lắp ráp trong nước,sedan,số tự động,xăng,2017.0,82000.0,57.0,2.0,888.0,823.7279558029397
ford,everest sport 2.0l 4x2 at 2023,nhập khẩu,suv,số tự động,dầu,2023.0,38000.0,57.0,2.0,1120.0,1121.5890763225855
kia,sorento signature 2.5 at awd 2022,lắp ráp trong nước,suv,số tự động,xăng,2022.0,31000.0,60.0,2.5,919.0,911.4056549284143
toyota,camry 2.5q 2023,nhập khẩu,sedan,số tự động,xăng,2023.0,17666.0,90.0,2.5,1191.0,1206.2111926839493
toyota,vios 1.5g 2012,lắp ráp trong nước,sedan,số tự động,xăng,2012.0,91000.0,99.0,1.5,282.0,274.01555697798204
suzuki,ertiga hybrid 1.5 at 2022,nhập khẩu,suv,số tự động,hybrid,2022.0,63000.0,57.0,1.5,439.0,442.2027367576259
kia,morning si at 2016,lắp ráp trong nước,hatchback,số tự động,xăng,2016.0,110000.0,81.0,1.25,235.0,252.00502118175683
ford,explorer limited 2.3l ecoboost 2019,nhập khẩu,suv,số tự động,xăng,2019.0,68000.0,57.0,2.3,1070.0,1044.1581137098271
toyota,camry 2.5q 2022,nhập khẩu,sedan,số tự động,xăng,2022.0,70000.0,57.0,2.5,1130.0,1131.5431698098932
honda,hrv rs 2022,nhập khẩu,crossover,số tự động,xăng,2022.0,29000.0,58.0,1.5,750.0,754.6807062998166
mercedes,benz c class c300 amg 2021,lắp ráp trong nước,sedan,số tự động,xăng,2021.0,38000.0,62.0,2.0,1179.0,1297.2481428969065
toyota,avanza premio 1.5 mt 2022,nhập khẩu,suv,số tay,xăng,2022.0,55000.0,58.0,1.5,425.0,441.7384952281879
toyota,veloz cross top 1.5 cvt 2022,nhập khẩu,suv,số tự động,xăng,2022.0,50000.0,92.0,1.5,570.0,558.5476659511513
mazda,3 1.5l luxury 2023,lắp ráp trong nước,sedan,số tự động,xăng,2023.0,20000.0,59.0,1.5,568.0,578.6680373337164
mazda,3 1.5 at 2016,lắp ráp trong nước,sedan,số tự động,xăng,2016.0,90000.0,57.0,1.5,385.0,371.75579902312563
hyundai,i10 1.2 at 2023,lắp ráp trong nước,hatchback,số tự động,xăng,2023.0,22000.0,57.0,1.25,375.0,377.75315679408703
toyota,corolla altis 1.8g mt 2008,lắp ráp trong nước,sedan,số tay,xăng,2008.0,160000.0,58.0,1.8,158.0,160.78268579796307
thaco,forland 2011,lắp ráp trong nước,truck,số tay,dầu,2011.0,179626.7683965918,78.0,2.097755539082448,92.0,219.34090777155913
volvo,xc60 t5 2014,nhập khẩu,suv,số tự động,xăng,2014.0,50000.0,62.0,2.0,579.0,595.7580445372884
kia,k3 deluxe 1.6 mt 2022,lắp ráp trong nước,sedan,số tay,xăng,2022.0,19000.0,74.0,1.6,430.0,413.35775817553133
nissan,navara el 2.3 at 2wd 2023,nhập khẩu,bán tải / pickup,số tự động,dầu,2023.0,32000.0,57.0,2.3,560.0,538.5538898049932
mercedes,benz s class s450l 2018,lắp ráp trong nước,sedan,số tự động,xăng,2018.0,90000.0,57.0,3.0,1999.0,1912.33503082586
mercedes,benz c class c300 amg 2022,nhập khẩu,sedan,số tự động,xăng,2022.0,17000.0,60.0,2.0,1698.0,1760.3091810870255
mercedes,benz glc 300 4matic 2018,lắp ráp trong nước,suv,số tự động,xăng,2018.0,65000.0,57.0,2.0,1045.0,1030.2959097548305
nissan,navara el premium r 2019,nhập khẩu,bán tải / pickup,số tự động,dầu,2019.0,90000.0,57.0,2.5,440.0,432.6432675217097
mercedes,benz glk class glk250 amg 4matic 2014,lắp ráp trong nước,suv,số tự động,xăng,2014.0,100000.0,76.0,2.0,520.0,692.4568711891928
toyota,innova e 2.0 mt 2021,lắp ráp trong nước,crossover,số tay,xăng,2021.0,64000.0,81.0,2.0,539.0,521.0697216044188
vinfast,fadil 1.4 at plus 2021,lắp ráp trong nước,hatchback,số tự động,xăng,2021.0,40000.0,57.0,1.4,318.0,323.9617989028804
volkswagen,t,nhập khẩu,crossover,số tự động,xăng,2022.0,8600.0,59.0,1.0,1.0,0.9141111410906045
mercedes,benz e class e300 amg 2017,lắp ráp trong nước,sedan,số tự động,xăng,2017.0,61000.0,103.0,2.0,1050.0,1033.9330012659345
mercedes,benz sprinter van 311 cdi 2.2l 2008,lắp ráp trong nước,van/minivan,số tay,dầu,2008.0,168000.0,57.0,2.2,146.0,407.86121329665684
ford,focus trend 1.5l 2018,lắp ráp trong nước,hatchback,số tự động,xăng,2018.0,66000.0,58.0,1.5,410.0,375.24498082724756
toyota,hilux 3.0g 4x4 mt 2016,nhập khẩu,bán tải / pickup,số tay,dầu,2016.0,90999.0,58.0,3.0,565.0,394.5566584917548
mercedes,benz glc 200 4matic 2025,lắp ráp trong nước,suv,số tự động,hybrid,2025.0,8000.0,71.0,2.0,2079.0,2178.0790529573123
mercedes,benz gl 350 bluetec 4matic 2011,nhập khẩu,suv,số tự động,dầu,2011.0,12000.0,61.0,3.0,730.0,634.0792597933814
mercedes,benz c class c200 exclusive 2021,lắp ráp trong nước,sedan,số tự động,xăng,2021.0,36000.0,57.0,1.5,1069.0,1011.914998330615
toyota,vios g 1.5 cvt 2023,lắp ráp trong nước,sedan,số tự động,xăng,2023.0,9000.0,107.0,1.5,485.0,468.7224955665489
mazda,3 1.5 at 2018,lắp ráp trong nước,sedan,số tự động,xăng,2018.0,90000.0,57.0,1.5,430.0,421.8084895610565
mercedes,benz glc 300 4matic 2019,lắp ráp trong nước,suv,số tự động,xăng,2019.0,81000.0,57.0,2.0,1169.0,1155.0982902282858
mitsubishi,outlander 2.0 cvt 2022,lắp ráp trong nước,suv,số tự động,xăng,2022.0,76000.0,57.0,2.0,675.0,681.0332408876195
kia,k3 1.6 at 2015,lắp ráp trong nước,sedan,số tự động,xăng,2015.0,179626.7683965918,62.0,1.6,290.0,317.2018829681937
kia,seltos deluxe 1.4 at 2022,lắp ráp trong nước,crossover,số tự động,xăng,2022.0,59000.0,77.0,1.4,525.0,544.9991781385766
mazda,bt50 2.2l 4x2 at 2017,nhập khẩu,bán tải / pickup,số tự động,dầu,2017.0,179626.7683965918,57.0,2.2,355.0,373.207338042822
toyota,camry 2.0q 2024,nhập khẩu,sedan,số tự động,xăng,2024.0,9000.0,57.0,2.0,1155.0,1122.3978484341787
peugeot,2008 gt line 1.2 at 2024,lắp ráp trong nước,crossover,số tự động,xăng,2024.0,25000.0,57.0,1.2,719.0,713.9269709772188
kia,rondo dat 2016,lắp ráp trong nước,suv,số tự động,dầu,2016.0,179626.7683965918,69.0,1.7,355.0,375.15998363183627
honda,crv l 2021,lắp ráp trong nước,suv,số tự động,xăng,2021.0,40000.0,61.0,1.5,819.0,828.5180491272795
mazda,3 s 1.6 at 2014,lắp ráp trong nước,sedan,số tự động,xăng,2014.0,40000.0,61.0,1.6,299.0,290.4123683455424
kia,morning si at 2018,lắp ráp trong nước,hatchback,số tự động,xăng,2018.0,78000.0,57.0,1.25,270.0,279.75393454562857
toyota,fortuner 2.5g 2016,lắp ráp trong nước,suv,số tay,dầu,2016.0,110000.0,57.0,2.5,529.0,513.057996777306
kia,morning s at 2018,lắp ráp trong nước,hatchback,số tự động,xăng,2018.0,55000.0,58.0,1.25,275.0,282.3059134486829
mercedes,benz e class e200 2016,lắp ráp trong nước,sedan,số tự động,xăng,2016.0,90000.0,60.0,2.0,790.0,800.8723101990056
mazda,2 1.5 at 2024,nhập khẩu,sedan,số tự động,xăng,2024.0,14000.0,60.0,1.5,418.0,417.5251893888487
mitsubishi,xpander cross 1.5 at 2021,nhập khẩu,suv,số tự động,xăng,2021.0,45000.0,59.0,1.5,525.0,526.5103432983879
toyota,fortuner legender 2.4l 4x2 at 2022,lắp ráp trong nước,suv,số tự động,dầu,2022.0,20000.0,57.0,2.4,1045.0,1039.3357098545926
vinfast,vf8 eco awd 2023,lắp ráp trong nước,suv,số tự động,điện,2023.0,20000.0,57.0,2.097755539082448,798.0,713.9498232413896
toyota,vios 1.5e mt 2019,lắp ráp trong nước,sedan,số tay,xăng,2019.0,85000.0,98.0,1.5,299.0,295.4079582679462
mazda,cx5 2.0 at 2018,lắp ráp trong nước,suv,số tự động,xăng,2018.0,41200.0,107.0,2.0,600.0,567.1137221837803
mercedes,benz glc 300 4matic 2020,lắp ráp trong nước,suv,số tự động,xăng,2020.0,6000.0,57.0,2.0,1580.0,1476.5582342055714
toyota,rav4 2.4 at 2008,nhập khẩu,suv,số tự động,xăng,2008.0,90000.0,57.0,2.4,310.0,354.9053748706139
mercedes,benz glc 250 4matic 2017,lắp ráp trong nước,suv,số tự động,xăng,2017.0,110000.0,57.0,2.0,779.0,810.2250823651738
toyota,fortuner 2.8v 4x4 at legender 2021,lắp ráp trong nước,suv,số tự động,dầu,2021.0,71000.0,57.0,2.8,1050.0,1030.580323282221
toyota,corolla cross 1.8v 2024,nhập khẩu,suv,số tự động,xăng,2024.0,5200.0,57.0,1.8,785.0,774.1136630651556
mazda,3 1.5 at 2015,lắp ráp trong nước,sedan,số tự động,xăng,2015.0,12000.0,57.0,1.5,350.0,345.73137941581615
kia,k3 2.0 at 2014,lắp ráp trong nước,sedan,số tự động,xăng,2014.0,125000.0,57.0,2.0,340.0,316.1905982736225
mg,5 luxury 1.5 at 2022,nhập khẩu,sedan,số tự động,xăng,2022.0,50000.0,57.0,1.5,410.0,398.3582781534317
kia,rio 1.4 at 2016,nhập khẩu,sedan,số tự động,xăng,2016.0,72000.0,59.0,1.4,285.0,305.93749293033034
toyota,corolla cross 1.8g 2022,nhập khẩu,suv,số tự động,xăng,2022.0,26000.0,57.0,1.8,630.0,656.0469854307048
mercedes,benz a class a45 amg 2014,nhập khẩu,hatchback,số tự động,xăng,2014.0,80000.0,86.0,2.0,650.0,574.0576498151438
hyundai,santafe 2.4l 4wd 2017,lắp ráp trong nước,suv,số tự động,xăng,2017.0,80000.0,57.0,2.4,575.0,579.4977970711706
mazda,cx8 luxury 2022,lắp ráp trong nước,suv,số tự động,xăng,2022.0,179626.7683965918,57.0,2.5,760.0,772.9792795314698
hyundai,santafe premium 2.4l htrac 2019,lắp ráp trong nước,suv,số tự động,xăng,2019.0,83000.0,57.0,2.4,789.0,774.221675757134
toyota,vios 1.5e 2009,lắp ráp trong nước,sedan,số tay,xăng,2009.0,160000.0,68.0,1.5,130.0,140.6184107255887
toyota,camry 2.0g 2020,nhập khẩu,sedan,số tự động,xăng,2020.0,70.0,57.0,2.0,750.0,790.349450279356
toyota,vios 1.5e mt 2018,lắp ráp trong nước,sedan,số tay,xăng,2018.0,68000.0,58.0,1.5,269.0,286.63557273926807
vinfast,fadil nâng cao 1.4 at 2022,lắp ráp trong nước,hatchback,số tự động,xăng,2022.0,28000.0,58.0,1.4,335.0,334.2558834220151
kia,carnival premium 2.2d 7s 2023,lắp ráp trong nước,van/minivan,số tự động,dầu,2023.0,69000.0,80.0,2.2,1150.0,1195.4814083408705
kia,soluto 1.4 at deluxe 2020,lắp ráp trong nước,sedan,số tự động,xăng,2020.0,50000.0,57.0,1.4,310.0,329.9477204233266
ford,territory titanium x 1.5 at 2025,lắp ráp trong nước,suv,số tự động,xăng,2025.0,1500.0,98.0,1.5,865.0,855.5647637353383
toyota,camry 2.4g 2012,lắp ráp trong nước,sedan,số tự động,xăng,2012.0,179626.7683965918,82.0,2.4,390.0,382.15223297623163
mercedes,benz glc 200 2018,lắp ráp trong nước,suv,số tự động,xăng,2018.0,66000.0,57.0,2.0,869.0,866.2166171642086
kia,morning si at 2017,lắp ráp trong nước,hatchback,số tự động,xăng,2017.0,60000.0,57.0,1.25,279.0,264.96108113952437
kia,sportage 2.0 at 2013,nhập khẩu,crossover,số tự động,xăng,2013.0,100000.0,58.0,2.0,390.0,219.29688692347088
toyota,raize g 1.0 cvt 2023,nhập khẩu,suv,số tự động,xăng,2023.0,39000.0,105.0,1.0,469.0,490.92339234646346
nissan,almera vl 1.0 cvt cao cấp 2021,nhập khẩu,sedan,số tự động,xăng,2021.0,64000.0,57.0,1.0,419.0,397.80466860465975
mercedes,benz s class s63 amg 2007,nhập khẩu,sedan,số tự động,xăng,2007.0,150000.0,58.0,6.2,599.0,455.2001053854208
vinfast,fadil 1.4 at plus 2021,lắp ráp trong nước,hatchback,số tự động,xăng,2021.0,19000.0,83.0,1.4,301.0,322.8013310542158
mazda,cx5 signature premium 2.5 at awd i,lắp ráp trong nước,suv,số tự động,xăng,2022.0,17000.0,58.0,2.5,2022.0,2024.9441515835763
wuling,bingo 410 2025,lắp ráp trong nước,hatchback,số tự động,điện,2025.0,1599.0,96.0,0.4,419.0,191.32974198655995
mitsubishi,xpander premium 1.5 at 2024,nhập khẩu,suv,số tự động,xăng,2024.0,38000.0,60.0,1.5,595.0,591.4526732632725
hyundai,accent 1.4 at đặc biệt 2021,lắp ráp trong nước,sedan,số tự động,xăng,2021.0,50000.0,64.0,1.4,400.0,433.30049776977995
bmw,x6 xdrive35i 2009,nhập khẩu,suv,số tự động,xăng,2009.0,130000.0,59.0,3.0,480.0,344.3745400295978
vinfast,vf8 eco awd 2023,lắp ráp trong nước,suv,số tự động,điện,2023.0,40000.0,57.0,2.097755539082448,700.0,714.0891617470576
peugeot,2008 gt line 1.2 at 2022,lắp ráp trong nước,crossover,số tự động,xăng,2022.0,48000.0,57.0,1.2,590.0,628.5068479348263
toyota,innova 2.0 venturer 2018,lắp ráp trong nước,crossover,số tự động,xăng,2018.0,92385.0,57.0,2.0,565.0,553.1231789109964
mazda,3 1.5l luxury 2023,lắp ráp trong nước,sedan,số tự động,xăng,2023.0,27000.0,57.0,1.5,580.0,578.3076206458951
nissan,navara el premium z 2019,nhập khẩu,bán tải / pickup,số tự động,dầu,2019.0,140268.0,60.0,2.5,450.0,448.0732939395056
mitsubishi,outlander 2.0 cvt 2022,lắp ráp trong nước,suv,số tự động,xăng,2022.0,40000.0,82.0,2.0,679.0,685.7623776874498
peugeot,3008 al 2021,lắp ráp trong nước,crossover,số tự động,xăng,2021.0,48000.0,57.0,1.6,728.0,719.2056502606505
mitsubishi,outlander 2.0 cvt 2022,lắp ráp trong nước,suv,số tự động,xăng,2022.0,6500.0,64.0,2.0,715.0,686.36870673662
mazda,cx5 signature premium 2.5 at awd i,lắp ráp trong nước,suv,số tự động,xăng,2022.0,17000.0,58.0,2.5,2022.0,2024.9441515835763
mercedes,benz c class c300 amg 2016,lắp ráp trong nước,sedan,số tự động,xăng,2016.0,80000.0,60.0,2.0,690.0,674.0605786991617
mercedes,benz glc 200 4matic 2021,lắp ráp trong nước,suv,số tự động,xăng,2021.0,59000.0,58.0,2.0,1439.0,1381.6430913204695
hyundai,santafe slx 2009,nhập khẩu,suv,số tự động,dầu,2009.0,189368.0,66.0,2.0,319.0,342.3037454254871
mercedes,benz c class c300 amg 2022,nhập khẩu,sedan,số tự động,xăng,2022.0,9500.0,58.0,2.0,1690.0,1757.4103581241184
mercedes,benz sprinter 311 cdi 2.2l 2007,lắp ráp trong nước,van/minivan,số tay,dầu,2007.0,150000.0,57.0,2.2,125.0,381.23671793904475
honda,city rs 1.5 at 2021,lắp ráp trong nước,sedan,số tự động,xăng,2021.0,65000.0,57.0,1.5,475.0,446.5415235897659
mercedes,benz glc 300 4matic 2018,lắp ráp trong nước,suv,số tự động,xăng,2018.0,66000.0,57.0,2.0,1045.0,1030.1590715172288
mitsubishi,xpander premium 1.5 at 2024,nhập khẩu,suv,số tự động,xăng,2024.0,39000.0,57.0,1.5,588.0,590.1704640490179
honda,civic rs 1.5 at 2024,nhập khẩu,sedan,số tự động,xăng,2024.0,9900.0,67.0,1.5,825.0,580.9294088894763
hyundai,i10 1.2 at 2022,lắp ráp trong nước,hatchback,số tự động,xăng,2022.0,30000.0,65.0,1.25,385.0,370.97901020613847
mg,5 luxury 1.5 at 2023,nhập khẩu,sedan,số tự động,xăng,2023.0,25000.0,58.0,1.5,415.0,422.85820350122924
peugeot,5008 gt 1.6 at 2024,lắp ráp trong nước,suv,số tự động,xăng,2024.0,5000.0,58.0,1.6,1039.0,994.583557720513
volkswagen,viloran luxury 2024,nhập khẩu,van/minivan,số tự động,xăng,2024.0,20000.0,64.0,2.0,2090.0,2133.1944152679466
toyota,vios g 1.5 cvt 2022,lắp ráp trong nước,sedan,số tự động,xăng,2022.0,49000.0,58.0,1.5,465.0,448.0406132199546
hyundai,santafe cao cấp 2.2l htrac 2022,lắp ráp trong nước,suv,số tự động,dầu,2022.0,70000.0,61.0,2.2,1145.0,1132.430854184172
toyota,prado txl 2.7l 2015,nhập khẩu,suv,số tự động,xăng,2015.0,95000.0,57.0,2.7,1050.0,1092.0600176875262
ford,ranger raptor 2.0l 4x4 at 2021,nhập khẩu,bán tải / pickup,số tự động,dầu,2021.0,63000.0,57.0,2.0,980.0,978.5068343680482
ford,territory titanium 1.5 at 2023,lắp ráp trong nước,suv,số tự động,xăng,2023.0,20000.0,58.0,1.5,789.0,737.7792063126523
lexus,nx 300 2017,nhập khẩu,suv,số tự động,xăng,2017.0,40000.0,57.0,2.0,1570.0,1569.6953288713914
ford,ranger xls 2.2l 4x2 at 2021,nhập khẩu,bán tải / pickup,số tự động,dầu,2021.0,90000.0,57.0,2.2,545.0,568.6907441153251
toyota,vios 1.5e cvt 2016,lắp ráp trong nước,sedan,số tự động,xăng,2016.0,70000.0,57.0,1.5,329.0,323.61841961955804
peugeot,2008 gt line 1.2 at 2021,lắp ráp trong nước,crossover,số tự động,xăng,2021.0,179626.7683965918,57.0,1.2,589.0,570.1148671827389
honda,city 1.5top 2017,lắp ráp trong nước,sedan,số tự động,xăng,2017.0,80000.0,58.0,1.5,365.0,361.0786372080256
hyundai,i10 1.2 at 2023,lắp ráp trong nước,hatchback,số tự động,xăng,2023.0,18000.0,74.0,1.25,395.0,379.69324667752846
mercedes,benz s class s400l 2017,lắp ráp trong nước,sedan,số tự động,xăng,2017.0,179626.7683965918,57.0,3.0,1390.0,1311.577242366427
toyota,venza 2.7 awd 2009,nhập khẩu,crossover,số tự động,xăng,2009.0,179626.7683965918,57.0,2.7,485.0,280.0556427144665
toyota,rush 1.5s at 2019,nhập khẩu,suv,số tự động,xăng,2019.0,179626.7683965918,104.0,1.5,440.0,452.1981626815962
kia,k3 luxury 1.6 at 2024,lắp ráp trong nước,sedan,số tự động,xăng,2024.0,31000.0,57.0,1.6,575.0,559.9336998024795
ford,ecosport trend 1.5l at 2014,lắp ráp trong nước,suv,số tự động,xăng,2014.0,179626.7683965918,57.0,1.5,238.0,347.6021515300394
vinfast,vf5 plus 2024,lắp ráp trong nước,suv,số tự động,điện,2024.0,100000.0,81.0,2.097755539082448,440.0,437.57080934131585
toyota,camry le 2.5 2009,nhập khẩu,sedan,số tự động,xăng,2009.0,123456.0,96.0,2.5,299.0,392.6634244572335
suzuki,swift glx 1.2 at 2020,nhập khẩu,hatchback,số tự động,xăng,2020.0,50000.0,57.0,1.2,439.0,432.9626489339729
mazda,cx5 2.0 at 2017,lắp ráp trong nước,suv,số tự động,xăng,2017.0,55139.0,58.0,2.0,560.0,508.4193777624327
mazda,6 premium 2.0 at 2022,lắp ráp trong nước,sedan,số tự động,xăng,2022.0,50000.0,57.0,2.0,650.0,665.7169016803522
audi,q5 sline 45 tfsi quattro 2022,nhập khẩu,suv,số tự động,xăng,2022.0,10000.0,82.0,2.0,1899.0,1850.538840099135
peugeot,208 1.6 at 2013,nhập khẩu,hatchback,số tự động,xăng,2013.0,50000.0,57.0,1.6,315.0,368.34163396581823
toyota,innova 2.0e 2017,lắp ráp trong nước,crossover,số tay,xăng,2017.0,179626.7683965918,76.0,2.0,385.0,383.56925457804175
hyundai,creta tiêu chuẩn 1.5 at 2022,nhập khẩu,crossover,số tự động,xăng,2022.0,25000.0,58.0,1.5,530.0,546.0225059427652
lexus,nx 200t 2015,nhập khẩu,suv,số tự động,xăng,2015.0,100000.0,57.0,2.0,1150.0,1071.5234799725054
vinfast,vf8 eco 2023,lắp ráp trong nước,suv,số tự động,điện,2023.0,36000.0,60.0,0.2,710.0,719.2942923849188
volkswagen,teramont 2.0 at 2021,nhập khẩu,suv,số tự động,xăng,2021.0,47700.0,57.0,2.0,1399.0,1485.500517648618
chevrolet,colorado ltz 2.8l 4x4 at 2016,nhập khẩu,bán tải / pickup,số tự động,dầu,2016.0,150000.0,57.0,2.8,365.0,289.98099827386966
mercedes,benz e class e250 2017,lắp ráp trong nước,sedan,số tự động,xăng,2017.0,73000.0,83.0,2.0,1050.0,872.0137835832905
mitsubishi,xpander 1.5 at 2020,nhập khẩu,suv,số tự động,xăng,2020.0,77500.0,57.0,1.5,445.0,457.8675727671098
landrover,range rover velar r,nhập khẩu,suv,số tự động,xăng,2019.0,80000.0,57.0,2.0,2000.0,1968.5263358517648
ford,territory titanium x 1.5 at 2025,lắp ráp trong nước,suv,số tự động,xăng,2025.0,1500.0,58.0,1.5,860.0,867.9455959812365
mazda,cx5 2.5 at 2wd 2017,lắp ráp trong nước,suv,số tự động,xăng,2017.0,88000.0,57.0,2.5,515.0,515.8973888450863
vinfast,fadil 1.4 at 2019,lắp ráp trong nước,hatchback,số tự động,xăng,2019.0,65000.0,57.0,1.4,250.0,264.90748003623224
mercedes,benz c class c300 amg 2019,lắp ráp trong nước,sedan,số tự động,xăng,2019.0,80000.0,64.0,2.0,940.0,1006.3437625305269
hyundai,santafe 2.0l 2012,nhập khẩu,suv,số tự động,dầu,2012.0,80000.0,57.0,2.0,415.0,387.92144755786575
ford,ranger raptor 2.0l 4x4 at 2018,nhập khẩu,bán tải / pickup,số tự động,dầu,2018.0,140000.0,57.0,2.0,785.0,388.41949556827313
bmw,5 series 530i m sport 2022,nhập khẩu,sedan,số tự động,xăng,2022.0,28000.0,57.0,2.0,1869.0,2022.1993972127473
bmw,3 series 320i 2016,nhập khẩu,sedan,số tự động,xăng,2016.0,100000.0,57.0,2.0,559.0,556.6119776277137
mazda,2 1.5 at 2016,lắp ráp trong nước,sedan,số tự động,xăng,2016.0,179626.7683965918,58.0,1.5,288.0,285.43169717859587
mazda,6 2.0 at 2015,lắp ráp trong nước,sedan,số tự động,xăng,2015.0,81000.0,57.0,2.0,360.0,362.8012375959546
hyundai,santafe cao cấp 2.2l htrac 2023,lắp ráp trong nước,suv,số tự động,dầu,2023.0,40000.0,57.0,2.2,1240.0,1201.4939680353173
toyota,fortuner 2.7v 4x2 at trd 2019,lắp ráp trong nước,suv,số tự động,xăng,2019.0,58200.0,68.0,2.7,705.0,771.0742401645145
ford,territory titanium 1.5 at 2022,lắp ráp trong nước,suv,số tự động,xăng,2022.0,70000.0,90.0,1.5,745.0,735.7202241746843
landrover,range rover autobiography 5.0 2013,nhập khẩu,suv,số tự động,xăng,2013.0,90000.0,57.0,5.0,2050.0,1988.9817695528297
landrover,range rover velar r,nhập khẩu,suv,số tự động,xăng,2019.0,63000.0,57.0,2.0,2000.0,1973.7034939271311
toyota,veloz cross 1.5 cvt 2022,nhập khẩu,suv,số tự động,xăng,2022.0,90000.0,106.0,1.5,495.0,503.6495420385841
mitsubishi,xpander cross 1.5 at 2024,nhập khẩu,suv,số tự động,xăng,2024.0,61783.0,101.0,1.5,610.0,625.4197604798853
mitsubishi,xpander premium 1.5 at 2023,nhập khẩu,suv,số tự động,xăng,2023.0,179626.7683965918,58.0,1.5,540.0,528.7854914488545
mercedes,benz c class c200 2013,lắp ráp trong nước,sedan,số tự động,xăng,2013.0,179626.7683965918,57.0,1.8,385.0,360.4445697051342
audi,q7 3.6 at 2007,nhập khẩu,suv,số tự động,xăng,2007.0,97000.0,90.0,3.6,230.0,710.6550469841604
vinfast,vf e34 at 2022,lắp ráp trong nước,crossover,số tự động,điện,2022.0,40000.0,57.0,0.1,470.0,336.97728158627876
toyota,fortuner 2.4g 4x2 at legender 2021,lắp ráp trong nước,suv,số tự động,dầu,2021.0,87000.0,57.0,2.4,945.0,981.3777628771235
kia,morning sx 1.1 at 2011,lắp ráp trong nước,hatchback,số tự động,xăng,2011.0,179626.7683965918,103.0,1.1,145.0,148.00018708426694
kia,carnival signature 2.2d 2024,lắp ráp trong nước,van/minivan,số tự động,dầu,2024.0,26000.0,57.0,2.2,1579.0,1466.946883034855
toyota,prado vx 2.7l 2020,nhập khẩu,suv,số tự động,xăng,2020.0,100.0,57.0,2.7,2055.0,2124.159565857978
mercedes,benz c class c300 amg 2022,nhập khẩu,sedan,số tự động,xăng,2022.0,179626.7683965918,57.0,2.0,1759.0,1706.7262537138572
mg,zs luxury 1.5 at 2wd 2025,nhập khẩu,crossover,số tự động,xăng,2025.0,2000.0,57.0,1.5,519.0,532.495650326598
mitsubishi,outlander 2.0 cvt premium 2020,lắp ráp trong nước,suv,số tự động,xăng,2020.0,152000.0,65.0,2.0,650.0,648.6148017574263
hyundai,i10 grand 1.2 at 2015,nhập khẩu,hatchback,số tự động,xăng,2015.0,110000.0,58.0,1.25,265.0,259.5414647223432
toyota,fortuner 2.4g 4x2 at 2019,lắp ráp trong nước,suv,số tự động,dầu,2019.0,115477.0,59.0,2.4,790.0,772.0819146542627
hyundai,santafe premium 2.4l htrac 2019,lắp ráp trong nước,suv,số tự động,xăng,2019.0,179626.7683965918,57.0,2.4,755.0,749.1415266069458
bmw,3 series 320i 2019,nhập khẩu,sedan,số tự động,xăng,2019.0,130000.0,89.0,2.0,900.0,788.8435419451838
lexus,rx 300 2019,nhập khẩu,suv,số tự động,xăng,2019.0,43000.0,57.0,2.0,2050.0,2281.485049813039
mazda,cx5 2.5 at 2016,lắp ráp trong nước,suv,số tự động,xăng,2016.0,120000.0,57.0,2.5,480.0,477.24479446140447
toyota,yaris 1.5 at 2011,nhập khẩu,hatchback,số tự động,xăng,2011.0,100000.0,58.0,1.5,245.0,259.05121432597036
vinfast,vf3 plus 2024,lắp ráp trong nước,hatchback,số tự động,điện,2024.0,10000.0,67.0,2.097755539082448,238.0,231.9706714682129
vinfast,vf5 plus 2024,lắp ráp trong nước,suv,số tự động,điện,2024.0,109706.0,57.0,2.097755539082448,428.0,434.29806508962906
vinfast,vf e34 at 2022,lắp ráp trong nước,crossover,số tự động,điện,2022.0,35000.0,57.0,0.1,465.0,336.9853176715411
honda,hrv rs 2022,nhập khẩu,crossover,số tự động,xăng,2022.0,60000.0,90.0,1.5,699.0,752.3131134410867
toyota,vios 1.5e 2012,lắp ráp trong nước,sedan,số tay,xăng,2012.0,179626.7683965918,57.0,1.5,188.0,207.09533245774094
hyundai,genesis bh330 2010,nhập khẩu,sedan,số tự động,xăng,2010.0,120000.0,105.0,3.3,543.0,332.3801523026001
mercedes,benz c class c300 amg 2022,nhập khẩu,sedan,số tự động,xăng,2022.0,13000.0,57.0,2.0,1679.0,1757.2609577880714
vinfast,vf3 plus 2024,lắp ráp trong nước,hatchback,số tự động,điện,2024.0,8000.0,57.0,2.097755539082448,229.0,231.17012175809268
mercedes,benz c class c200 2015,lắp ráp trong nước,sedan,số tự động,xăng,2015.0,85000.0,57.0,2.0,579.0,564.6413848594138
kia,morning luxury 2019,lắp ráp trong nước,hatchback,số tự động,xăng,2019.0,68000.0,61.0,1.25,295.0,297.60196486864993
toyota,innova g 2010,lắp ráp trong nước,crossover,số tay,xăng,2010.0,90000.0,57.0,2.0,210.0,214.2952088808954
bmw,x3 xdrive20i 2025,lắp ráp trong nước,suv,số tự động,hybrid,2025.0,4000.0,57.0,2.0,2179.0,2170.0529720222253
mg,rx5 1.5t std 2023,nhập khẩu,crossover,số tự động,xăng,2023.0,7000.0,65.0,1.5,545.0,381.38510069740585
mazda,3 1.5l sport luxury 2022,lắp ráp trong nước,hatchback,số tự động,xăng,2022.0,40000.0,57.0,1.5,525.0,569.6828670090931
hyundai,tucson 1.6 at turbo htrac đặc biệt 2024,lắp ráp trong nước,crossover,số tự động,xăng,2024.0,8000.0,57.0,1.6,940.0,939.4727250460872
honda,crv 2.4 at 2016,lắp ráp trong nước,suv,số tự động,xăng,2016.0,60000.0,60.0,2.4,555.0,529.480383512689
mercedes,benz c class c300 amg 2022,lắp ráp trong nước,sedan,số tự động,xăng,2022.0,17000.0,57.0,2.0,1699.0,1603.4061606379016
kia,carnival premium 2.2d 2022,lắp ráp trong nước,van/minivan,số tự động,dầu,2022.0,73000.0,78.0,2.2,1055.0,1108.67207056972
mazda,3 1.5l luxury 2022,lắp ráp trong nước,sedan,số tự động,xăng,2022.0,46000.0,62.0,1.5,550.0,554.4702402658895
kia,morning si at 2017,lắp ráp trong nước,hatchback,số tự động,xăng,2017.0,48000.0,58.0,1.25,279.0,265.19779332498825
kia,cerato 2.0 at premium 2021,lắp ráp trong nước,sedan,số tự động,xăng,2021.0,15000.0,73.0,2.0,540.0,490.46498505044923
toyota,hiace 2.5 2008,lắp ráp trong nước,van/minivan,số tay,dầu,2008.0,22000.0,81.0,2.5,225.0,278.6312009547114
kia,sedona 3.3 gat premium 2019,lắp ráp trong nước,van/minivan,số tự động,xăng,2019.0,60000.0,57.0,3.3,698.0,679.9651457185399
hyundai,kona 1.6 turbo 2020,lắp ráp trong nước,crossover,số tự động,xăng,2020.0,58000.0,57.0,1.6,515.0,534.4363810332226
mercedes,benz glc 200 4matic 2021,lắp ráp trong nước,suv,số tự động,xăng,2021.0,69000.0,58.0,2.0,1399.0,1379.4391468738168
mitsubishi,xpander 1.5 at 2023,nhập khẩu,suv,số tự động,xăng,2023.0,45000.0,57.0,1.5,499.0,485.6943865956348
toyota,camry 2.4g 2007,lắp ráp trong nước,sedan,số tự động,xăng,2007.0,179626.7683965918,72.0,2.4,270.0,256.3149032717114
honda,civic rs 1.5 at 2019,nhập khẩu,sedan,số tự động,xăng,2019.0,26000.0,99.0,1.5,565.0,419.99556170136634
peugeot,2008 gt line 1.2 at 2022,lắp ráp trong nước,crossover,số tự động,xăng,2022.0,40000.0,57.0,1.2,635.0,628.9791528901521
toyota,fortuner 2.4g 4x2 mt 2020,lắp ráp trong nước,suv,số tay,dầu,2020.0,68000.0,57.0,2.4,779.0,771.37060059948
kia,soluto 1.4 mt deluxe 2022,lắp ráp trong nước,sedan,số tay,xăng,2022.0,35000.0,60.0,1.4,295.0,293.05610718343854
mazda,cx5 2.5 signature premium 2wd 2020,lắp ráp trong nước,suv,số tự động,xăng,2020.0,40000.0,57.0,2.5,689.0,689.7658381385927
audi,q3 2.0 quattro 2016,nhập khẩu,crossover,số tự động,xăng,2016.0,55000.0,58.0,2.0,598.0,576.5182949837449
mercedes,benz glc 200 4matic 2021,lắp ráp trong nước,suv,số tự động,xăng,2021.0,52000.0,58.0,2.0,1299.0,1382.9145155862996
kia,cerato 2.0 at premium 2019,lắp ráp trong nước,sedan,số tự động,xăng,2019.0,50000.0,60.0,2.0,480.0,457.6783000523224
ford,ranger wildtrak 2.0l 4x4 at 2024,lắp ráp trong nước,bán tải / pickup,số tự động,dầu,2024.0,20000.0,57.0,2.0,879.0,882.7256857496401
kia,sedona 2.2l dat 2018,lắp ráp trong nước,van/minivan,số tự động,dầu,2018.0,179626.7683965918,57.0,2.2,590.0,577.9098340295917
mitsubishi,pajero sport 2.4d 4x4 at 2023,nhập khẩu,suv,số tự động,dầu,2023.0,18000.0,80.0,2.4,1080.0,1135.7091735954928
ford,everest titanium 2.0l 4x2 at 2024,nhập khẩu,suv,số tự động,dầu,2024.0,29999.0,58.0,2.0,1246.0,1280.0273028624977
kia,k3 luxury 1.6 at 2022,lắp ráp trong nước,sedan,số tự động,xăng,2022.0,20000.0,57.0,1.6,530.0,528.1325687661564
mazda,3 1.5 at 2016,lắp ráp trong nước,sedan,số tự động,xăng,2016.0,79000.0,70.0,1.5,380.0,372.92938076793575
volvo,xc60 inscription b6 awd 2022,nhập khẩu,suv,số tự động,xăng,2022.0,34000.0,58.0,2.0,1850.0,1824.3556722096419
ford,ranger xls 2.2l 4x2 at 2020,nhập khẩu,bán tải / pickup,số tự động,dầu,2020.0,42000.0,70.0,2.2,545.0,538.3619714480877
kia,carnival royal 2.2d 2022,lắp ráp trong nước,van/minivan,số tự động,dầu,2022.0,40000.0,57.0,2.2,1899.0,1897.898732276757
hyundai,accent 1.4 at 2023,lắp ráp trong nước,sedan,số tự động,xăng,2023.0,179626.7683965918,61.0,1.4,440.0,431.03752328339925
nissan,teana 2.0 at 2009,nhập khẩu,sedan,số tự động,xăng,2009.0,179626.7683965918,59.0,2.0,280.0,222.1487374730055
ford,focus titanium 1.5l 2016,lắp ráp trong nước,sedan,số tự động,xăng,2016.0,135000.0,58.0,1.5,348.0,361.83517275880865
toyota,vios e cvt 2022,lắp ráp trong nước,sedan,số tự động,xăng,2022.0,79000.0,59.0,1.5,415.0,408.78887272229673
kia,seltos luxury 1.4 at 2022,lắp ráp trong nước,crossover,số tự động,xăng,2022.0,41000.0,60.0,1.4,555.0,577.4444299976598
ford,territory titanium x 1.5 at 2023,lắp ráp trong nước,suv,số tự động,xăng,2023.0,44000.0,63.0,1.5,795.0,796.4669568728862
kia,k3 luxury 1.6 at 2025,lắp ráp trong nước,sedan,số tự động,xăng,2025.0,3500.0,62.0,1.6,588.0,583.6980104664538
hyundai,accent 1.4 at đặc biệt 2023,lắp ráp trong nước,sedan,số tự động,xăng,2023.0,38000.0,58.0,1.4,465.0,466.9288959301878
mercedes,benz glc 250 4matic 2017,lắp ráp trong nước,suv,số tự động,xăng,2017.0,100000.0,57.0,2.0,855.0,812.4356593500187
kia,morning x,lắp ráp trong nước,hatchback,số tự động,xăng,2023.0,38000.0,58.0,1.25,2023.0,2177.8854433109873
mitsubishi,outlander premium 2.0 cvt 2022,lắp ráp trong nước,suv,số tự động,xăng,2022.0,48000.0,58.0,2.0,718.0,750.7209931170642
kia,cerato 1.6 at luxury 2019,lắp ráp trong nước,sedan,số tự động,xăng,2019.0,72000.0,57.0,1.6,445.0,444.16325961286884
mazda,3 1.5l luxury 2024,lắp ráp trong nước,sedan,số tự động,xăng,2024.0,30000.0,59.0,1.5,595.0,608.3569959696292
toyota,fortuner 2.7v 4x4 at 2009,lắp ráp trong nước,suv,số tự động,xăng,2009.0,179626.7683965918,57.0,2.7,275.0,245.19140047135664
vinfast,vf8 plus awd 2023,lắp ráp trong nước,suv,số tự động,điện,2023.0,54000.0,57.0,2.097755539082448,870.0,833.7812460047669
hyundai,kona 1.6 turbo 2019,lắp ráp trong nước,crossover,số tự động,xăng,2019.0,71000.0,59.0,1.6,495.0,470.83699839187227
porsche,macan 2.0 2016,nhập khẩu,suv,số tự động,xăng,2016.0,179626.7683965918,67.0,2.0,1439.0,1538.0636413254483
mitsubishi,triton 4x2 at 2018,nhập khẩu,bán tải / pickup,số tự động,dầu,2018.0,160000.0,77.0,2.5,440.0,407.9379973632314
mercedes,benz c class c300 amg 2015,lắp ráp trong nước,sedan,số tự động,xăng,2015.0,71000.0,59.0,2.0,599.0,651.710575259081
daewoo,lacetti cdx 1.6 at 2010,nhập khẩu,sedan,số tự động,xăng,2010.0,126000.0,97.0,1.6,157.0,143.38170666544084
toyota,corolla cross 1.8v 2024,nhập khẩu,suv,số tự động,xăng,2024.0,23000.0,57.0,1.8,780.0,774.3386630665218
bmw,3 series 320i 2014,nhập khẩu,sedan,số tự động,xăng,2014.0,100000.0,58.0,2.0,458.0,442.75629931689946
honda,crv l awd 2023,lắp ráp trong nước,suv,số tự động,xăng,2023.0,20000.0,57.0,1.5,1050.0,1091.304955343549
mercedes,benz gls 400 4matic 2016,nhập khẩu,suv,số tự động,xăng,2016.0,40000.0,57.0,3.0,1550.0,1559.7845791984323
ford,ranger wildtrak 2.0l 4x4 at 2018,nhập khẩu,bán tải / pickup,số tự động,dầu,2018.0,140000.0,57.0,2.0,575.0,584.8317494671841
ford,ranger wildtrak 2.0l 4x4 at 2021,nhập khẩu,bán tải / pickup,số tự động,dầu,2021.0,40000.0,70.0,2.0,755.0,704.3576634404769
mazda,3 1.5l luxury 2022,lắp ráp trong nước,sedan,số tự động,xăng,2022.0,46000.0,59.0,1.5,550.0,553.7242602196601
lynk & co,& co 01 hyper pro 2024,nhập khẩu,suv,số tự động,xăng,2024.0,18000.0,57.0,2.0,859.0,855.1289744214158
audi,a8 l v8 4.0l tfsi 2014,nhập khẩu,sedan,số tự động,xăng,2014.0,120000.0,60.0,4.0,1180.0,1214.5525446994513
toyota,innova 2.0e 2014,lắp ráp trong nước,crossover,số tay,xăng,2014.0,80000.0,57.0,2.0,290.0,258.8142208064183
toyota,corolla altis 1.8g at 2017,lắp ráp trong nước,sedan,số tự động,xăng,2017.0,70000.0,60.0,1.8,499.0,464.16852520626634
mercedes,benz glc 200 2018,lắp ráp trong nước,suv,số tự động,xăng,2018.0,179626.7683965918,57.0,2.0,819.0,840.3683117634934
mazda,3 1.5l luxury 2019,lắp ráp trong nước,sedan,số tự động,xăng,2019.0,72000.0,58.0,1.5,460.0,450.57939797007884
mazda,3 1.5l sport luxury 2019,lắp ráp trong nước,hatchback,số tự động,xăng,2019.0,179626.7683965918,67.0,1.5,435.0,440.7648850490751
toyota,innova 2.0 venturer 2018,lắp ráp trong nước,crossover,số tự động,xăng,2018.0,99000.0,57.0,2.0,505.0,552.3399429770488
toyota,innova 2.0e 2019,lắp ráp trong nước,crossover,số tay,xăng,2019.0,66000.0,59.0,2.0,420.0,439.22754497956316
mercedes,benz c class c300 amg 2016,lắp ráp trong nước,sedan,số tự động,xăng,2016.0,120000.0,57.0,2.0,555.0,668.8174474454447
toyota,fortuner 2.5g 2016,lắp ráp trong nước,suv,số tay,dầu,2016.0,78000.0,59.0,2.5,525.0,516.4055331217813
toyota,vios 1.5e mt 2019,lắp ráp trong nước,sedan,số tay,xăng,2019.0,60000.0,58.0,1.5,285.0,302.170854865852
bmw,5 series 520i 2012,nhập khẩu,sedan,số tự động,xăng,2012.0,110000.0,57.0,2.0,499.0,503.49730149887506
hyundai,i10 grand 1.0 mt base 2016,nhập khẩu,hatchback,số tay,xăng,2016.0,179626.7683965918,72.0,1.0,142.0,136.86708372005523
hyundai,palisade prestige 2.2 at htrac 2023,lắp ráp trong nước,suv,số tự động,dầu,2023.0,39999.0,81.0,2.2,1375.0,1392.7648144107266
toyota,raize g 1.0 cvt 2022,nhập khẩu,suv,số tự động,xăng,2022.0,35000.0,57.0,1.0,445.0,471.20778332291195
audi,a7 3.0 tfsi 2013,nhập khẩu,sedan,số tự động,xăng,2013.0,80000.0,58.0,3.0,799.0,704.4644943099196
honda,accord 2.4 at 2008,nhập khẩu,sedan,số tự động,xăng,2008.0,200000.0,81.0,2.4,270.0,251.43304507377903
mercedes,benz c class c250 exclusive 2016,lắp ráp trong nước,sedan,số tự động,xăng,2016.0,80000.0,58.0,2.0,650.0,648.6636347046817
teraco,tera100 s thùng bạt 2022,lắp ráp trong nước,truck,số tay,xăng,2022.0,100000.0,72.0,1.3,170.0,35.88849028209391
ford,everest titanium 2.0l 4x2 at 2021,nhập khẩu,suv,số tự động,dầu,2021.0,81000.0,57.0,2.0,899.0,919.835116518144
mazda,2 1.5 at 2024,nhập khẩu,sedan,số tự động,xăng,2024.0,15000.0,57.0,1.5,439.0,416.90202607276706
honda,civic 1.8 e 2017,nhập khẩu,sedan,số tự động,xăng,2017.0,99000.0,63.0,1.8,460.0,458.43410487087067
kia,forte sli 1.6 at 2009,nhập khẩu,sedan,số tự động,xăng,2009.0,10000.0,91.0,1.6,199.0,217.42473895524554
kia,rio 1.4 mt 2015,nhập khẩu,sedan,số tay,xăng,2015.0,123.0,58.0,1.4,199.0,226.36032088714717
peugeot,3008 1.6 at 2019,lắp ráp trong nước,crossover,số tự động,xăng,2019.0,91023.0,57.0,1.6,615.0,609.173063616435
kia,morning si mt 2016,lắp ráp trong nước,hatchback,số tay,xăng,2016.0,22000.0,59.0,1.25,199.0,164.41479810032513
hyundai,santafe 2.7l 4wd 2007,nhập khẩu,suv,số tự động,xăng,2007.0,12000.0,82.0,2.7,245.0,214.46907074312924
toyota,vios e cvt 2021,lắp ráp trong nước,sedan,số tự động,xăng,2021.0,100682.0,60.0,1.5,375.0,389.33528960707486
toyota,fortuner 2.4g 4x2 mt 2019,nhập khẩu,suv,số tay,dầu,2019.0,20000.0,57.0,2.4,775.0,763.2096176143388
bmw,5 series 530i 2007,nhập khẩu,sedan,số tự động,xăng,2007.0,200000.0,60.0,3.0,270.0,467.87744819384477
hyundai,accent 1.4 ath 2019,lắp ráp trong nước,sedan,số tự động,xăng,2019.0,60000.0,61.0,1.4,380.0,387.259164281778
toyota,innova g 2007,lắp ráp trong nước,crossover,số tay,xăng,2007.0,179626.7683965918,58.0,2.0,215.0,154.81926440280358
ford,ranger xlt 2.2l 4x4 mt 2018,nhập khẩu,bán tải / pickup,số tay,dầu,2018.0,179626.7683965918,96.0,2.2,395.0,337.59830467391816
toyota,vios g 1.5 cvt 2022,lắp ráp trong nước,sedan,số tự động,xăng,2022.0,60000.0,57.0,1.5,440.0,447.3407314250951
volkswagen,scirocco 1.4 at 2010,nhập khẩu,coupe,số tự động,xăng,2010.0,80000.0,58.0,1.4,279.0,286.6717112908842
hyundai,tucson 1.6 at turbo htrac đặc biệt 2024,lắp ráp trong nước,crossover,số tự động,xăng,2024.0,7000.0,57.0,1.6,939.0,939.4498473369636
mercedes,benz c class c200 2017,lắp ráp trong nước,sedan,số tự động,xăng,2017.0,179626.7683965918,58.0,2.0,695.0,638.1630589049413
mercedes,benz glb 35 4matic 2021,nhập khẩu,suv,số tự động,xăng,2021.0,54000.0,57.0,2.0,1499.0,1499.9981549889826
mitsubishi,xpander 1.5 at 2021,nhập khẩu,suv,số tự động,xăng,2021.0,30000.0,77.0,1.5,499.0,480.89425070253776
toyota,prado vx 2.7l 2018,nhập khẩu,suv,số tự động,xăng,2018.0,99000.0,59.0,2.7,1888.0,1836.6627393035722
mazda,3 1.5l luxury 2025,lắp ráp trong nước,sedan,số tự động,xăng,2025.0,1000.0,60.0,1.5,635.0,627.7266328531707
mazda,cx3 luxury 1.5 at 2025,nhập khẩu,crossover,số tự động,xăng,2025.0,179626.7683965918,57.0,1.5,579.0,554.4110069158648
ford,ranger wildtrak 2.0l 4x4 at 2024,lắp ráp trong nước,bán tải / pickup,số tự động,dầu,2024.0,15000.0,57.0,2.0,885.0,882.2069306355834
mitsubishi,triton athlete 4x2 at 2022,nhập khẩu,bán tải / pickup,số tự động,dầu,2022.0,68000.0,58.0,2.4,568.0,633.8881803632896
hyundai,elantra 1.6 at đặc biệt 2024,lắp ráp trong nước,sedan,số tự động,xăng,2024.0,15000.0,58.0,1.6,598.0,596.445912438971
vinfast,fadil tiêu chuẩn 1.4 at 2022,lắp ráp trong nước,hatchback,số tự động,xăng,2022.0,45000.0,58.0,1.4,325.0,320.962551688903
honda,accord 1.5 at 2019,nhập khẩu,sedan,số tự động,xăng,2019.0,90000.0,59.0,1.5,689.0,704.1018662851694
mercedes,benz c class c200 2018,lắp ráp trong nước,sedan,số tự động,xăng,2018.0,50000.0,57.0,2.0,739.0,742.8432101223669
kia,sonet deluxe 1.5 mt 2022,lắp ráp trong nước,crossover,số tay,xăng,2022.0,68789.0,57.0,1.5,415.0,434.0318772392759
toyota,corolla altis 1.8g at 2019,lắp ráp trong nước,sedan,số tự động,xăng,2019.0,66000.0,58.0,1.8,500.0,530.3776873477005
toyota,fortuner 2.4g 4x2 mt 2021,lắp ráp trong nước,suv,số tay,dầu,2021.0,179626.7683965918,98.0,2.4,810.0,807.3015110834166
toyota,yaris 1.5g 2016,nhập khẩu,hatchback,số tự động,xăng,2016.0,68000.0,57.0,1.5,369.0,378.82432217924713
ford,fiesta s 1.0 at ecoboost 2017,lắp ráp trong nước,hatchback,số tự động,xăng,2017.0,120000.0,68.0,1.0,295.0,270.1879091835526
bmw,7 series 750li 2011,nhập khẩu,sedan,số tự động,xăng,2011.0,179626.7683965918,72.0,4.4,686.0,873.1437284439952
hyundai,avante 1.6 at 2013,lắp ráp trong nước,sedan,số tự động,xăng,2013.0,99000.0,58.0,1.6,279.0,232.48565032790611
mitsubishi,xpander 1.5 at 2020,nhập khẩu,suv,số tự động,xăng,2020.0,69000.0,57.0,1.5,465.0,458.5078060322493
mazda,cx5 2.0 at 2017,lắp ráp trong nước,suv,số tự động,xăng,2017.0,90000.0,57.0,2.0,505.0,506.60378336552725
mercedes,benz c class c200 2012,lắp ráp trong nước,sedan,số tự động,xăng,2012.0,130000.0,61.0,1.8,285.0,270.6614643295312
mazda,cx8 premium awd 2022,lắp ráp trong nước,suv,số tự động,xăng,2022.0,66000.0,58.0,2.5,850.0,875.9322055367282
toyota,fortuner 2.5g 2013,lắp ráp trong nước,suv,số tay,dầu,2013.0,179626.7683965918,57.0,2.5,428.0,475.06580715321485
hyundai,accent cao cấp 1.5 at 2025,lắp ráp trong nước,sedan,số tự động,xăng,2025.0,179626.7683965918,57.0,1.5,529.0,528.6568133185825
peugeot,408 gt 1.6 at 2025,lắp ráp trong nước,crossover,số tự động,xăng,2025.0,1000.0,57.0,1.6,1165.0,639.896769021479
hyundai,tucson 2.0 at đặc biệt 2022,lắp ráp trong nước,crossover,số tự động,xăng,2022.0,27000.0,80.0,2.0,755.0,757.6613391905222
mercedes,benz glc 200 4matic 2021,lắp ráp trong nước,suv,số tự động,xăng,2021.0,53000.0,57.0,2.0,1389.0,1381.8855501621745
mazda,cx5 2.0 at 2015,lắp ráp trong nước,suv,số tự động,xăng,2015.0,150000.0,57.0,2.0,465.0,437.8892072125841
bmw,5 series 528i gt 2015,nhập khẩu,sedan,số tự động,xăng,2015.0,10000.0,60.0,2.0,1059.0,883.1613048852344
hyundai,elantra 1.8 at 2014,nhập khẩu,sedan,số tự động,xăng,2014.0,98000.0,57.0,1.8,345.0,282.8209136785976
ford,everest titanium 2.0l 4x2 at 2023,nhập khẩu,suv,số tự động,dầu,2023.0,22600.0,58.0,2.0,1240.0,1215.6900819897385
vinfast,vf6 plus 2023,lắp ráp trong nước,suv,số tự động,điện,2023.0,32000.0,57.0,0.6,645.0,408.2947003845446
ford,ranger xls 2.0l 4x4 at 2022,lắp ráp trong nước,bán tải / pickup,số tự động,dầu,2022.0,18000.0,65.0,2.0,650.0,667.2084822416849
audi,a4 2.0t 2011,nhập khẩu,sedan,số tự động,xăng,2011.0,90000.0,80.0,2.0,268.0,451.34090204293557
ford,transit limousine 2018,lắp ráp trong nước,van/minivan,số tay,dầu,2018.0,113000.0,57.0,2.4,459.0,480.6557025174948
mercedes,benz glk class glk280 4matic 2009,nhập khẩu,suv,số tự động,xăng,2009.0,170000.0,58.0,3.0,289.0,327.85739580672
audi,a6 2.0 tfsi 2014,nhập khẩu,sedan,số tự động,xăng,2014.0,68000.0,56.0,2.0,499.0,387.1280756792051
toyota,innova g 2011,lắp ráp trong nước,crossover,số tay,xăng,2011.0,179626.7683965918,99.0,2.0,205.0,210.92244912513468
kia,morning at 2019,lắp ráp trong nước,hatchback,số tự động,xăng,2019.0,59000.0,96.0,1.25,275.0,279.8251634841035
porsche,panamera 4 2010,nhập khẩu,sedan,số tự động,xăng,2010.0,84000.0,57.0,3.6,890.0,793.4273763415752
kia,morning ex 2013,lắp ráp trong nước,hatchback,số tay,xăng,2013.0,179626.7683965918,57.0,1.25,119.0,126.69244358077178
peugeot,3008 1.6 at 2019,lắp ráp trong nước,crossover,số tự động,xăng,2019.0,80000.0,57.0,1.6,615.0,610.8798421410332
mitsubishi,attrage 1.2 mt eco 2019,nhập khẩu,sedan,số tay,xăng,2019.0,91000.0,58.0,1.2,208.0,236.9732418742175
suzuki,swift glx 1.2 at 2021,nhập khẩu,hatchback,số tự động,xăng,2021.0,20000.0,58.0,1.2,485.0,494.4658520778046
mercedes,benz e class e300 amg 2019,lắp ráp trong nước,sedan,số tự động,xăng,2019.0,76000.0,57.0,2.0,1360.0,1321.1048756933073
nissan,navara vl 2.5 at 4wd 2016,nhập khẩu,bán tải / pickup,số tự động,dầu,2016.0,179626.7683965918,59.0,2.5,420.0,194.99759306923858
toyota,vios gr,lắp ráp trong nước,sedan,số tự động,xăng,2021.0,24000.0,59.0,1.5,1.0,18.76618936103597
kia,cerato 1.6 at luxury 2019,lắp ráp trong nước,sedan,số tự động,xăng,2019.0,61000.0,58.0,1.6,440.0,444.719243722093
volkswagen,scirocco 1.4 at 2010,nhập khẩu,coupe,số tự động,xăng,2010.0,100000.0,57.0,1.4,289.0,286.217200769872
landrover,range rover hse 3.0 2014,nhập khẩu,suv,số tự động,xăng,2014.0,100000.0,57.0,3.0,2150.0,2034.132521023791
bmw,3 series 320i sport line 2024,lắp ráp trong nước,sedan,số tự động,xăng,2024.0,14000.0,58.0,2.0,1179.0,1473.5607188334702
bmw,5 series 520i luxury line 2022,lắp ráp trong nước,sedan,số tự động,xăng,2022.0,23232.0,59.0,2.0,1579.0,1594.3532770358943
toyota,yaris 1.5g 2019,nhập khẩu,hatchback,số tự động,xăng,2019.0,66000.0,57.0,1.5,455.0,458.2896512723685
mitsubishi,mirage 1.2 at 2014,nhập khẩu,hatchback,số tự động,xăng,2014.0,95000.0,58.0,1.2,220.0,204.6635235584606
mazda,3 1.5l deluxe 2022,lắp ráp trong nước,sedan,số tự động,xăng,2022.0,45000.0,57.0,1.5,495.0,509.27786525295295
daewoo,lacetti se 2010,nhập khẩu,sedan,số tay,xăng,2010.0,179626.7683965918,106.0,1.6,128.0,135.11519470985476
honda,city 1.5top 2019,lắp ráp trong nước,sedan,số tự động,xăng,2019.0,45000.0,71.0,1.5,430.0,387.00199439987756
kia,forte sli 1.6 at 2009,nhập khẩu,sedan,số tự động,xăng,2009.0,60000.0,57.0,1.6,245.0,221.48229567838382
mazda,cx5 premium 2.0 at 2022,lắp ráp trong nước,suv,số tự động,xăng,2022.0,6500.0,61.0,2.0,745.0,711.9899560390791
kia,carnival signature 2.2d 2023,lắp ráp trong nước,van/minivan,số tự động,dầu,2023.0,40000.0,58.0,2.2,1310.0,1290.6349552145239
kia,cerato 1.6 at 2018,lắp ráp trong nước,sedan,số tự động,xăng,2018.0,71000.0,57.0,1.6,385.0,398.12552305550173
volkswagen,tiguan luxury s 2021,nhập khẩu,suv,số tự động,xăng,2021.0,27000.0,57.0,2.0,1269.0,1269.5618934870633
mitsubishi,xpander 1.5 mt 2020,nhập khẩu,suv,số tay,xăng,2020.0,60000.0,57.0,1.5,400.0,389.95022844779754
toyota,fortuner 2.4g 4x2 at 2019,nhập khẩu,suv,số tự động,dầu,2019.0,90000.0,57.0,2.4,780.0,870.2989495142801
mazda,cx5 2.5 at awd 2017,lắp ráp trong nước,suv,số tự động,xăng,2017.0,90000.0,58.0,2.5,490.0,499.5282171400786
honda,crv 2.0 at 2015,lắp ráp trong nước,suv,số tự động,xăng,2015.0,100000.0,57.0,2.0,475.0,461.24042928679813
hyundai,accent 1.4 mt 2016,nhập khẩu,sedan,số tay,xăng,2016.0,60000.0,57.0,1.4,229.0,230.17236685195311
toyota,camry 2.5q 2019,nhập khẩu,sedan,số tự động,xăng,2019.0,65000.0,59.0,2.5,850.0,834.5032406734408
vinfast,vf8 eco awd 2022,lắp ráp trong nước,suv,số tự động,điện,2022.0,28000.0,59.0,2.097755539082448,710.0,667.6668798961907
toyota,prado vx 2.7l 2020,nhập khẩu,suv,số tự động,xăng,2020.0,61000.0,57.0,2.7,2200.0,2117.11449881648
toyota,camry 2.5q 2021,nhập khẩu,sedan,số tự động,xăng,2021.0,71000.0,57.0,2.5,920.0,967.5540717231554
mercedes,benz c class c300 amg 2014,lắp ráp trong nước,sedan,số tự động,xăng,2014.0,140000.0,57.0,3.0,375.0,394.2030340381863
ford,ranger xls 2.2l 4x2 at 2021,nhập khẩu,bán tải / pickup,số tự động,dầu,2021.0,72000.0,57.0,2.2,550.0,569.5100583648789
mercedes,benz s class s400l 2016,lắp ráp trong nước,sedan,số tự động,xăng,2016.0,70000.0,57.0,3.0,1399.0,1300.4157147619158
hyundai,i10 grand 1.0 mt 2014,nhập khẩu,hatchback,số tay,xăng,2014.0,80000.0,58.0,1.0,138.0,150.77590704343385
ford,everest titanium 2.0l 4x2 at 2024,nhập khẩu,suv,số tự động,dầu,2024.0,19000.0,59.0,2.0,1235.0,1279.9462144876693
toyota,innova g 2007,lắp ráp trong nước,crossover,số tay,xăng,2007.0,186000.0,58.0,2.0,148.0,154.492998444376
mazda,2 1.5 at 2020,nhập khẩu,sedan,số tự động,xăng,2020.0,91260.0,57.0,1.5,380.0,365.2789957832739
vinfast,fadil 1.4 at 2020,lắp ráp trong nước,hatchback,số tự động,xăng,2020.0,60000.0,57.0,1.4,288.0,286.6075830209182
mazda,cx5 2.5 at 2wd 2017,lắp ráp trong nước,suv,số tự động,xăng,2017.0,89000.0,63.0,2.5,518.0,517.3932254946478
kia,morning luxury 2021,lắp ráp trong nước,hatchback,số tự động,xăng,2021.0,57000.0,57.0,1.25,330.0,314.36876104356577
honda,crv 2.4 at 2015,lắp ráp trong nước,suv,số tự động,xăng,2015.0,90000.0,57.0,2.4,485.0,493.79988201376324
honda,hrv rs 2022,nhập khẩu,crossover,số tự động,xăng,2022.0,60000.0,57.0,1.5,750.0,752.659971950824
ford,ranger xls 2.0l 4x2 at 2023,lắp ráp trong nước,bán tải / pickup,số tự động,dầu,2023.0,40000.0,57.0,2.0,630.0,630.901453048975
suzuki,xl7 1.5 at 2023,nhập khẩu,suv,số tự động,xăng,2023.0,24000.0,58.0,1.5,519.0,520.6405988843846
mazda,cx5 2.5 at 2wd 2017,lắp ráp trong nước,suv,số tự động,xăng,2017.0,95000.0,58.0,2.5,525.0,515.6439326256556
kia,morning s at 2014,lắp ráp trong nước,hatchback,số tự động,xăng,2014.0,179626.7683965918,64.0,1.25,218.0,205.27137429780794
toyota,innova 2.0e 2014,lắp ráp trong nước,crossover,số tay,xăng,2014.0,146000.0,57.0,2.0,318.0,255.56627222524352
ford,everest titanium 2.0l 4x2 at 2022,nhập khẩu,suv,số tự động,dầu,2022.0,80000.0,57.0,2.0,1090.0,1074.7906822322363
toyota,vios 1.5g 2016,lắp ráp trong nước,sedan,số tự động,xăng,2016.0,179626.7683965918,59.0,1.5,305.0,333.00516851307316
mercedes,benz glc 200 2022,lắp ráp trong nước,suv,số tự động,xăng,2022.0,30000.0,57.0,2.0,1359.0,1378.5487236637323
toyota,prado txl 2.7l 2015,nhập khẩu,suv,số tự động,xăng,2015.0,179626.7683965918,57.0,2.7,1080.0,1057.394439384082
mercedes,benz c class c200 2016,lắp ráp trong nước,sedan,số tự động,xăng,2016.0,68000.0,104.0,2.0,599.0,561.2602807532559
mazda,2 luxury 2023,nhập khẩu,sedan,số tự động,xăng,2023.0,9000.0,57.0,1.5,462.0,471.07834191561994
mercedes,benz c class c300 amg 2016,lắp ráp trong nước,sedan,số tự động,xăng,2016.0,110000.0,57.0,2.0,680.0,670.356466569585
hyundai,i10 1.2 mt tiêu chuẩn 2021,lắp ráp trong nước,sedan,số tay,xăng,2021.0,36000.0,57.0,1.25,288.0,275.0316231093646
kia,seltos premium 1.4 at 2023,lắp ráp trong nước,crossover,số tự động,xăng,2023.0,20000.0,57.0,1.4,659.0,650.7191400697473
ford,ranger xls 2.2l 4x2 at 2020,nhập khẩu,bán tải / pickup,số tự động,dầu,2020.0,90000.0,64.0,2.2,510.0,537.0499125371965
toyota,yaris 1.3 at 2007,nhập khẩu,hatchback,số tự động,xăng,2007.0,179626.7683965918,64.0,1.3,180.0,191.92136820893967
kia,carnival signature 2.2d 2022,lắp ráp trong nước,van/minivan,số tự động,dầu,2022.0,179626.7683965918,57.0,2.2,1199.0,1167.3023712497948
hyundai,i10 grand 1.2 at 2017,lắp ráp trong nước,sedan,số tự động,xăng,2017.0,10000.0,59.0,1.25,290.0,278.66107916947226
chevrolet,trailblazer ltz 2.5l vgt 4x4 at 2018,nhập khẩu,suv,số tự động,dầu,2018.0,86000.0,57.0,2.5,570.0,591.0765822644223
honda,hrv rs 2022,nhập khẩu,crossover,số tự động,xăng,2022.0,52000.0,57.0,1.5,719.0,753.2883533722161
mitsubishi,xpander cross 1.5 at 2025,nhập khẩu,suv,số tự động,xăng,2025.0,9000.0,58.0,1.5,666.0,673.3118996119188
toyota,fortuner 2.5g 2014,lắp ráp trong nước,suv,số tay,dầu,2014.0,200000.0,57.0,2.5,429.0,449.99525187392896
mitsubishi,xpander 1.5 at 2018,nhập khẩu,suv,số tự động,xăng,2018.0,179626.7683965918,61.0,1.5,380.0,400.82844330513615
kia,carnival signature 2.2d 2021,lắp ráp trong nước,van/minivan,số tự động,dầu,2021.0,76000.0,58.0,2.2,1095.0,1142.3697195551886
toyota,sienna le 3.5 2015,nhập khẩu,van/minivan,số tự động,xăng,2015.0,46000.0,62.0,3.5,1200.0,1144.147794585086
hyundai,santafe slx 2009,nhập khẩu,suv,số tự động,dầu,2009.0,190000.0,63.0,2.0,310.0,341.9110452554747
ford,ranger wildtrak 2.0l 4x4 at 2021,nhập khẩu,bán tải / pickup,số tự động,dầu,2021.0,91000.0,96.0,2.0,690.0,695.2123866594105
ford,ranger xls 2.2l 4x2 mt 2020,nhập khẩu,bán tải / pickup,số tay,dầu,2020.0,98000.0,58.0,2.2,450.0,454.86661009423904
ford,ranger wildtrak 2.0l 4x4 at 2022,lắp ráp trong nước,bán tải / pickup,số tự động,dầu,2022.0,90000.0,98.0,2.0,770.0,770.8434152724035
toyota,rav4 2.4 at 2008,nhập khẩu,suv,số tự động,xăng,2008.0,120886.0,57.0,2.4,266.0,352.4330207561878
bmw,3 series 320i sport line 2022,lắp ráp trong nước,sedan,số tự động,xăng,2022.0,42000.0,57.0,2.0,1279.0,1271.212272930891
lexus,gx 460 2009,nhập khẩu,suv,số tự động,xăng,2009.0,210000.0,57.0,4.6,1020.0,1139.9778037095775
toyota,camry 2.5q 2021,nhập khẩu,sedan,số tự động,xăng,2021.0,60000.0,57.0,2.5,1070.0,968.8096717018523
hyundai,venue 1.0 t,lắp ráp trong nước,suv,số tự động,xăng,2024.0,10000.0,58.0,1.0,2024.0,2008.5785080221322
ford,everest titanium 3.2l 4x4 at 2018,nhập khẩu,suv,số tự động,dầu,2018.0,179626.7683965918,57.0,3.2,736.0,921.4979279350232
ford,territory titanium x 1.5 at 2025,lắp ráp trong nước,suv,số tự động,xăng,2025.0,5000.0,57.0,1.5,865.0,867.8028302093845
honda,city rs 1.5 at 2023,lắp ráp trong nước,sedan,số tự động,xăng,2023.0,26000.0,60.0,1.5,480.0,495.8848925487078
suzuki,xl7 1.5 at 2022,nhập khẩu,suv,số tự động,xăng,2022.0,60000.0,57.0,1.5,465.0,451.63636450115683
toyota,corolla altis 1.8g at 2011,lắp ráp trong nước,sedan,số tự động,xăng,2011.0,90000.0,58.0,1.8,320.0,321.4748249643748
bmw,3 series 320i sport line 2024,lắp ráp trong nước,sedan,số tự động,xăng,2024.0,8000.0,59.0,2.0,1469.0,1473.784328070801
ford,everest titanium 2.0l 4x2 at 2024,nhập khẩu,suv,số tự động,dầu,2024.0,5600.0,57.0,2.0,1260.0,1276.6030051777884
hyundai,i10 grand 1.2 mt 2021,lắp ráp trong nước,hatchback,số tay,xăng,2021.0,10000.0,58.0,1.25,285.0,275.40256352713845
mitsubishi,xpander cross 1.5 at 2024,nhập khẩu,suv,số tự động,xăng,2024.0,179626.7683965918,73.0,1.5,656.0,611.4736612597203
bmw,5 series 528i gt 2013,nhập khẩu,sedan,số tự động,xăng,2013.0,100000.0,58.0,2.0,686.0,542.5620905790104
bmw,x6 xdrive35i 2009,nhập khẩu,suv,số tự động,xăng,2009.0,130000.0,76.0,3.0,330.0,343.9472957079288
toyota,raize g 1.0 cvt 2022,nhập khẩu,suv,số tự động,xăng,2022.0,179626.7683965918,57.0,1.0,479.0,454.00353362586475
honda,crv 2.4 at,lắp ráp trong nước,suv,số tự động,xăng,2017.0,86000.0,57.0,2.4,2017.0,2053.6125198939585
jaguar,xe 2.0 t 2015,nhập khẩu,sedan,số tự động,xăng,2015.0,90000.0,69.0,2.0,590.0,642.4910092777311
hyundai,i10 grand 1.0 mt 2014,nhập khẩu,hatchback,số tay,xăng,2014.0,170000.0,70.0,1.0,137.0,148.6797587680358
landrover,range rover velar r,nhập khẩu,suv,số tự động,xăng,2019.0,85000.0,59.0,2.0,2000.0,1969.0127804576705
mitsubishi,outlander 2.4 cvt premium 2019,lắp ráp trong nước,suv,số tự động,xăng,2019.0,80000.0,59.0,2.4,595.0,588.8899179949541
hyundai,i10 grand 1.2 at 2019,lắp ráp trong nước,sedan,số tự động,xăng,2019.0,43000.0,57.0,1.25,309.0,297.5785213511522
vinfast,vf e34 at 2022,lắp ráp trong nước,crossover,số tự động,điện,2022.0,59000.0,58.0,2.097755539082448,435.0,677.5631001920177
toyota,corolla cross 1.8v 2021,nhập khẩu,suv,số tự động,xăng,2021.0,20000.0,84.0,1.8,695.0,685.6906579295187
hyundai,grand starex van 2.5 at 2014,nhập khẩu,van/minivan,số tự động,dầu,2014.0,145007.0,57.0,2.5,385.0,300.54973642229515
ford,explorer limited 2.3l ecoboost 2019,nhập khẩu,suv,số tự động,xăng,2019.0,50000.0,59.0,2.3,1079.0,1046.3223423670597
ford,ranger xls 2.2l 4x2 at 2022,lắp ráp trong nước,bán tải / pickup,số tự động,dầu,2022.0,60000.0,57.0,2.2,525.0,569.8262923507439
toyota,aygo 1.0 at 2010,nhập khẩu,hatchback,số tự động,xăng,2010.0,89000.0,61.0,1.0,225.0,185.0736085643542
lexus,ls 460l 2007,nhập khẩu,sedan,số tự động,xăng,2007.0,125000.0,57.0,4.6,660.0,546.8969647545931
toyota,vios 1.5g 2020,lắp ráp trong nước,sedan,số tự động,xăng,2020.0,63000.0,61.0,1.5,415.0,396.93915186216594
honda,city rs 1.5 at 2022,lắp ráp trong nước,sedan,số tự động,xăng,2022.0,35000.0,90.0,1.5,465.0,459.8335388463249
toyota,yaris cross 1.5 d,nhập khẩu,suv,số tự động,xăng,2024.0,11000.0,57.0,1.5,2024.0,2010.7492879119716
ford,everest wildtrak 2.0l 4x4 at 2024,nhập khẩu,suv,số tự động,dầu,2024.0,22000.0,57.0,2.0,1435.0,1447.8790838781447
peugeot,5008 gt 1.6 at 2021,lắp ráp trong nước,suv,số tự động,xăng,2021.0,50000.0,61.0,1.6,835.0,872.9033318445113
ford,ranger wildtrak 3.2l 4x4 at 2017,nhập khẩu,bán tải / pickup,số tự động,dầu,2017.0,179626.7683965918,78.0,3.2,520.0,546.1918107447133
nissan,almera vl 1.0 cvt cao cấp 2023,nhập khẩu,sedan,số tự động,xăng,2023.0,72000.0,57.0,1.0,479.0,462.9577827971939
ford,focus titanium 1.5l 2018,lắp ráp trong nước,sedan,số tự động,xăng,2018.0,67000.0,57.0,1.5,395.0,345.6653888921143
mitsubishi,xpander cross 1.5 at 2021,nhập khẩu,suv,số tự động,xăng,2021.0,179626.7683965918,76.0,1.5,465.0,513.0241790422224
volvo,s90 lwb ultimate b6 awd 2022,nhập khẩu,sedan,số tự động,xăng,2022.0,9000.0,81.0,2.0,1799.0,1788.6630149437015
honda,civic 1.8 at 2008,lắp ráp trong nước,sedan,số tự động,xăng,2008.0,10000.0,84.0,1.8,189.0,199.39686126446728
volkswagen,viloran luxury 2024,nhập khẩu,van/minivan,số tự động,xăng,2024.0,14000.0,57.0,2.0,2138.0,2126.2401270294613
mitsubishi,outlander premium 2.0 cvt 2022,lắp ráp trong nước,suv,số tự động,xăng,2022.0,140000.0,58.0,2.0,725.0,733.8125048243671
toyota,yaris 1.3 at 2010,nhập khẩu,hatchback,số tự động,xăng,2010.0,150000.0,57.0,1.3,242.0,266.50331092013795
toyota,camry 2.5q 2021,nhập khẩu,sedan,số tự động,xăng,2021.0,60000.0,57.0,2.5,1050.0,968.8096717018523
ford,everest titanium 2.0l 4x2 at 2022,nhập khẩu,suv,số tự động,dầu,2022.0,35000.0,57.0,2.0,1119.0,1078.7270995139586
hyundai,santafe slx 2009,nhập khẩu,suv,số tự động,dầu,2009.0,15.0,101.0,2.0,350.0,345.7351448341394
kia,sportage premium 2.0g 2025,lắp ráp trong nước,crossover,số tự động,xăng,2025.0,7000.0,57.0,2.0,845.0,434.40082055189083
hyundai,palisade prestige 2.2 at htrac 2023,lắp ráp trong nước,suv,số tự động,dầu,2023.0,10000.0,57.0,2.2,1399.0,1384.1915385465481
toyota,fortuner 2.7v 4x2 at 2014,lắp ráp trong nước,suv,số tự động,xăng,2014.0,120000.0,106.0,2.7,450.0,407.861361506887
chevrolet,spark lt 0.8 mt 2011,lắp ráp trong nước,hatchback,số tay,xăng,2011.0,179626.7683965918,57.0,0.8,129.0,71.80937509767794
toyota,fortuner 2.4g 4x2 at 2019,nhập khẩu,suv,số tự động,dầu,2019.0,8.0,57.0,2.4,790.0,874.620977820923
volkswagen,teramont president 2.0 at 2024,nhập khẩu,suv,số tự động,xăng,2024.0,18000.0,63.0,2.0,2286.0,2285.9731724331323
honda,city 1.5 at 2015,lắp ráp trong nước,sedan,số tự động,xăng,2015.0,90000.0,76.0,1.5,290.0,289.58807222673687
mercedes,benz s class s450l 2017,lắp ráp trong nước,sedan,số tự động,xăng,2017.0,70000.0,57.0,3.0,1689.0,1739.0314736351843
ford,ranger xls 2.2l 4x2 at 2020,nhập khẩu,bán tải / pickup,số tự động,dầu,2020.0,52000.0,57.0,2.2,572.0,536.5562614557879
hyundai,creta cao cấp 1.5 at 2022,nhập khẩu,crossover,số tự động,xăng,2022.0,30000.0,57.0,1.5,615.0,589.8720176951739
peugeot,3008 1.6 at 2019,lắp ráp trong nước,crossover,số tự động,xăng,2019.0,179626.7683965918,59.0,1.6,635.0,587.9468010643654
toyota,corolla altis 1.8g 2022,nhập khẩu,sedan,số tự động,xăng,2022.0,40000.0,58.0,1.8,675.0,624.7057392507354
vinfast,fadil 1.4 at plus 2020,lắp ráp trong nước,hatchback,số tự động,xăng,2020.0,40000.0,57.0,1.4,315.0,304.9327949863532
mazda,2 1.5 at 2017,lắp ráp trong nước,sedan,số tự động,xăng,2017.0,70000.0,60.0,1.5,360.0,332.83277213035956
hyundai,santafe 2.4l htrac 2019,lắp ráp trong nước,suv,số tự động,xăng,2019.0,51000.0,57.0,2.4,755.0,738.3879616191246
ford,ranger raptor 2.0l 4x4 at 2024,nhập khẩu,bán tải / pickup,số tự động,dầu,2024.0,17000.0,57.0,2.0,1196.0,1201.155591834329
kia,carnival premium 2.2d 2022,lắp ráp trong nước,van/minivan,số tự động,dầu,2022.0,15000.0,100.0,2.2,1150.0,1085.7987098664819
kia,seltos premium 1.5 at 2025,lắp ráp trong nước,crossover,số tự động,xăng,2025.0,2500.0,57.0,1.5,735.0,728.3877799891284
toyota,fortuner 2.7v 4x2 at 2017,nhập khẩu,suv,số tự động,xăng,2017.0,80000.0,57.0,2.7,638.0,666.7353727464262
toyota,fortuner 2.4g 4x2 mt 2019,lắp ráp trong nước,suv,số tay,dầu,2019.0,90000.0,57.0,2.4,735.0,675.762202482091
hyundai,santafe calligraphy 2.5l turbo htrac 2024,lắp ráp trong nước,suv,số tự động,xăng,2024.0,10000.0,74.0,2.5,1225.0,1231.6441794383486
ford,everest platinum 2.0l 4x4 at 2024,nhập khẩu,suv,số tự động,dầu,2024.0,18000.0,57.0,2.0,1480.0,1552.5612887181783
mazda,cx5 2.0 at 2017,lắp ráp trong nước,suv,số tự động,xăng,2017.0,179626.7683965918,60.0,2.0,528.0,495.0580092622633
honda,civic 1.8 at 2007,lắp ráp trong nước,sedan,số tự động,xăng,2007.0,159000.0,57.0,1.8,195.0,179.98593721700405
mazda,cx8 luxury 2024,lắp ráp trong nước,suv,số tự động,xăng,2024.0,19000.0,70.0,2.5,868.0,873.2601732241717
hyundai,tucson 2.0 at 2018,lắp ráp trong nước,crossover,số tự động,xăng,2018.0,179626.7683965918,58.0,2.0,570.0,538.4065201640298
landrover,range rover sport autobiography 2012,nhập khẩu,suv,số tự động,xăng,2012.0,179626.7683965918,58.0,5.0,900.0,1443.0517188958602
hyundai,i10 grand 1.0 mt base 2016,nhập khẩu,hatchback,số tay,xăng,2016.0,180000.0,82.0,1.0,159.0,136.65161764221267
mazda,3 1.5l luxury 2021,lắp ráp trong nước,sedan,số tự động,xăng,2021.0,79000.0,58.0,1.5,555.0,518.1920162770878
peugeot,3008 gt 2022,lắp ráp trong nước,crossover,số tự động,xăng,2022.0,37000.0,57.0,1.6,825.0,829.1466099273005
hyundai,accent 1.4 mt base 2019,lắp ráp trong nước,sedan,số tay,xăng,2019.0,50000.0,58.0,1.4,310.0,294.9537981629216
vinfast,vf8 eco awd 2022,lắp ráp trong nước,suv,số tự động,điện,2022.0,38000.0,57.0,2.097755539082448,685.0,666.5689965464355
toyota,vios 1.5g 2017,lắp ráp trong nước,sedan,số tự động,xăng,2017.0,8900.0,58.0,1.5,298.0,340.43313471643717
vinfast,vf3 plus 2024,lắp ráp trong nước,hatchback,số tự động,điện,2024.0,11000.0,69.0,2.097755539082448,250.0,232.05007225009766
ford,everest titanium plus 2.0l 4x4 at 2022,nhập khẩu,suv,số tự động,dầu,2022.0,57000.0,57.0,2.0,1269.0,1293.5214867633376
kia,morning gt,lắp ráp trong nước,hatchback,số tự động,xăng,2021.0,40000.0,57.0,1.25,2021.0,1970.5265422038676
mercedes,benz c class c200 2016,lắp ráp trong nước,sedan,số tự động,xăng,2016.0,128000.0,58.0,2.0,620.0,573.6954638893917
kia,carnival signature 2.2d 2022,lắp ráp trong nước,van/minivan,số tự động,dầu,2022.0,90000.0,57.0,2.2,1175.0,1198.7201190177054
volvo,s90 inscription t6 awd 2021,nhập khẩu,sedan,số tự động,xăng,2021.0,90000.0,57.0,2.0,1330.0,1369.0824285657159
mercedes,benz s class s500l 2015,lắp ráp trong nước,sedan,số tự động,xăng,2015.0,179626.7683965918,57.0,4.7,1298.0,1227.1884976749732
toyota,camry 2.4g 2007,lắp ráp trong nước,sedan,số tự động,xăng,2007.0,198000.0,59.0,2.4,285.0,255.2666578859269
jaguar,xf prestige 2019,nhập khẩu,sedan,số tự động,xăng,2019.0,79000.0,101.0,2.0,999.0,807.2332966999843
nissan,navara el 2.3 at 2wd 2023,nhập khẩu,bán tải / pickup,số tự động,dầu,2023.0,32000.0,58.0,2.3,559.0,538.9600650287599
ford,everest titanium 2.0l 4x2 at 2020,nhập khẩu,suv,số tự động,dầu,2020.0,52000.0,58.0,2.0,855.0,854.5883538639602
bmw,4 series 430i gran coupe m sport 2022,nhập khẩu,coupe,số tự động,xăng,2022.0,15000.0,62.0,2.0,1979.0,2009.4833420845737
kia,rondo gat deluxe 2020,lắp ráp trong nước,suv,số tự động,xăng,2020.0,24000.0,64.0,2.0,448.0,441.0188202268213
lexus,rx 450h 2010,nhập khẩu,suv,số tự động,hybrid,2010.0,179626.7683965918,58.0,3.5,790.0,821.963266547504
isuzu,mu,nhập khẩu,suv,số tự động,dầu,2019.0,40000.0,57.0,1.9,1.0,1.351048801575216
lexus,gx 460 2010,nhập khẩu,suv,số tự động,xăng,2010.0,90000.0,64.0,4.6,1200.0,1209.7653509666866
ford,focus 1.8 at 2010,lắp ráp trong nước,hatchback,số tự động,xăng,2010.0,150000.0,57.0,1.8,145.0,218.81888083492203
hyundai,tucson 2.0 at crdi 2018,lắp ráp trong nước,crossover,số tự động,dầu,2018.0,60000.0,58.0,2.0,625.0,602.9678294215023
hyundai,accent 1.4 at 2022,lắp ráp trong nước,sedan,số tự động,xăng,2022.0,65000.0,57.0,1.4,428.0,417.16017170251786
honda,city 1.5 2017,lắp ráp trong nước,sedan,số tự động,xăng,2017.0,70000.0,77.0,1.5,325.0,358.83304464580505
mg,5 luxury 1.5 at 2022,nhập khẩu,sedan,số tự động,xăng,2022.0,66000.0,70.0,1.5,378.0,399.2467673469173
mercedes,benz c class c200 2016,lắp ráp trong nước,sedan,số tự động,xăng,2016.0,69000.0,57.0,2.0,579.0,578.7617935280738
hyundai,accent 1.4 at đặc biệt 2022,lắp ráp trong nước,sedan,số tự động,xăng,2022.0,3.0,77.0,1.4,455.0,443.1196284308786
ford,ranger wildtrak 2.0l 4x4 at 2022,lắp ráp trong nước,bán tải / pickup,số tự động,dầu,2022.0,179626.7683965918,59.0,2.0,805.0,760.3380917468296
audi,a3 1.4 at 2011,nhập khẩu,hatchback,số tự động,xăng,2011.0,45000.0,57.0,1.4,538.0,375.18909561354656
kia,opirus 3.5 at 2009,nhập khẩu,sedan,số tự động,xăng,2009.0,179626.7683965918,68.0,3.5,535.0,282.7230622011367
toyota,vios 1.5e cvt 2018,lắp ráp trong nước,sedan,số tự động,xăng,2018.0,80000.0,57.0,1.5,293.0,344.73430683065305
bmw,5 series 520i luxury line 2022,lắp ráp trong nước,sedan,số tự động,xăng,2022.0,23000.0,58.0,2.0,1579.0,1593.556144816818
hyundai,elantra 1.6 at đặc biệt 2023,lắp ráp trong nước,sedan,số tự động,xăng,2023.0,18000.0,59.0,1.6,600.0,583.607444160004
mazda,cx8 premium awd 2022,lắp ráp trong nước,suv,số tự động,xăng,2022.0,70000.0,57.0,2.5,880.0,875.116275973804
honda,crv l 2019,nhập khẩu,suv,số tự động,xăng,2019.0,50000.0,57.0,1.5,733.0,759.6169757681669
kenbo,2023,lắp ráp trong nước,van/minivan,số tay,xăng,2023.0,179626.7683965918,57.0,2.097755539082448,195.0,497.84804427569367
mercedes,benz s class s450l luxury 2017,lắp ráp trong nước,sedan,số tự động,xăng,2017.0,43000.0,76.0,3.0,1880.0,1911.647555186374
audi,a6 1.8 tfsi 2017,nhập khẩu,sedan,số tự động,xăng,2017.0,75000.0,89.0,1.8,869.0,777.2964681313398
ford,focus 1.8 mt 2011,lắp ráp trong nước,sedan,số tay,xăng,2011.0,179626.7683965918,90.0,1.8,135.0,152.38784505292213
toyota,prado vx 4.0 at 2007,nhập khẩu,suv,số tự động,xăng,2007.0,179626.7683965918,57.0,4.0,565.0,527.892293420436
mitsubishi,outlander premium 2.0 cvt 2022,lắp ráp trong nước,suv,số tự động,xăng,2022.0,38000.0,58.0,2.0,735.0,751.3298167280511
toyota,camry 2.0e 2016,lắp ráp trong nước,sedan,số tự động,xăng,2016.0,90000.0,57.0,2.0,535.0,528.1247462373155
ford,everest titanium 2.0l 4x2 at 2022,nhập khẩu,suv,số tự động,dầu,2022.0,27000.0,57.0,2.0,1130.0,1078.6648570148818
mitsubishi,xpander cross 1.5 at 2025,nhập khẩu,suv,số tự động,xăng,2025.0,4000.0,57.0,1.5,655.0,672.7208335690352
mercedes,benz s class s450l 2018,lắp ráp trong nước,sedan,số tự động,xăng,2018.0,60000.0,57.0,3.0,1755.0,1919.0423578496045
kia,morning deluxe 2021,lắp ráp trong nước,hatchback,số tự động,xăng,2021.0,50000.0,84.0,1.25,312.0,310.7273937094047
toyota,fortuner 2.7v 4x4 at 2011,lắp ráp trong nước,suv,số tự động,xăng,2011.0,179626.7683965918,57.0,2.7,319.0,319.2216049136327
volvo,xc60 inscription b6 awd 2022,nhập khẩu,suv,số tự động,xăng,2022.0,31000.0,57.0,2.0,1850.0,1823.2010791420364
mazda,2 sport luxury 2019,nhập khẩu,hatchback,số tự động,xăng,2019.0,89000.0,57.0,1.5,368.0,369.08298816228773
toyota,corolla cross 1.8v 2023,nhập khẩu,suv,số tự động,xăng,2023.0,45000.0,57.0,1.8,745.0,741.1343040970207
lexus,nx 300 2017,nhập khẩu,suv,số tự động,xăng,2017.0,66000.0,57.0,2.0,1579.0,1568.6379501726503
hyundai,santafe cao cấp 2.5l htrac 2024,lắp ráp trong nước,suv,số tự động,xăng,2024.0,6000.0,57.0,2.5,1220.0,1198.7481720003861
mazda,cx5 2.0 deluxe 2020,lắp ráp trong nước,suv,số tự động,xăng,2020.0,31000.0,57.0,2.0,630.0,633.3077692926244
mercedes,benz c class c200 exclusive 2021,lắp ráp trong nước,sedan,số tự động,xăng,2021.0,32000.0,57.0,1.5,999.0,1011.9480461377321
lexus,rc 200t 2016,nhập khẩu,coupe,số tự động,xăng,2016.0,79000.0,58.0,2.0,1399.0,1388.4056432393058
mitsubishi,triton 4x4 mt 2017,nhập khẩu,bán tải / pickup,số tay,dầu,2017.0,120000.0,57.0,2.5,392.0,280.83549989422005
bmw,3 series 320i 2015,nhập khẩu,sedan,số tự động,xăng,2015.0,93000.0,84.0,2.0,515.0,511.1354912678467
hyundai,accent 1.4 at 2022,lắp ráp trong nước,sedan,số tự động,xăng,2022.0,48000.0,57.0,1.4,415.0,417.77596066855995
bmw,x3 sdrive20i 2024,lắp ráp trong nước,suv,số tự động,xăng,2024.0,8000.0,57.0,2.0,1585.0,1623.4392394261122
toyota,fortuner 2.4g 4x2 at 2019,lắp ráp trong nước,suv,số tự động,dầu,2019.0,53800.0,57.0,2.4,800.0,780.213452601614
mazda,cx3 luxury 1.5 at 2022,nhập khẩu,crossover,số tự động,xăng,2022.0,52000.0,57.0,1.5,540.0,531.3158882079814
ford,focus s 2.0 at 2013,lắp ráp trong nước,hatchback,số tự động,xăng,2013.0,89000.0,59.0,2.0,338.0,335.9159158008297
kia,soul 2.0 at 2014,nhập khẩu,suv,số tự động,xăng,2014.0,56899.0,57.0,2.0,435.0,394.9224706487876
mercedes,benz e class e200 exclusive 2022,lắp ráp trong nước,sedan,số tự động,hybrid,2022.0,28000.0,57.0,2.0,1699.0,1774.7803438316548
bmw,7 series 740li 2017,nhập khẩu,sedan,số tự động,xăng,2017.0,56000.0,59.0,3.0,2079.0,943.6269348278845
ford,ranger wildtrak 2.0l 4x4 at 2022,lắp ráp trong nước,bán tải / pickup,số tự động,dầu,2022.0,22100.0,57.0,2.0,845.0,788.2231631553844
chevrolet,colorado ltz 2.5l 4x4 at 2019,nhập khẩu,bán tải / pickup,số tự động,dầu,2019.0,179626.7683965918,93.0,2.5,470.0,476.12699550860896
mercedes,benz e class e200 exclusive 2023,lắp ráp trong nước,sedan,số tự động,hybrid,2023.0,24.0,57.0,2.0,2159.0,2051.523406012364
toyota,vios 1.5 trd 2017,lắp ráp trong nước,sedan,số tự động,xăng,2017.0,87000.0,64.0,1.5,369.0,315.069596896606
audi,a4 1.8 tfsi 2013,nhập khẩu,sedan,số tự động,xăng,2013.0,52000.0,81.0,1.8,478.0,431.6708516059823
mazda,3 1.5 at 2017,lắp ráp trong nước,sedan,số tự động,xăng,2017.0,85000.0,70.0,1.5,388.0,384.09037049421465
mazda,6 2.5 at 2016,lắp ráp trong nước,sedan,số tự động,xăng,2016.0,179626.7683965918,57.0,2.5,368.0,382.9176836847495
ford,everest titanium 2.0l 4x2 at 2020,nhập khẩu,suv,số tự động,dầu,2020.0,60000.0,57.0,2.0,858.0,853.7705779408053
toyota,prado txl 2.7l 2014,nhập khẩu,suv,số tự động,xăng,2014.0,25.0,58.0,2.7,908.0,965.1173654337422
toyota,camry 2.5q 2020,nhập khẩu,sedan,số tự động,xăng,2020.0,101650.0,67.0,2.5,870.0,888.7550494707086
mitsubishi,xpander 1.5 at 2020,nhập khẩu,suv,số tự động,xăng,2020.0,80.0,58.0,1.5,430.0,459.97632598681184
hyundai,i10 grand 1.0 mt 2014,nhập khẩu,hatchback,số tay,xăng,2014.0,80000.0,57.0,1.0,168.0,150.72977829934803
hyundai,tucson 1.6 at turbo 2018,lắp ráp trong nước,crossover,số tự động,xăng,2018.0,83000.0,57.0,1.6,615.0,610.6262001323199
honda,crv l 2018,nhập khẩu,suv,số tự động,xăng,2018.0,130000.0,57.0,1.5,700.0,704.4915905902794
mazda,cx8 premium 2023,lắp ráp trong nước,suv,số tự động,xăng,2023.0,30000.0,57.0,2.5,920.0,904.4899444687856
mercedes,benz c class c250 2014,lắp ráp trong nước,sedan,số tự động,xăng,2014.0,90000.0,60.0,1.8,360.0,384.64581878184754
toyota,innova 2.0e 2018,lắp ráp trong nước,crossover,số tay,xăng,2018.0,179626.7683965918,57.0,2.0,435.0,411.01666708578205
hyundai,kona 2.0 ath 2020,lắp ráp trong nước,crossover,số tự động,xăng,2020.0,70000.0,64.0,2.0,450.0,484.0689643158546
ford,transit svp 2018,lắp ráp trong nước,van/minivan,số tay,dầu,2018.0,190000.0,89.0,2.4,390.0,404.50307819281375
toyota,veloz cross top 1.5 cvt 2022,nhập khẩu,suv,số tự động,xăng,2022.0,179626.7683965918,89.0,1.5,560.0,540.1927454868352
mercedes,benz c class c300 amg 2021,lắp ráp trong nước,sedan,số tự động,xăng,2021.0,9000.0,57.0,2.0,1469.0,1296.063952986183
mercedes,benz c class c300 coupe 2017,nhập khẩu,coupe,số tự động,xăng,2017.0,67000.0,60.0,2.0,1130.0,1099.7933591419396
hyundai,santafe đặc biệt 2.2l htrac 2021,lắp ráp trong nước,suv,số tự động,dầu,2021.0,20000.0,92.0,2.2,1020.0,1035.6531971104534
kia,morning 1.0 mt 2016,lắp ráp trong nước,hatchback,số tay,xăng,2016.0,85000.0,62.0,1.0,145.0,137.86444039349988
mazda,cx 30 premium 2.0 at 2022,nhập khẩu,crossover,số tự động,xăng,2022.0,70000.0,57.0,2.0,630.0,628.4170385128217
honda,city rs 1.5 at 2025,lắp ráp trong nước,sedan,số tự động,xăng,2025.0,1500.0,57.0,1.5,545.0,544.0984806734725
mazda,3 1.5l luxury 2019,lắp ráp trong nước,sedan,số tự động,xăng,2019.0,41000.0,58.0,1.5,465.0,450.96970565548315
toyota,corolla altis 1.8g at 2020,lắp ráp trong nước,sedan,số tự động,xăng,2020.0,29000.0,91.0,1.8,565.0,548.6382183060817
toyota,corolla altis 1.8g at 2009,lắp ráp trong nước,sedan,số tự động,xăng,2009.0,107000.0,57.0,1.8,280.0,262.7713059680613
toyota,innova g 2007,lắp ráp trong nước,crossover,số tay,xăng,2007.0,179626.7683965918,77.0,2.0,138.0,153.98058693732875
ford,ranger xls 2.2l 4x2 at 2019,nhập khẩu,bán tải / pickup,số tự động,dầu,2019.0,130000.0,57.0,2.2,505.0,506.0409340519496
hyundai,veloster 1.6 at gdi 2011,nhập khẩu,hatchback,số tự động,xăng,2011.0,85000.0,62.0,1.6,295.0,292.9158034991384
suzuki,swift 1.4 at 2014,lắp ráp trong nước,hatchback,số tự động,xăng,2014.0,179626.7683965918,57.0,1.4,255.0,243.71647786512472
mercedes,benz gls 400 4matic 2016,nhập khẩu,suv,số tự động,xăng,2016.0,179626.7683965918,58.0,3.0,1539.0,1514.5896341352336
ford,ecosport titanium 1.5l at 2015,lắp ráp trong nước,suv,số tự động,xăng,2015.0,179626.7683965918,92.0,1.5,280.0,278.7551360976582
mitsubishi,xpander 1.5 mt 2021,nhập khẩu,suv,số tay,xăng,2021.0,86088.0,58.0,1.5,435.0,432.23253052229586
daewoo,lacetti ex 2010,lắp ráp trong nước,sedan,số tay,xăng,2010.0,179626.7683965918,57.0,1.6,115.0,97.18093797989106
bmw,3 series 330i m sport 2023,lắp ráp trong nước,sedan,số tự động,xăng,2023.0,17000.0,57.0,2.0,1749.0,1673.4127901712716
ford,ranger xls 2.2l 4x2 at 2020,nhập khẩu,bán tải / pickup,số tự động,dầu,2020.0,60000.0,95.0,2.2,515.0,532.014019392062
nissan,navara el premium r 2018,nhập khẩu,bán tải / pickup,số tự động,dầu,2018.0,103000.0,70.0,2.5,400.0,417.1246547081883
mercedes,benz c class c300 amg 2024,lắp ráp trong nước,sedan,số tự động,xăng,2024.0,10.0,58.0,2.0,1750.0,1935.516241201615
vinfast,fadil 1.4 at 2020,lắp ráp trong nước,hatchback,số tự động,xăng,2020.0,40000.0,58.0,1.4,279.0,286.8935121057998
mazda,cx5 2.0 at 2014,lắp ráp trong nước,suv,số tự động,xăng,2014.0,90000.0,58.0,2.0,390.0,431.4576968758123
ford,everest titanium 2.0l 4x4 at 2019,nhập khẩu,suv,số tự động,dầu,2019.0,76000.0,57.0,2.0,815.0,863.589977708687
honda,crv l 2022,lắp ráp trong nước,suv,số tự động,xăng,2022.0,58000.0,57.0,1.5,885.0,882.4139211348887
peugeot,2008 gt line 1.2 at 2023,lắp ráp trong nước,crossover,số tự động,xăng,2023.0,30000.0,57.0,1.2,660.0,685.8955194752104
mitsubishi,triton athlete 4x2 at 2022,nhập khẩu,bán tải / pickup,số tự động,dầu,2022.0,85000.0,57.0,2.4,615.0,631.9899555043813
ford,ranger wildtrak 2.0l 4x4 at 2022,lắp ráp trong nước,bán tải / pickup,số tự động,dầu,2022.0,42000.0,106.0,2.0,745.0,764.7813353634891
vinfast,vf8 plus 2023,lắp ráp trong nước,suv,số tự động,điện,2023.0,29000.0,83.0,0.2,845.0,874.4205201907757
ford,ranger wildtrak 2.0l 4x4 at 2018,nhập khẩu,bán tải / pickup,số tự động,dầu,2018.0,97000.0,58.0,2.0,590.0,590.1070417788376
vinfast,vf8 plus awd 2023,lắp ráp trong nước,suv,số tự động,điện,2023.0,45000.0,57.0,2.097755539082448,780.0,834.1884174079112
mitsubishi,xpander premium 1.5 at 2022,nhập khẩu,suv,số tự động,xăng,2022.0,60000.0,60.0,1.5,519.0,545.1812145502356
toyota,yaris 1.5g 2016,nhập khẩu,hatchback,số tự động,xăng,2016.0,70000.0,58.0,1.5,395.0,378.8446274984823
mitsubishi,outlander 2.0 cvt 2022,lắp ráp trong nước,suv,số tự động,xăng,2022.0,13000.0,105.0,2.0,710.0,671.6743320824967
hyundai,accent 1.4 at 2020,lắp ráp trong nước,sedan,số tự động,xăng,2020.0,35000.0,85.0,1.4,380.0,378.9101113221718
mazda,3 1.5l sport premium 2021,lắp ráp trong nước,hatchback,số tự động,xăng,2021.0,18000.0,57.0,1.5,569.0,553.8971960521924
mitsubishi,outlander 2.0 cvt premium 2019,lắp ráp trong nước,suv,số tự động,xăng,2019.0,89000.0,58.0,2.0,620.0,609.9730542148728
kia,seltos luxury 1.4 at 2023,lắp ráp trong nước,crossover,số tự động,xăng,2023.0,20000.0,57.0,1.4,605.0,626.118055158393
kia,cerato 1.6 at luxury 2021,lắp ráp trong nước,sedan,số tự động,xăng,2021.0,59000.0,60.0,1.6,508.0,495.83525899648487
toyota,land cruiser vxr 4.2 at 2007,nhập khẩu,suv,số tự động,dầu,2007.0,179626.7683965918,57.0,4.2,850.0,570.9884689968178
vinfast,fadil tiêu chuẩn 1.4 at 2022,lắp ráp trong nước,hatchback,số tự động,xăng,2022.0,53000.0,70.0,1.4,318.0,321.7976497033245
nissan,sunny xv premium s 2017,lắp ráp trong nước,sedan,số tự động,xăng,2017.0,55000.0,57.0,1.5,288.0,269.93763080019545
mercedes,benz glc 200 2021,lắp ráp trong nước,suv,số tự động,xăng,2021.0,27000.0,71.0,2.0,1299.0,1272.9156233924482
mercedes,benz s class s400l 2016,lắp ráp trong nước,sedan,số tự động,xăng,2016.0,110000.0,58.0,3.0,1290.0,1292.7417670472942
kia,carens crdi 2.0 mt 2007,nhập khẩu,crossover,số tay,dầu,2007.0,209431.0,63.0,2.0,205.0,121.33021939268063
mercedes,benz e class e300 amg 2019,lắp ráp trong nước,sedan,số tự động,xăng,2019.0,40000.0,57.0,2.0,1366.0,1322.3153639571078
toyota,innova cross hev 2.0 cvt 2024,nhập khẩu,crossover,số tự động,hybrid,2024.0,1900.0,57.0,2.0,1035.0,1007.5210021022893
mercedes,benz s class s400l 2017,lắp ráp trong nước,sedan,số tự động,xăng,2017.0,60000.0,60.0,3.0,1499.0,1353.7804236728496
ford,ranger xls 2.2l 4x2 at 2020,nhập khẩu,bán tải / pickup,số tự động,dầu,2020.0,79000.0,58.0,2.2,555.0,536.2929869954053
hyundai,tucson 2.0 at crdi 2018,lắp ráp trong nước,crossover,số tự động,dầu,2018.0,86523.0,58.0,2.0,560.0,600.7032935374958
hyundai,i10 grand 1.2 at 2016,nhập khẩu,sedan,số tự động,xăng,2016.0,90.0,57.0,1.25,280.0,270.27345048171
mazda,3 1.5l luxury 2022,lắp ráp trong nước,sedan,số tự động,xăng,2022.0,37000.0,65.0,1.5,565.0,554.6799189142002
mazda,6 2.0 at 2016,lắp ráp trong nước,sedan,số tự động,xăng,2016.0,37000.0,57.0,2.0,438.0,408.3984055917968
mazda,2 s 2013,lắp ráp trong nước,hatchback,số tự động,xăng,2013.0,90000.0,59.0,1.5,228.0,236.7570140818642
honda,city 1.5top 2020,lắp ráp trong nước,sedan,số tự động,xăng,2020.0,40000.0,57.0,1.5,425.0,408.5472943960196
hyundai,santafe cao cấp 2.2l htrac 2022,lắp ráp trong nước,suv,số tự động,dầu,2022.0,70000.0,57.0,2.2,1120.0,1129.5043185654192
ford,ranger wildtrak 2.0l 4x4 at 2019,nhập khẩu,bán tải / pickup,số tự động,dầu,2019.0,68000.0,90.0,2.0,675.0,612.1167716273239
mazda,cx5 2.5 at 2wd 2018,lắp ráp trong nước,suv,số tự động,xăng,2018.0,36000.0,92.0,2.5,600.0,580.7828640985359
mazda,2 sport luxury 2019,nhập khẩu,hatchback,số tự động,xăng,2019.0,70000.0,57.0,1.5,368.0,369.4575044554015
hyundai,accent 1.4 at đặc biệt 2022,lắp ráp trong nước,sedan,số tự động,xăng,2022.0,70000.0,57.0,1.4,425.0,441.8842676132292
toyota,yaris 1.5g 2017,nhập khẩu,hatchback,số tự động,xăng,2017.0,31695.0,58.0,1.5,420.0,398.48859373711844
mazda,cx5 2.0 at 2017,lắp ráp trong nước,suv,số tự động,xăng,2017.0,179626.7683965918,57.0,2.0,495.0,494.03822987992646
honda,hrv rs 2023,nhập khẩu,crossover,số tự động,xăng,2023.0,20000.0,57.0,1.5,785.0,763.7957851874885
mitsubishi,attrage premium 1.2 cvt 2024,nhập khẩu,sedan,số tự động,xăng,2024.0,179626.7683965918,77.0,1.2,430.0,419.6368818815288
vinfast,fadil tiêu chuẩn 1.4 at 2022,lắp ráp trong nước,hatchback,số tự động,xăng,2022.0,41000.0,58.0,1.4,298.0,320.95315004550207
suzuki,swift 1.4 at 2015,lắp ráp trong nước,hatchback,số tự động,xăng,2015.0,100000.0,57.0,1.4,275.0,201.71037537376404
mg,rx5 1.5t lux 2024,nhập khẩu,crossover,số tự động,xăng,2024.0,1000.0,58.0,1.5,670.0,675.1231318948329
mazda,cx5 2.5 at awd 2017,lắp ráp trong nước,suv,số tự động,xăng,2017.0,10000.0,61.0,2.5,510.0,499.70333732138374
mitsubishi,pajero sport g 4x2 at 2015,lắp ráp trong nước,suv,số tự động,xăng,2015.0,90000.0,57.0,3.0,350.0,360.5546430313521
peugeot,3008 1.6 at 2018,lắp ráp trong nước,crossover,số tự động,xăng,2018.0,100000.0,58.0,1.6,545.0,563.1138153728335
kia,carnival gs 2.5 at 2009,lắp ráp trong nước,van/minivan,số tự động,xăng,2009.0,81000.0,69.0,2.5,149.0,165.3995005462884
mini,cooper s 5dr 2016,nhập khẩu,hatchback,số tự động,xăng,2016.0,86000.0,59.0,2.0,750.0,725.2765775142514
dodge,journey r/t 2.7 v6 2008,nhập khẩu,suv,số tự động,xăng,2008.0,128000.0,58.0,2.7,365.0,199.2413947419965
ford,ranger xls 2.2l 4x2 at 2019,nhập khẩu,bán tải / pickup,số tự động,dầu,2019.0,107000.0,58.0,2.2,499.0,508.70935477646293
audi,q5 2.0 at 2016,nhập khẩu,suv,số tự động,xăng,2016.0,66000.0,57.0,2.0,685.0,763.6802984070173
hyundai,genesis 2.0 at 2010,nhập khẩu,coupe,số tự động,xăng,2010.0,120000.0,57.0,2.0,305.0,258.96956197010167
chevrolet,cruze lt 1.6l 2017,lắp ráp trong nước,sedan,số tay,xăng,2017.0,25000.0,57.0,1.6,259.0,259.8236044119779
hyundai,accent 1.4 at đặc biệt 2023,lắp ráp trong nước,sedan,số tự động,xăng,2023.0,26000.0,57.0,1.4,470.0,466.69197362531037
nissan,navara vl 2.5 at 4wd 2015,nhập khẩu,bán tải / pickup,số tự động,dầu,2015.0,140000.0,57.0,2.5,405.0,388.536607018457
hyundai,accent 1.4 mt 2021,lắp ráp trong nước,sedan,số tay,xăng,2021.0,69000.0,67.0,1.4,342.0,347.601406154449
mercedes,benz c class c200 2012,lắp ráp trong nước,sedan,số tự động,xăng,2012.0,179626.7683965918,61.0,1.8,265.0,267.06281289610445
bentley,flying spur speed 2011,nhập khẩu,sedan,số tự động,xăng,2011.0,80000.0,74.0,6.0,1980.0,1143.5963070508199
ford,fiesta s 1.6 at 2012,lắp ráp trong nước,hatchback,số tự động,xăng,2012.0,120000.0,67.0,1.6,169.0,205.26943174831456
toyota,corolla cross 1.8v 2021,nhập khẩu,suv,số tự động,xăng,2021.0,50000.0,58.0,1.8,685.0,685.265640719036
mercedes,benz e class e250 2017,lắp ráp trong nước,sedan,số tự động,xăng,2017.0,179626.7683965918,57.0,2.0,888.0,853.5817032515934
hyundai,accent 1.4 at đặc biệt 2023,lắp ráp trong nước,sedan,số tự động,xăng,2023.0,30000.0,61.0,1.4,470.0,467.69215798029285
chevrolet,spark lt 0.8 at 2009,lắp ráp trong nước,hatchback,số tự động,xăng,2009.0,50000.0,57.0,0.8,67.0,90.52384897631903
honda,hrv rs 2023,nhập khẩu,crossover,số tự động,xăng,2023.0,179626.7683965918,58.0,1.5,789.0,734.1182009436119
hyundai,santafe tiêu chuẩn 2.2l 2022,lắp ráp trong nước,suv,số tự động,dầu,2022.0,59000.0,59.0,2.2,969.0,972.7247822125105
hyundai,santafe premium 2.2l htrac 2020,lắp ráp trong nước,suv,số tự động,dầu,2020.0,55368.0,57.0,2.2,750.0,870.6134221323529
toyota,prado vx 2.7l 2020,nhập khẩu,suv,số tự động,xăng,2020.0,66000.0,57.0,2.7,2160.0,2115.346744674614
toyota,innova e 2.0 mt 2021,lắp ráp trong nước,crossover,số tay,xăng,2021.0,179626.7683965918,62.0,2.0,495.0,507.6486835618417
ford,everest 2.5l 4x2 at 2014,lắp ráp trong nước,suv,số tự động,dầu,2014.0,96000.0,107.0,2.5,430.0,389.6044667152267
mercedes,benz glc 300 4matic 2023,lắp ráp trong nước,suv,số tự động,xăng,2023.0,1500.0,58.0,2.0,2290.0,2225.104535929173
ford,transit tiêu chuẩn 2024,lắp ráp trong nước,van/minivan,số tay,dầu,2024.0,179626.7683965918,61.0,2.2,710.0,714.7356212987506
mercedes,benz glc 250 4matic 2016,lắp ráp trong nước,suv,số tự động,xăng,2016.0,90000.0,57.0,2.0,790.0,768.0019869780467
mini,cooper s 5 door 2025,nhập khẩu,hatchback,số tự động,xăng,2025.0,99.0,58.0,2.0,1979.0,1218.0816114492109
toyota,vios e 1.5 mt 2022,lắp ráp trong nước,sedan,số tay,xăng,2022.0,58000.0,57.0,1.5,338.0,355.6316520332231
kia,rio 1.4 mt 2014,nhập khẩu,sedan,số tay,xăng,2014.0,126.0,58.0,1.4,210.0,165.6232114101458
hyundai,grand starex van 2.4 mt 2013,nhập khẩu,van/minivan,số tay,xăng,2013.0,120000.0,59.0,2.4,290.0,286.93720506557787
mitsubishi,xpander 1.5 at 2020,nhập khẩu,suv,số tự động,xăng,2020.0,76000.0,58.0,1.5,468.0,458.28818979110497
ford,ranger wildtrak 2.0l 4x4 at 2021,nhập khẩu,bán tải / pickup,số tự động,dầu,2021.0,70000.0,57.0,2.0,675.0,702.6310799470533
hyundai,elantra 2.0 at 2021,lắp ráp trong nước,sedan,số tự động,xăng,2021.0,51000.0,58.0,2.0,519.0,503.6351764645162
mazda,2 luxury 2019,nhập khẩu,sedan,số tự động,xăng,2019.0,77000.0,61.0,1.5,375.0,387.6125889807977
ford,ecosport titanium 1.5l at 2018,lắp ráp trong nước,suv,số tự động,xăng,2018.0,72000.0,57.0,1.5,390.0,377.51682933952486
hyundai,accent 1.4 at đặc biệt 2022,lắp ráp trong nước,sedan,số tự động,xăng,2022.0,60000.0,57.0,1.4,455.0,442.53314122824634
mazda,cx5 2.5 at 2wd 2018,lắp ráp trong nước,suv,số tự động,xăng,2018.0,80000.0,61.0,2.5,585.0,583.3479194315956
ford,everest titanium 2.0l 4x2 at 2022,nhập khẩu,suv,số tự động,dầu,2022.0,23000.0,62.0,2.0,975.0,1080.8080679504258
toyota,corolla cross 1.8g 2023,nhập khẩu,suv,số tự động,xăng,2023.0,18000.0,58.0,1.8,699.0,698.0550132880334
nissan,navara el 2.5 at 2wd 2018,nhập khẩu,bán tải / pickup,số tự động,dầu,2018.0,179626.7683965918,57.0,2.5,400.0,391.1381943015441
mercedes,benz s class s500l 2014,lắp ráp trong nước,sedan,số tự động,xăng,2014.0,145000.0,58.0,4.7,1268.0,1116.7782331121355
mercedes,benz glc 200 4matic 2019,lắp ráp trong nước,suv,số tự động,xăng,2019.0,86000.0,98.0,2.0,1200.0,1184.256774719948
kia,carnival signature 3.5g 2021,lắp ráp trong nước,van/minivan,số tự động,xăng,2021.0,70000.0,71.0,3.5,1100.0,1128.9928270620846
ford,ranger xls 2.2l 4x2 mt 2015,nhập khẩu,bán tải / pickup,số tay,dầu,2015.0,179626.7683965918,73.0,2.2,290.0,312.939031353279
kia,sedona 2.2 dat luxury 2019,lắp ráp trong nước,van/minivan,số tự động,dầu,2019.0,86000.0,57.0,2.2,789.0,767.1072656549882
mercedes,benz e class e200 edition 2015,lắp ráp trong nước,sedan,số tự động,xăng,2015.0,140000.0,83.0,2.0,565.0,527.0066832415612
bmw,7 series 750li 2011,nhập khẩu,sedan,số tự động,xăng,2011.0,179626.7683965918,67.0,4.4,680.0,874.8264668790375
lexus,rx 350 2016,nhập khẩu,suv,số tự động,xăng,2016.0,100000.0,58.0,3.5,2090.0,1984.9957303552555
kia,carnival signature 2.2d 2023,lắp ráp trong nước,van/minivan,số tự động,dầu,2023.0,40000.0,60.0,2.2,1275.0,1291.5583803788713
lexus,nx 200t 2015,nhập khẩu,suv,số tự động,xăng,2015.0,179626.7683965918,57.0,2.0,1060.0,1044.0052629684487
volvo,s90 inscription t6 2020,nhập khẩu,sedan,số tự động,xăng,2020.0,34000.0,57.0,2.0,1399.0,1413.9624256626848
ford,everest titanium 2.0l 4x4 at 2022,nhập khẩu,suv,số tự động,dầu,2022.0,98000.0,57.0,2.0,940.0,1003.688537437806
lexus,rx 350 awd 2010,nhập khẩu,suv,số tự động,xăng,2010.0,13000.0,57.0,3.5,780.0,807.6204518367472
kia,sonet premium 1.5 at 2023,lắp ráp trong nước,crossover,số tự động,xăng,2023.0,20000.0,57.0,1.5,540.0,565.684353230889
mercedes,benz c class c200 exclusive 2019,lắp ráp trong nước,sedan,số tự động,xăng,2019.0,60000.0,60.0,1.5,960.0,846.5350321642793
mazda,cx5 premium 2.0 at 2022,lắp ráp trong nước,suv,số tự động,xăng,2022.0,30000.0,57.0,2.0,715.0,711.801842809065
ford,transit luxury 2019,lắp ráp trong nước,van/minivan,số tay,dầu,2019.0,89000.0,88.0,2.4,435.0,489.60752037339375
vinfast,vf3 plus 2024,lắp ráp trong nước,hatchback,số tự động,điện,2024.0,10000.0,57.0,2.097755539082448,235.0,231.23806276330382
mitsubishi,triton athlete 4x2 at 2022,nhập khẩu,bán tải / pickup,số tự động,dầu,2022.0,54000.0,57.0,2.4,638.0,634.1827412301427
honda,crv l 2025,lắp ráp trong nước,suv,số tự động,xăng,2025.0,11000.0,57.0,1.5,1089.0,1077.3053864678977
mercedes,benz c class c200 2018,lắp ráp trong nước,sedan,số tự động,hybrid,2018.0,44000.0,58.0,1.5,789.0,665.4498989715928
ford,everest titanium 2.0l 4x4 at 2022,nhập khẩu,suv,số tự động,dầu,2022.0,40900.0,59.0,2.0,1015.0,1013.2751711997407
mitsubishi,triton athlete 4x2 at 2022,nhập khẩu,bán tải / pickup,số tự động,dầu,2022.0,71000.0,57.0,2.4,615.0,633.2347751545592
bmw,x4 xdrive20i m sport 2020,nhập khẩu,suv,số tự động,xăng,2020.0,63000.0,57.0,2.0,1790.0,1812.299705400054
ford,ranger wildtrak 3.2l 4x4 at 2015,nhập khẩu,bán tải / pickup,số tự động,dầu,2015.0,100000.0,57.0,3.2,495.0,469.241530538846
toyota,innova cross 2.0 cvt 2025,nhập khẩu,crossover,số tự động,xăng,2025.0,1052.0,57.0,2.0,835.0,866.4433507684452
suzuki,swift special 2016,lắp ráp trong nước,hatchback,số tự động,xăng,2016.0,80000.0,57.0,1.4,295.0,293.28414090688915
hyundai,accent 1.4 ath 2018,lắp ráp trong nước,sedan,số tự động,xăng,2018.0,66121.0,74.0,1.4,379.0,362.6791658832012
toyota,camry le 2.4 2007,nhập khẩu,sedan,số tự động,xăng,2007.0,179626.7683965918,57.0,2.4,268.0,288.64620367961004
mazda,2 deluxe 2021,nhập khẩu,sedan,số tự động,xăng,2021.0,48000.0,57.0,1.5,362.0,449.6633608934901
honda,brio g 2019,nhập khẩu,hatchback,số tự động,xăng,2019.0,179626.7683965918,57.0,1.2,315.0,374.071657207283
mercedes,benz glc 200 2019,lắp ráp trong nước,suv,số tự động,xăng,2019.0,46000.0,57.0,2.0,988.0,986.2910803028286
ford,ranger wildtrak 3.2l 4x4 at 2016,nhập khẩu,bán tải / pickup,số tự động,dầu,2016.0,140000.0,104.0,3.2,470.0,481.5279334285417
mercedes,benz c class c200 avantgarde 2022,lắp ráp trong nước,sedan,số tự động,xăng,2022.0,5900.0,68.0,1.5,1279.0,1293.7128007251026
hyundai,i10 1.2 at 2023,lắp ráp trong nước,sedan,số tự động,xăng,2023.0,53000.0,57.0,1.25,378.0,371.56397276456767
ford,ranger wildtrak 2.0l 4x4 at 2021,nhập khẩu,bán tải / pickup,số tự động,dầu,2021.0,62000.0,57.0,2.0,730.0,702.6920720124889
toyota,innova g 2011,lắp ráp trong nước,crossover,số tay,xăng,2011.0,179626.7683965918,96.0,2.0,189.0,211.6136539531551
toyota,raize g 1.0 cvt 2024,nhập khẩu,suv,số tự động,xăng,2024.0,15000.0,59.0,1.0,499.0,505.5005047037234
ford,ranger raptor 2.0l 4x4 at 2021,nhập khẩu,bán tải / pickup,số tự động,dầu,2021.0,100.0,69.0,2.0,955.0,978.7851731491917
kia,sorento signature 2.2 at awd 2022,lắp ráp trong nước,suv,số tự động,dầu,2022.0,50000.0,59.0,2.2,945.0,980.2592284877257
mazda,6 2.0l premium 2017,lắp ráp trong nước,sedan,số tự động,xăng,2017.0,85000.0,57.0,2.0,475.0,460.70401212006925
nissan,sunny xv premium 2020,lắp ráp trong nước,sedan,số tự động,xăng,2020.0,70000.0,57.0,1.5,345.0,343.4614301927553
kia,optima 2.0 at 2014,nhập khẩu,sedan,số tự động,xăng,2014.0,90000.0,60.0,2.0,375.0,384.69806759159167
kia,morning van 1.0 at 2012,nhập khẩu,van/minivan,số tự động,xăng,2012.0,179626.7683965918,94.0,1.0,152.0,129.6780358994595
lexus,gx 470 2007,nhập khẩu,suv,số tự động,xăng,2007.0,130000.0,88.0,4.7,645.0,612.6281669089067
mercedes,benz glc 300 4matic 2017,lắp ráp trong nước,suv,số tự động,xăng,2017.0,95000.0,77.0,2.0,959.0,925.3831180798072
mazda,cx5 2.5 at 2016,lắp ráp trong nước,suv,số tự động,xăng,2016.0,38000.0,57.0,2.5,510.0,480.5641923948675
toyota,yaris cross 1.5 d,nhập khẩu,suv,số tự động,xăng,2024.0,5000.0,60.0,1.5,2024.0,2014.5074903559769
audi,q5 2.0 at 2018,nhập khẩu,suv,số tự động,xăng,2018.0,65000.0,85.0,2.0,1296.0,1287.693048827616
ford,ranger xls 2.0l 4x4 at 2024,lắp ráp trong nước,bán tải / pickup,số tự động,dầu,2024.0,30000.0,57.0,2.0,700.0,723.8995054631705
kia,sportage signature 1.6t awd 2022,lắp ráp trong nước,crossover,số tự động,xăng,2022.0,21000.0,57.0,1.6,860.0,874.9071506650567
bmw,3 series 320i 2014,nhập khẩu,sedan,số tự động,xăng,2014.0,100000.0,57.0,2.0,459.0,442.5942539260575
ford,ranger xls 2.0l 4x2 at 2024,lắp ráp trong nước,bán tải / pickup,số tự động,dầu,2024.0,53000.0,61.0,2.0,663.0,667.8485050147597
mercedes,benz glb 35 4matic 2021,nhập khẩu,suv,số tự động,xăng,2021.0,54000.0,57.0,2.0,1499.0,1499.9981549889826
honda,crv 2.4 at,lắp ráp trong nước,suv,số tự động,xăng,2016.0,93000.0,57.0,2.4,2016.0,1938.5915072723876
kia,seltos premium 1.5 at 2025,lắp ráp trong nước,crossover,số tự động,xăng,2025.0,2600.0,57.0,1.5,735.0,728.3939596986884
suzuki,swift glx 1.2 at 2022,nhập khẩu,hatchback,số tự động,xăng,2022.0,42000.0,99.0,1.2,519.0,491.2849737356991
kia,seltos premium 1.4 at 2020,lắp ráp trong nước,crossover,số tự động,xăng,2020.0,179626.7683965918,57.0,1.4,529.0,541.3096364716109
kia,k3 1.6 at 2015,lắp ráp trong nước,sedan,số tự động,xăng,2015.0,179626.7683965918,89.0,1.6,315.0,315.1418350956439
toyota,prado txl 2.7l 2014,nhập khẩu,suv,số tự động,xăng,2014.0,120000.0,57.0,2.7,960.0,952.6607906926704
kia,seltos luxury 1.4 at 2022,lắp ráp trong nước,crossover,số tự động,xăng,2022.0,32000.0,57.0,1.4,579.0,576.7760536876995
vinfast,vf8 plus awd 2025,lắp ráp trong nước,suv,số tự động,điện,2025.0,9000.0,57.0,2.097755539082448,960.0,765.493794657134
honda,crv l 2018,nhập khẩu,suv,số tự động,xăng,2018.0,98000.0,57.0,1.5,690.0,711.9841692822313
hyundai,santafe cao cấp 2.2l htrac 2022,lắp ráp trong nước,suv,số tự động,dầu,2022.0,70000.0,57.0,2.2,1165.0,1129.5043185654192
mercedes,benz c class c200 2019,lắp ráp trong nước,sedan,số tự động,xăng,2019.0,48000.0,57.0,1.5,860.0,810.0716697871715
hyundai,accent 1.4 at 2023,lắp ráp trong nước,sedan,số tự động,xăng,2023.0,21000.0,67.0,1.4,445.0,446.84596717710923
hyundai,accent 1.4 at 2022,lắp ráp trong nước,sedan,số tự động,xăng,2022.0,40000.0,58.0,1.4,429.0,418.1239045174531
mg,rx5 1.5t std 2023,nhập khẩu,crossover,số tự động,xăng,2023.0,7400.0,57.0,1.5,545.0,380.3502128103348
mercedes,benz gl 400 4matic 2015,nhập khẩu,suv,số tự động,xăng,2015.0,95886.0,78.0,3.0,985.0,992.9645132206662
ford,everest titanium 2.0l 4x2 at 2025,nhập khẩu,suv,số tự động,dầu,2025.0,900.0,57.0,2.0,1289.0,1325.9110346832856
mazda,3 s 1.6 at 2014,lắp ráp trong nước,sedan,số tự động,xăng,2014.0,105000.0,57.0,1.6,299.0,289.2294472197516
kia,k3 premium 1.6 at 2023,lắp ráp trong nước,sedan,số tự động,xăng,2023.0,30000.0,57.0,1.6,575.0,361.0931723015565
toyota,vios 1.5e mt 2019,lắp ráp trong nước,sedan,số tay,xăng,2019.0,70000.0,100.0,1.5,315.0,294.68189241297875
toyota,fortuner 2.4g 4x2 at 2019,lắp ráp trong nước,suv,số tự động,dầu,2019.0,100000.0,84.0,2.4,810.0,776.1112317834754
honda,crv 2.4 at 2013,lắp ráp trong nước,suv,số tự động,xăng,2013.0,60000.0,58.0,2.4,425.0,423.88312266701973
mercedes,benz c class c300 amg 2016,lắp ráp trong nước,sedan,số tự động,xăng,2016.0,68000.0,58.0,2.0,699.0,674.6363777737986
hyundai,tucson 2.0 at 2020,lắp ráp trong nước,crossover,số tự động,xăng,2020.0,78000.0,58.0,2.0,518.0,609.24699987815
lexus,rx 350 awd 2009,nhập khẩu,suv,số tự động,xăng,2009.0,122000.0,87.0,3.5,650.0,713.7057744514535
lexus,rx 200t 2016,nhập khẩu,suv,số tự động,xăng,2016.0,130000.0,62.0,2.0,1690.0,1688.5482974072954
toyota,vios e 1.5 mt 2023,lắp ráp trong nước,sedan,số tay,xăng,2023.0,14000.0,58.0,1.5,395.0,393.24429743789267
kia,cerato 1.6 at luxury 2020,lắp ráp trong nước,sedan,số tự động,xăng,2020.0,63000.0,58.0,1.6,458.0,464.03806761850177
renault,arkana 1.6 at 2019,nhập khẩu,crossover,số tự động,xăng,2019.0,46000.0,58.0,1.6,545.0,278.93737438825764
honda,crv 2.4 at 2015,lắp ráp trong nước,suv,số tự động,xăng,2015.0,150000.0,57.0,2.4,475.0,485.00754739523984
mercedes,benz glc 300 4matic 2021,lắp ráp trong nước,suv,số tự động,xăng,2021.0,59000.0,57.0,2.0,1599.0,1590.6389423751139
mazda,cx5 2.0 premium 2020,lắp ráp trong nước,suv,số tự động,xăng,2020.0,40000.0,57.0,2.0,680.0,684.0479630522798
mazda,cx8 premium 2022,lắp ráp trong nước,suv,số tự động,xăng,2022.0,46000.0,65.0,2.5,845.0,836.5819053609216
mazda,3 1.5l luxury 2022,lắp ráp trong nước,sedan,số tự động,xăng,2022.0,65000.0,57.0,1.5,549.0,553.2709433341522
ford,ecosport titanium 1.5l at 2019,lắp ráp trong nước,suv,số tự động,xăng,2019.0,68000.0,57.0,1.5,445.0,406.5079640227237
toyota,veloz cross 1.5 cvt 2022,nhập khẩu,suv,số tự động,xăng,2022.0,37000.0,57.0,1.5,495.0,514.9321408564978
ford,everest titanium plus 2.0l 4x4 at 2023,nhập khẩu,suv,số tự động,dầu,2023.0,46000.0,61.0,2.0,1349.0,1372.135718430792
toyota,innova g 2010,lắp ráp trong nước,crossover,số tay,xăng,2010.0,90000.0,58.0,2.0,205.0,214.29365731757096
ford,focus 1.8 at 2011,lắp ráp trong nước,hatchback,số tự động,xăng,2011.0,160000.0,99.0,1.8,230.0,174.281281074823
mercedes,benz glc 200 2018,lắp ráp trong nước,suv,số tự động,xăng,2018.0,90000.0,57.0,2.0,880.0,863.6836224477333
mazda,cx8 premium awd 2022,lắp ráp trong nước,suv,số tự động,xăng,2022.0,50000.0,57.0,2.5,880.0,875.8736881311247
toyota,fortuner 2.4g 4x2 mt 2017,nhập khẩu,suv,số tay,dầu,2017.0,140000.0,57.0,2.4,650.0,636.605678623823
jeep,wrangler sport 2.0 4x4 at 2021,nhập khẩu,suv,số tự động,xăng,2021.0,48000.0,62.0,2.0,2250.0,2251.171797744406
isuzu,mu,nhập khẩu,suv,số tự động,dầu,2018.0,104000.0,57.0,1.9,1.0,1.1734083649511473
honda,crv l 2018,nhập khẩu,suv,số tự động,xăng,2018.0,100000.0,65.0,1.5,715.0,714.7942706421353
mitsubishi,outlander 2.0 cvt 2023,lắp ráp trong nước,suv,số tự động,xăng,2023.0,179626.7683965918,57.0,2.0,735.0,704.5917596433961
kia,k3 premium 1.6 at 2022,lắp ráp trong nước,sedan,số tự động,xăng,2022.0,50000.0,60.0,1.6,565.0,546.1030211576257
porsche,macan 2.0 2015,nhập khẩu,suv,số tự động,xăng,2015.0,46000.0,74.0,2.0,1200.0,1411.3714995005614
toyota,fortuner 2.4g 4x2 mt 2019,lắp ráp trong nước,suv,số tay,dầu,2019.0,90000.0,58.0,2.4,735.0,676.1975794202931
vinfast,vf8 eco awd 2023,lắp ráp trong nước,suv,số tự động,điện,2023.0,39000.0,58.0,2.097755539082448,715.0,714.5903494271963
ford,fiesta trend 1.5 at 2014,lắp ráp trong nước,hatchback,số tự động,xăng,2014.0,83000.0,57.0,1.5,225.0,265.5507153637634
hyundai,creta đặc biệt 1.5 at 2025,lắp ráp trong nước,crossover,số tự động,xăng,2025.0,15000.0,60.0,1.5,630.0,452.71528360879086
mercedes,benz s class s450l 2019,lắp ráp trong nước,sedan,số tự động,xăng,2019.0,50000.0,57.0,3.0,2299.0,2095.0280915120707
mazda,cx8 premium 2022,lắp ráp trong nước,suv,số tự động,xăng,2022.0,46000.0,57.0,2.5,860.0,832.6628374216946
mazda,bt50 2.2l 4x2 at 2017,nhập khẩu,bán tải / pickup,số tự động,dầu,2017.0,179626.7683965918,84.0,2.2,380.0,376.46653294229566
mazda,cx8 premium 2.5 at 2025,lắp ráp trong nước,suv,số tự động,xăng,2025.0,1000.0,57.0,2.5,1029.0,1011.3410364490443
cadillac,escalade esv 6.2 v8 2007,nhập khẩu,suv,số tự động,xăng,2007.0,89800.0,59.0,6.2,390.0,725.8539297472547
mercedes,benz e class e200 2018,lắp ráp trong nước,sedan,số tự động,xăng,2018.0,55000.0,58.0,2.0,939.0,945.391644904218
toyota,fortuner 2.8v 4x4 at 2018,nhập khẩu,suv,số tự động,dầu,2018.0,96000.0,69.0,2.8,810.0,826.1669692609795
toyota,corolla altis 1.8g at 2016,lắp ráp trong nước,sedan,số tự động,xăng,2016.0,35000.0,57.0,1.8,475.0,440.17595038163427
ford,everest titanium 2.0l 4x2 at 2022,nhập khẩu,suv,số tự động,dầu,2022.0,40000.0,59.0,2.0,1150.0,1079.7271388364675
mazda,cx5 2.5 at 2wd 2018,lắp ráp trong nước,suv,số tự động,xăng,2018.0,72000.0,57.0,2.5,595.0,582.6732025677749
mercedes,benz glc 200 2020,lắp ráp trong nước,suv,số tự động,xăng,2020.0,69000.0,57.0,2.0,1099.0,1144.858622361981
hyundai,santafe slx 2009,nhập khẩu,suv,số tự động,dầu,2009.0,140000.0,70.0,2.0,350.0,348.625000798105
ford,ecosport titanium 1.5l at 2015,lắp ráp trong nước,suv,số tự động,xăng,2015.0,120000.0,57.0,1.5,295.0,286.13589905150627
hyundai,santafe cao cấp 2.5l htrac 2021,lắp ráp trong nước,suv,số tự động,xăng,2021.0,40000.0,57.0,2.5,975.0,979.6878951617299
toyota,rush 1.5s at 2020,nhập khẩu,suv,số tự động,xăng,2020.0,60000.0,77.0,1.5,450.0,500.02254428009667
kia,rio 1.4 mt 2015,nhập khẩu,sedan,số tay,xăng,2015.0,120000.0,57.0,1.4,210.0,225.96579213232803
mercedes,benz c class c250 amg 2015,lắp ráp trong nước,sedan,số tự động,xăng,2015.0,68000.0,57.0,2.0,655.0,589.1783831654253
mitsubishi,pajero sport 2.4d 4x2 at 2021,nhập khẩu,suv,số tự động,dầu,2021.0,65000.0,58.0,2.4,830.0,841.3358187702968
ford,everest 2.5l 4x2 at 2008,lắp ráp trong nước,suv,số tự động,dầu,2008.0,186000.0,57.0,2.5,210.0,339.309748190449
toyota,corolla altis 1.8e at 2020,lắp ráp trong nước,sedan,số tự động,xăng,2020.0,80000.0,57.0,1.8,519.0,533.1355580195465
mini,cooper s 5dr 2018,nhập khẩu,hatchback,số tự động,xăng,2018.0,20000.0,58.0,2.0,1090.0,1089.4972011257
mitsubishi,pajero sport 2.4d 4x2 at 2021,nhập khẩu,suv,số tự động,dầu,2021.0,60000.0,59.0,2.4,840.0,842.3062227433829
hyundai,i30 cw 1.6 at 2010,nhập khẩu,hatchback,số tự động,xăng,2010.0,88000.0,57.0,1.6,250.0,236.0070588898994
mercedes,benz e class e200 exclusive 2021,lắp ráp trong nước,sedan,số tự động,xăng,2021.0,48000.0,57.0,2.0,1510.0,1464.178977010016
ford,ranger xls 2.2l 4x2 at 2020,nhập khẩu,bán tải / pickup,số tự động,dầu,2020.0,52000.0,57.0,2.2,575.0,536.5562614557879
mazda,3 1.5 at 2018,lắp ráp trong nước,sedan,số tự động,xăng,2018.0,56000.0,60.0,1.5,448.0,423.390319180279
hyundai,i10 grand 1.2 at 2020,lắp ráp trong nước,sedan,số tự động,xăng,2020.0,53000.0,69.0,1.25,305.0,317.0147311187551
kia,cerato 2.0 at premium 2020,lắp ráp trong nước,sedan,số tự động,xăng,2020.0,76000.0,58.0,2.0,489.0,478.0386673710231
chevrolet,colorado lt 2.5l 4x2 at 2018,nhập khẩu,bán tải / pickup,số tự động,dầu,2018.0,179626.7683965918,81.0,2.5,385.0,378.0664264729604
toyota,camry 2.5g 2015,lắp ráp trong nước,sedan,số tự động,xăng,2015.0,105000.0,57.0,2.5,525.0,540.953054311984
hyundai,i10 1.2 mt 2022,lắp ráp trong nước,sedan,số tay,xăng,2022.0,63000.0,57.0,1.25,278.0,379.59400450937545
lexus,gx 460 2011,nhập khẩu,suv,số tự động,xăng,2011.0,130000.0,59.0,4.6,1380.0,1375.0908874702884
vinfast,fadil 1.4 at 2020,lắp ráp trong nước,hatchback,số tự động,xăng,2020.0,47000.0,77.0,1.4,280.0,287.31744234511626
kia,carnival signature 2.2d 2022,lắp ráp trong nước,van/minivan,số tự động,dầu,2022.0,90005.0,61.0,2.2,1180.0,1200.292262747395
ford,ranger xls 2.0l 4x2 mt 2022,lắp ráp trong nước,bán tải / pickup,số tay,dầu,2022.0,179626.7683965918,60.0,2.0,570.0,554.1050412517537
toyota,corolla altis 1.8g at 2016,lắp ráp trong nước,sedan,số tự động,xăng,2016.0,35000.0,57.0,1.8,480.0,440.17595038163427
bmw,x3 sdrive20i 2024,lắp ráp trong nước,suv,số tự động,xăng,2024.0,25000.0,65.0,2.0,1550.0,1631.5683088547391
hyundai,i10 grand 1.2 at 2017,lắp ráp trong nước,sedan,số tự động,xăng,2017.0,120000.0,99.0,1.25,265.0,272.90576999380795
mercedes,benz s class s400l 2016,lắp ráp trong nước,sedan,số tự động,xăng,2016.0,40000.0,57.0,3.0,1390.0,1301.8518201706859
chevrolet,aveo lt 1.4 mt 2017,lắp ráp trong nước,sedan,số tay,xăng,2017.0,179626.7683965918,98.0,1.4,152.0,69.63570489956766
hyundai,accent 1.4 ath 2019,lắp ráp trong nước,sedan,số tự động,xăng,2019.0,70000.0,57.0,1.4,375.0,386.36106579713083
mitsubishi,attrage premium 1.2 cvt 2021,nhập khẩu,sedan,số tự động,xăng,2021.0,60000.0,57.0,1.2,315.0,357.35680865172094
mercedes,benz e class e300 amg 2019,lắp ráp trong nước,sedan,số tự động,xăng,2019.0,48890.0,57.0,2.0,1350.0,1322.5539145147072
hyundai,accent 1.4 at đặc biệt 2022,lắp ráp trong nước,sedan,số tự động,xăng,2022.0,80000.0,57.0,1.4,435.0,441.09904582375157
mg,5 luxury 1.5 at 2022,nhập khẩu,sedan,số tự động,xăng,2022.0,28000.0,59.0,1.5,419.0,398.66537175483086
mazda,3 s 1.6 at 2014,lắp ráp trong nước,sedan,số tự động,xăng,2014.0,120000.0,58.0,1.6,270.0,288.5128154560586
mercedes,benz c class c300 amg 2022,lắp ráp trong nước,sedan,số tự động,xăng,2022.0,16000.0,60.0,2.0,1698.0,1604.9754230686478
kia,carnival signature 2.2d 2024,lắp ráp trong nước,van/minivan,số tự động,dầu,2024.0,15000.0,58.0,2.2,1333.0,1467.538455245797
ford,explorer limited 2.3l ecoboost 2022,nhập khẩu,suv,số tự động,xăng,2022.0,93000.0,57.0,2.3,1620.0,1751.706289643163
mazda,3 1.5l luxury 2019,lắp ráp trong nước,sedan,số tự động,xăng,2019.0,8.0,57.0,1.5,389.0,449.1233273662077
nissan,terra v 2.5 at 4wd 2018,nhập khẩu,suv,số tự động,xăng,2018.0,95000.0,57.0,2.5,630.0,369.9925213497464
toyota,camry 2.4g 2009,lắp ráp trong nước,sedan,số tự động,xăng,2009.0,179626.7683965918,60.0,2.4,285.0,298.9476306293129
hyundai,santafe calligraphy 2.5l turbo htrac 2025,lắp ráp trong nước,suv,số tự động,xăng,2025.0,8000.0,57.0,2.5,1220.0,1256.7445721232318
mercedes,benz gla class gla 45 s amg 4matic 2022,nhập khẩu,suv,số tự động,xăng,2022.0,30000.0,57.0,2.0,2299.0,2038.1812149877514
hyundai,accent 1.4 mt tiêu chuẩn 2021,lắp ráp trong nước,sedan,số tay,xăng,2021.0,179626.7683965918,71.0,1.4,325.0,301.22540481297534
kia,k3 premium 1.6 at 2022,lắp ráp trong nước,sedan,số tự động,xăng,2022.0,57000.0,102.0,1.6,530.0,536.1937082291859
mercedes,benz c class c200 2019,lắp ráp trong nước,sedan,số tự động,xăng,2019.0,179626.7683965918,57.0,2.0,766.0,916.6789978108405
honda,accord 1.5 at 2019,nhập khẩu,sedan,số tự động,xăng,2019.0,62000.0,59.0,1.5,660.0,707.7599287794233
mercedes,benz e class e200 2016,lắp ráp trong nước,sedan,số tự động,xăng,2016.0,90000.0,57.0,2.0,799.0,800.5225564901498
toyota,fortuner 2.5g 2014,lắp ráp trong nước,suv,số tay,dầu,2014.0,150000.0,58.0,2.5,509.0,459.1776198088069
toyota,fortuner trd sportivo 4x2 at 2016,lắp ráp trong nước,suv,số tự động,xăng,2016.0,115000.0,58.0,2.7,522.0,520.2121072605571
bmw,5 series 520i 2016,nhập khẩu,sedan,số tự động,xăng,2016.0,179626.7683965918,57.0,2.0,699.0,691.2067521934287
ford,ranger xls 2.2l 4x2 at 2019,nhập khẩu,bán tải / pickup,số tự động,dầu,2019.0,179626.7683965918,57.0,2.2,505.0,498.0262365342268
lexus,nx 300 2017,nhập khẩu,suv,số tự động,xăng,2017.0,66000.0,57.0,2.0,1579.0,1568.6379501726503
mazda,2 1.5 at 2017,lắp ráp trong nước,sedan,số tự động,xăng,2017.0,150000.0,99.0,1.5,390.0,322.55915052969135
hyundai,santafe 2.2l 4wd 2017,lắp ráp trong nước,suv,số tự động,dầu,2017.0,179626.7683965918,58.0,2.2,635.0,640.4729042097811
volvo,xc60 ultimate bright b6 awd 2022,nhập khẩu,suv,số tự động,xăng,2022.0,18000.0,58.0,2.0,1989.0,1797.748696748678
kia,sportage 2.0 at 2013,nhập khẩu,crossover,số tự động,xăng,2013.0,80000.0,58.0,2.0,369.0,219.8536800267148
ford,ranger xls 2.0l 4x2 at 2023,lắp ráp trong nước,bán tải / pickup,số tự động,dầu,2023.0,40000.0,63.0,2.0,599.0,632.2095179997538
kia,carnival signature 2.2d 2022,lắp ráp trong nước,van/minivan,số tự động,dầu,2022.0,40000.0,58.0,2.2,1185.0,1202.9363460239235
mercedes,benz c class c300 amg 2022,lắp ráp trong nước,sedan,số tự động,xăng,2022.0,20000.0,58.0,2.0,1699.0,1604.3813697388325
mazda,bt50 2.2l 4x2 at 2018,nhập khẩu,bán tải / pickup,số tự động,dầu,2018.0,179626.7683965918,57.0,2.2,390.0,391.0670053059363
vinfast,vf e34 at 2022,lắp ráp trong nước,crossover,số tự động,điện,2022.0,39000.0,57.0,0.1,455.0,336.98097446515663
toyota,innova g 2008,lắp ráp trong nước,crossover,số tay,xăng,2008.0,195000.0,60.0,2.0,180.0,182.0681808693639
ford,everest titanium 2.0l 4x2 at 2020,nhập khẩu,suv,số tự động,dầu,2020.0,80000.0,57.0,2.0,795.0,851.7698223724789
mercedes,benz c class c300 amg 2022,nhập khẩu,sedan,số tự động,xăng,2022.0,44000.0,57.0,2.0,1599.0,1760.2217646928316
mitsubishi,xpander 1.5 at 2020,nhập khẩu,suv,số tự động,xăng,2020.0,8.0,59.0,1.5,460.0,460.229233804904
mazda,cx5 2.5 at 2wd 2018,lắp ráp trong nước,suv,số tự động,xăng,2018.0,46000.0,57.0,2.5,599.0,583.5585181496843
suzuki,swift glx 1.2 at 2022,nhập khẩu,hatchback,số tự động,xăng,2022.0,20000.0,57.0,1.2,515.0,497.8291002406059
kia,morning si at 2016,lắp ráp trong nước,hatchback,số tự động,xăng,2016.0,179626.7683965918,58.0,1.25,255.0,247.36277887643885
mazda,3 1.5 at 2016,lắp ráp trong nước,sedan,số tự động,xăng,2016.0,72000.0,72.0,1.5,365.0,373.01283094954715
suzuki,super carry van blind van 2016,lắp ráp trong nước,van/minivan,số tay,xăng,2016.0,90000.0,95.0,1.0,148.0,149.71235730409632
kia,sedona 3.3 gat premium 2019,lắp ráp trong nước,van/minivan,số tự động,xăng,2019.0,60000.0,57.0,3.3,698.0,679.9651457185399
mercedes,benz s class s500l 2016,lắp ráp trong nước,sedan,số tự động,xăng,2016.0,65000.0,59.0,4.7,1199.0,1502.9971688623355
bmw,2 series 218i gran tourer 2016,nhập khẩu,crossover,số tự động,xăng,2016.0,140000.0,57.0,1.5,475.0,598.4148385255495
ford,ranger xls 2.0l 4x2 at 2022,lắp ráp trong nước,bán tải / pickup,số tự động,dầu,2022.0,57000.0,98.0,2.0,609.0,611.2886051186885
hyundai,santafe cao cấp 2.2l htrac 2024,lắp ráp trong nước,suv,số tự động,dầu,2024.0,13000.0,63.0,2.2,1310.0,1325.164297873584
hyundai,santafe premium 2.4l htrac 2020,lắp ráp trong nước,suv,số tự động,xăng,2020.0,37000.0,57.0,2.4,800.0,815.2971983464479
nissan,teana 2.0 at 2010,nhập khẩu,sedan,số tự động,xăng,2010.0,120000.0,57.0,2.0,210.0,243.99818351559793
vinfast,vf3 plus 2024,lắp ráp trong nước,hatchback,số tự động,điện,2024.0,3000.0,57.0,2.097755539082448,229.0,230.9877427040297
toyota,camry 2.0g 2020,nhập khẩu,sedan,số tự động,xăng,2020.0,60000.0,57.0,2.0,775.0,790.0218728116176
kia,cerato 2.0 at 2018,lắp ráp trong nước,sedan,số tự động,xăng,2018.0,107000.0,57.0,2.0,388.0,400.6887568489466
bmw,5 series 520i 2012,nhập khẩu,sedan,số tự động,xăng,2012.0,88000.0,77.0,2.0,460.0,504.5195438781621
hyundai,tucson 2.0 ath 2016,nhập khẩu,crossover,số tự động,xăng,2016.0,98000.0,70.0,2.0,525.0,553.122020923939
mitsubishi,xpander 1.5 mt 2019,nhập khẩu,suv,số tay,xăng,2019.0,179626.7683965918,59.0,1.5,380.0,359.41135179966216
kia,sonet premium 1.5 at 2024,lắp ráp trong nước,crossover,số tự động,xăng,2024.0,16000.0,58.0,1.5,595.0,495.69023293700025
toyota,vios 1.5g 2015,lắp ráp trong nước,sedan,số tự động,xăng,2015.0,100000.0,104.0,1.5,360.0,314.11477789494734
toyota,camry 2.4g 2012,lắp ráp trong nước,sedan,số tự động,xăng,2012.0,58000.0,67.0,2.4,390.0,396.963491956947
mercedes,benz c class c200 avantgarde plus 2023,lắp ráp trong nước,sedan,số tự động,xăng,2023.0,3000.0,57.0,1.5,1680.0,1644.3523840035386
kia,seltos luxury 1.4 at 2024,lắp ráp trong nước,crossover,số tự động,xăng,2024.0,10000.0,60.0,1.4,660.0,657.6442979821688
toyota,vios 1.5g 2018,lắp ráp trong nước,sedan,số tự động,xăng,2018.0,20000.0,65.0,1.5,390.0,370.40731635634245
toyota,vios 1.5g 2019,lắp ráp trong nước,sedan,số tự động,xăng,2019.0,35000.0,59.0,1.5,349.0,382.4269795632823
mercedes,benz e class e300 amg 2019,lắp ráp trong nước,sedan,số tự động,xăng,2019.0,32000.0,57.0,2.0,1399.0,1321.7983625042848
hyundai,accent 1.4 at đặc biệt 2021,lắp ráp trong nước,sedan,số tự động,xăng,2021.0,60000.0,57.0,1.4,425.0,431.9329098718839
mercedes,benz c class c200 cgi 2010,lắp ráp trong nước,sedan,số tự động,xăng,2010.0,14000.0,66.0,1.8,258.0,354.03007980809735
ford,everest titanium 2.0l 4x2 at 2020,nhập khẩu,suv,số tự động,dầu,2020.0,65000.0,57.0,2.0,845.0,853.3766606157185
mitsubishi,xpander 1.5 at 2022,nhập khẩu,suv,số tự động,xăng,2022.0,40000.0,58.0,1.5,495.0,490.64978380525724
mitsubishi,outlander 2.0 cvt 2022,lắp ráp trong nước,suv,số tự động,xăng,2022.0,40000.0,60.0,2.0,665.0,685.1632989077006
vinfast,fadil 1.4 at premium 2020,lắp ráp trong nước,hatchback,số tự động,xăng,2020.0,25000.0,76.0,1.4,335.0,312.56565143769836
mercedes,benz e class e200 exclusive 2022,lắp ráp trong nước,sedan,số tự động,xăng,2022.0,17000.0,57.0,2.0,1900.0,1698.120267166592
kia,sonet luxury 1.5 at 2023,lắp ráp trong nước,crossover,số tự động,xăng,2023.0,15000.0,57.0,1.5,545.0,523.3483394153563
kia,carnival signature 2.2d 2023,lắp ráp trong nước,van/minivan,số tự động,dầu,2023.0,40000.0,57.0,2.2,1329.0,1290.0932287913618
ford,everest trend 2.0l 4x2 at 2020,nhập khẩu,suv,số tự động,dầu,2020.0,93000.0,58.0,2.0,750.0,783.9671304228259
ford,ranger xls 2.2l 4x2 at 2017,nhập khẩu,bán tải / pickup,số tự động,dầu,2017.0,10000.0,58.0,2.2,430.0,438.4266101986698
toyota,corolla altis 2.0v 2014,lắp ráp trong nước,sedan,số tự động,xăng,2014.0,70000.0,58.0,2.0,430.0,395.869646751534
vinfast,vf3 plus 2024,lắp ráp trong nước,hatchback,số tự động,điện,2024.0,4500.0,59.0,2.097755539082448,235.0,231.25704671657212
ford,territory titanium x 1.5 at 2023,lắp ráp trong nước,suv,số tự động,xăng,2023.0,44000.0,57.0,1.5,779.0,794.0908101082941
mercedes,benz e class e200 2016,lắp ráp trong nước,sedan,số tự động,xăng,2016.0,90000.0,57.0,2.0,790.0,800.5225564901498
toyota,fortuner 2.5g 2016,lắp ráp trong nước,suv,số tay,dầu,2016.0,91000.0,57.0,2.5,498.0,514.9440808782898
mg,zs standard 1.5 at 2wd 2022,nhập khẩu,crossover,số tự động,xăng,2022.0,30005.0,57.0,1.5,400.0,410.1225645614767
toyota,corolla altis 1.8g at 2016,lắp ráp trong nước,sedan,số tự động,xăng,2016.0,105000.0,83.0,1.8,450.0,434.4580449815236
mazda,3 1.5 at 2017,lắp ráp trong nước,sedan,số tự động,xăng,2017.0,80000.0,57.0,1.5,386.0,383.43704542929146
hyundai,i10 grand 1.2 at 2019,lắp ráp trong nước,sedan,số tự động,xăng,2019.0,180000.0,61.0,1.25,290.0,288.323585295798
mazda,6 2.0 at 2014,nhập khẩu,sedan,số tự động,xăng,2014.0,179626.7683965918,91.0,2.0,330.0,399.94974641106097
kia,morning sx 1.1 at sportpack 2010,lắp ráp trong nước,hatchback,số tự động,xăng,2010.0,140000.0,59.0,1.1,168.0,119.28142649916315
toyota,fortuner 2.4g 4x2 mt 2017,nhập khẩu,suv,số tay,dầu,2017.0,68640.0,57.0,2.4,680.0,644.889532234018
mercedes,benz glb 200 amg 2022,nhập khẩu,suv,số tự động,xăng,2022.0,48000.0,57.0,1.3,1259.0,1246.2343283686282
mercedes,benz glc 300 4matic 2019,lắp ráp trong nước,suv,số tự động,xăng,2019.0,79000.0,57.0,2.0,1080.0,1155.4781227678739
mazda,2 1.5 at 2016,lắp ráp trong nước,hatchback,số tự động,xăng,2016.0,130000.0,57.0,1.5,280.0,293.36266639711374
hyundai,venue 1.0 t,lắp ráp trong nước,suv,số tự động,xăng,2024.0,13000.0,76.0,1.0,2024.0,2023.244657231862
peugeot,2008 active 1.2 at 2020,lắp ráp trong nước,crossover,số tự động,xăng,2020.0,40000.0,58.0,1.2,530.0,531.4101984714157
kia,cerato 1.6 mt 2018,lắp ráp trong nước,sedan,số tay,xăng,2018.0,86000.0,68.0,1.6,340.0,328.30821589502045
hyundai,avante 1.6 mt 2013,lắp ráp trong nước,sedan,số tay,xăng,2013.0,179626.7683965918,106.0,1.6,200.0,176.14610875338394
hyundai,accent 1.4 at 2021,lắp ráp trong nước,sedan,số tự động,xăng,2021.0,18000.0,64.0,1.4,425.0,400.6923678216577
lexus,es 250 2016,nhập khẩu,sedan,số tự động,xăng,2016.0,96000.0,57.0,2.5,1180.0,1183.391081717808
nissan,terra v 2.5 at 4wd 2018,nhập khẩu,suv,số tự động,xăng,2018.0,45000.0,57.0,2.5,620.0,371.9228213304927
kia,carnival signature 2.2d 2022,lắp ráp trong nước,van/minivan,số tự động,dầu,2022.0,90000.0,57.0,2.2,1140.0,1198.7201190177054
nissan,sunny xl 2020,lắp ráp trong nước,sedan,số tay,xăng,2020.0,179626.7683965918,57.0,1.5,209.0,230.75170525189284
hyundai,i10 grand 1.2 at 2016,nhập khẩu,hatchback,số tự động,xăng,2016.0,179626.7683965918,66.0,1.25,269.0,265.6005361939234
mazda,cx5 premium 2.0 at 2021,lắp ráp trong nước,suv,số tự động,xăng,2021.0,60000.0,96.0,2.0,690.0,693.8851936575713
peugeot,5008 allure 1.6 at 2020,lắp ráp trong nước,suv,số tự động,xăng,2020.0,40000.0,57.0,1.6,700.0,703.5270550732259
toyota,vios 1.5e cvt 2018,lắp ráp trong nước,sedan,số tự động,xăng,2018.0,18000.0,63.0,1.5,368.0,345.7886354036833
vinfast,vf5 plus 2024,lắp ráp trong nước,suv,số tự động,điện,2024.0,7000.0,84.0,2.097755539082448,450.0,438.83833806465253
vinfast,fadil 1.4 at 2021,lắp ráp trong nước,hatchback,số tự động,xăng,2021.0,30000.0,58.0,1.4,305.0,306.7841366795301
kia,sportage signature 2.0g 2023,lắp ráp trong nước,crossover,số tự động,xăng,2023.0,18000.0,59.0,2.0,870.0,830.1307256855442
ford,explorer limited 2.3l ecoboost 2018,nhập khẩu,suv,số tự động,xăng,2018.0,95000.0,58.0,2.3,1030.0,967.88874341568
suzuki,swift 1.4 at 2014,lắp ráp trong nước,hatchback,số tự động,xăng,2014.0,90000.0,64.0,1.4,269.0,251.0958702299131
hyundai,kona 2.0 ath 2019,lắp ráp trong nước,crossover,số tự động,xăng,2019.0,62000.0,57.0,2.0,455.0,471.35214007381296
lexus,nx 300 2017,nhập khẩu,suv,số tự động,xăng,2017.0,40000.0,57.0,2.0,1579.0,1569.6953288713914
mercedes,benz c class c300 amg 2022,lắp ráp trong nước,sedan,số tự động,xăng,2022.0,15000.0,57.0,2.0,1550.0,1603.155496175773
toyota,veloz cross 1.5 cvt 2022,nhập khẩu,suv,số tự động,xăng,2022.0,54000.0,71.0,1.5,480.0,516.9253398246398
landrover,range rover hse superchardged 5.0 2009,nhập khẩu,suv,số tự động,xăng,2009.0,130000.0,57.0,5.0,630.0,702.4481759256395
mitsubishi,outlander premium 2.0 cvt 2021,lắp ráp trong nước,suv,số tự động,xăng,2021.0,70000.0,60.0,2.0,689.0,693.1752217723033
toyota,corolla altis 1.8g at 2021,lắp ráp trong nước,sedan,số tự động,xăng,2021.0,30000.0,57.0,1.8,610.0,612.6397663540332
volkswagen,viloran luxury 2024,nhập khẩu,van/minivan,số tự động,xăng,2024.0,12000.0,63.0,2.0,2190.0,2130.4934480281327
toyota,innova 2.0e 2018,lắp ráp trong nước,crossover,số tay,xăng,2018.0,61144.0,58.0,2.0,465.0,423.8259369069633
mercedes,benz c class c250 exclusive 2016,lắp ráp trong nước,sedan,số tự động,xăng,2016.0,88000.0,57.0,2.0,609.0,647.8109443695964
toyota,innova 2.0e 2019,lắp ráp trong nước,crossover,số tay,xăng,2019.0,98000.0,57.0,2.0,450.0,436.7907652670162
hyundai,santafe cao cấp 2.2l htrac 2022,lắp ráp trong nước,suv,số tự động,dầu,2022.0,47000.0,57.0,2.2,1119.0,1133.2090644846503
toyota,vios 1.5g 2017,lắp ráp trong nước,sedan,số tự động,xăng,2017.0,179626.7683965918,75.0,1.5,315.0,329.3864467412832
lexus,ls 460l 2007,nhập khẩu,sedan,số tự động,xăng,2007.0,179626.7683965918,57.0,4.6,680.0,540.4136988627639
mitsubishi,xpander 1.5 mt 2021,nhập khẩu,suv,số tay,xăng,2021.0,60000.0,57.0,1.5,425.0,433.365802929621
mercedes,benz c class c250 exclusive 2018,lắp ráp trong nước,sedan,số tự động,xăng,2018.0,76000.0,58.0,2.0,789.0,794.8385206581326
ford,ranger xls 2.2l 4x2 at 2020,nhập khẩu,bán tải / pickup,số tự động,dầu,2020.0,69000.0,105.0,2.2,490.0,525.6975844791382
mercedes,benz glc 300 4matic 2017,lắp ráp trong nước,suv,số tự động,xăng,2017.0,82000.0,83.0,2.0,960.0,925.1537332829888
toyota,corolla altis 1.8g at 2021,lắp ráp trong nước,sedan,số tự động,xăng,2021.0,16000.0,58.0,1.8,590.0,612.7534479219952
toyota,innova 2.0e 2019,lắp ráp trong nước,crossover,số tay,xăng,2019.0,103000.0,57.0,2.0,475.0,436.3386404862191
kia,cerato 1.6 at 2017,lắp ráp trong nước,sedan,số tự động,xăng,2017.0,67000.0,57.0,1.6,379.0,379.7255054468475
ford,ranger xls 2.2l 4x2 at 2017,nhập khẩu,bán tải / pickup,số tự động,dầu,2017.0,83000.0,57.0,2.2,450.0,440.6713020255945
kia,morning si at 2018,lắp ráp trong nước,hatchback,số tự động,xăng,2018.0,90000.0,58.0,1.25,279.0,279.37000375648125
hyundai,creta tiêu chuẩn 1.5 at 2022,nhập khẩu,crossover,số tự động,xăng,2022.0,179626.7683965918,89.0,1.5,530.0,528.1092603088223
volvo,s90 inscription t6 2020,nhập khẩu,sedan,số tự động,xăng,2020.0,33796.0,57.0,2.0,1439.0,1413.9666088575607
bmw,x3 sdrive20i m sport 2024,lắp ráp trong nước,suv,số tự động,xăng,2024.0,9989.0,60.0,2.0,1979.0,1954.7220482467055
lexus,es 250 2019,nhập khẩu,sedan,số tự động,xăng,2019.0,60000.0,57.0,2.5,1820.0,1710.260766652908
kia,carens s sx 2.0 mt 2014,lắp ráp trong nước,crossover,số tay,xăng,2014.0,138000.0,58.0,2.0,235.0,167.8765698801118
toyota,innova 2.0 venturer 2018,lắp ráp trong nước,crossover,số tự động,xăng,2018.0,179626.7683965918,58.0,2.0,515.0,537.1566852536613
toyota,innova g 2008,lắp ráp trong nước,crossover,số tay,xăng,2008.0,35440.0,67.0,2.0,180.0,186.3638712751632
hyundai,santafe cao cấp 2.2l htrac 2021,lắp ráp trong nước,suv,số tự động,dầu,2021.0,60000.0,58.0,2.2,890.0,1001.259768457902
volkswagen,tiguan 2.0 at 2016,nhập khẩu,suv,số tự động,xăng,2016.0,120000.0,58.0,2.0,448.0,577.0182703447063
mazda,3 1.5l sport premium 2020,lắp ráp trong nước,hatchback,số tự động,xăng,2020.0,18000.0,60.0,1.5,555.0,527.5146159920162
toyota,fortuner 2.7v 4x2 at 2015,lắp ráp trong nước,suv,số tự động,xăng,2015.0,77000.0,57.0,2.7,490.0,448.4988307596795
mercedes,benz c class c250 exclusive 2015,lắp ráp trong nước,sedan,số tự động,xăng,2015.0,160000.0,57.0,2.0,525.0,573.2405518229249
chevrolet,vivant cdx mt 2008,lắp ráp trong nước,crossover,số tay,xăng,2008.0,179626.7683965918,78.0,2.0,85.0,94.4793312257069
mazda,3 1.5l luxury 2024,lắp ráp trong nước,sedan,số tự động,xăng,2024.0,10000.0,57.0,1.5,625.0,606.5471067032246
ford,everest ambiente 2.0l 4x2 at 2023,nhập khẩu,suv,số tự động,dầu,2023.0,26000.0,57.0,2.0,1020.0,1020.878598093217
honda,hrv l 2019,nhập khẩu,crossover,số tự động,xăng,2019.0,30000.0,58.0,1.8,565.0,545.6639212896998
mercedes,benz glc 200 4matic 2023,lắp ráp trong nước,suv,số tự động,hybrid,2023.0,16666.0,57.0,2.0,1878.0,2055.5095228215287
mazda,6 2.0 at 2016,lắp ráp trong nước,sedan,số tự động,xăng,2016.0,107000.0,76.0,2.0,399.0,407.09709054730797
ford,fiesta s 1.6 at 2011,lắp ráp trong nước,hatchback,số tự động,xăng,2011.0,179626.7683965918,69.0,1.6,192.0,186.6956898460993
volvo,v60 cross country b5 awd 2022,nhập khẩu,wagon,số tự động,xăng,2022.0,20000.0,57.0,2.0,1599.0,1588.5684659066683
mazda,cx5 luxury 2.0 at 2022,lắp ráp trong nước,suv,số tự động,xăng,2022.0,58000.0,100.0,2.0,710.0,704.7477433475957
toyota,corolla altis 1.8g at 2014,lắp ráp trong nước,sedan,số tự động,xăng,2014.0,120000.0,59.0,1.8,395.0,397.14850027022914
kia,carnival signature 2.2d 2022,lắp ráp trong nước,van/minivan,số tự động,dầu,2022.0,34000.0,58.0,2.2,1288.0,1202.7022908163533
hyundai,santafe 2.4l 4wd 2017,lắp ráp trong nước,suv,số tự động,xăng,2017.0,110000.0,62.0,2.4,599.0,577.7140779941512
mercedes,benz c class c200 exclusive 2021,lắp ráp trong nước,sedan,số tự động,xăng,2021.0,57000.0,57.0,1.5,1069.0,1010.8439751618955
lexus,rc 300 2019,nhập khẩu,coupe,số tự động,xăng,2019.0,11000.0,57.0,2.0,1799.0,1795.649257689523
mazda,bt50 2.2l 4x4 mt 2018,nhập khẩu,bán tải / pickup,số tay,dầu,2018.0,100000.0,60.0,2.2,380.0,414.9478637930784
ford,everest titanium plus 2.0l 4x4 at 2023,nhập khẩu,suv,số tự động,dầu,2023.0,50000.0,57.0,2.0,1330.0,1369.1287571256944
bmw,3 series 320i 2014,nhập khẩu,sedan,số tự động,xăng,2014.0,110000.0,57.0,2.0,415.0,441.72700133299475
vinfast,fadil 1.4 at 2019,lắp ráp trong nước,hatchback,số tự động,xăng,2019.0,60000.0,65.0,1.4,266.0,265.5114226950725
kia,carnival signature 3.5g 2022,lắp ráp trong nước,van/minivan,số tự động,xăng,2022.0,46000.0,58.0,3.5,1239.0,1205.3505301556183
kia,sedona 3.3l gath 2016,lắp ráp trong nước,van/minivan,số tự động,xăng,2016.0,70000.0,59.0,3.3,580.0,518.9574422648805
kia,sorento dath 2.2l 2wd 2014,lắp ráp trong nước,suv,số tự động,dầu,2014.0,162000.0,58.0,2.2,430.0,465.0289945491218
mini,cooper s 2009,nhập khẩu,coupe,số tự động,xăng,2009.0,179626.7683965918,57.0,1.6,439.0,624.9347486642785
hyundai,santafe premium 2.2l htrac 2019,lắp ráp trong nước,suv,số tự động,dầu,2019.0,56000.0,88.0,2.2,780.0,816.5263477775632
mercedes,benz glc 300 4matic 2020,lắp ráp trong nước,suv,số tự động,xăng,2020.0,55000.0,62.0,2.0,1429.0,1478.5040016137054
hyundai,accent 1.4 ath 2019,lắp ráp trong nước,sedan,số tự động,xăng,2019.0,83000.0,82.0,1.4,388.0,384.77931019993673
vinfast,vf8 eco 2023,lắp ráp trong nước,suv,số tự động,điện,2023.0,12000.0,57.0,0.2,760.0,718.553776631363
kia,carnival signature 2.2d 2023,lắp ráp trong nước,van/minivan,số tự động,dầu,2023.0,18000.0,58.0,2.2,1295.0,1291.3675627614311
honda,city 1.5 2018,lắp ráp trong nước,sedan,số tự động,xăng,2018.0,76000.0,65.0,1.5,355.0,352.1031845705976
mercedes,benz c class c200 avantgarde plus 2022,lắp ráp trong nước,sedan,số tự động,xăng,2022.0,15000.0,77.0,1.5,1439.0,1373.2278339656068
mercedes,benz glc 300 4matic 2016,lắp ráp trong nước,suv,số tự động,xăng,2016.0,68000.0,66.0,2.0,798.0,844.2619439071996
kia,morning van 1.0 at 2016,nhập khẩu,van/minivan,số tự động,xăng,2016.0,55000.0,57.0,1.0,205.0,203.97641770635613
ford,ranger xls 2.2l 4x2 at 2014,nhập khẩu,bán tải / pickup,số tự động,dầu,2014.0,140000.0,62.0,2.2,345.0,328.8550964547354
kia,rondo gat deluxe 2022,lắp ráp trong nước,suv,số tự động,xăng,2022.0,84000.0,57.0,2.0,458.0,458.04682484167137
jaguar,xe s 3.0at 2016,nhập khẩu,sedan,số tự động,xăng,2016.0,80000.0,57.0,3.0,599.0,918.438707513943
mitsubishi,xpander 1.5 mt 2019,nhập khẩu,suv,số tay,xăng,2019.0,93000.0,57.0,1.5,365.0,369.26330083207387
ford,everest trend 2.0l 4x2 at 2019,nhập khẩu,suv,số tự động,dầu,2019.0,79000.0,57.0,2.0,750.0,731.3029191047531
ford,territory titanium x 1.5 at 2024,lắp ráp trong nước,suv,số tự động,xăng,2024.0,20000.0,60.0,1.5,845.0,831.9325127961082
mazda,6 2.0 at 2014,nhập khẩu,sedan,số tự động,xăng,2014.0,112000.0,95.0,2.0,365.0,404.36248368104333
kia,carnival signature 2.2d 2022,lắp ráp trong nước,van/minivan,số tự động,dầu,2022.0,90000.0,58.0,2.2,1185.0,1199.1879294189318
kia,cerato 1.6 mt 2009,nhập khẩu,sedan,số tay,xăng,2009.0,179626.7683965918,71.0,1.6,180.0,179.90896768937336
kia,cerato 1.6 at luxury 2019,lắp ráp trong nước,sedan,số tự động,xăng,2019.0,98000.0,57.0,1.6,455.0,442.6270893840027
mercedes,benz c class c300 amg 2022,lắp ráp trong nước,sedan,số tự động,xăng,2022.0,10000.0,57.0,2.0,1599.0,1602.4330339788553
volkswagen,viloran luxury 2024,nhập khẩu,van/minivan,số tự động,xăng,2024.0,13000.0,57.0,2.0,2100.0,2125.9581201089463
mercedes,benz e class e200 sport 2019,lắp ráp trong nước,sedan,số tự động,xăng,2019.0,68000.0,57.0,2.0,1168.0,1191.881463358038
mercedes,benz glc 200 2022,lắp ráp trong nước,suv,số tự động,xăng,2022.0,9999.0,64.0,2.0,1439.0,1382.2170655817147
bmw,3 series 335i convertible 2009,nhập khẩu,convertible/cabriolet,số tự động,xăng,2009.0,89800.0,57.0,3.0,525.0,902.942979909278
toyota,fortuner trd sportivo 4x4 at 2014,lắp ráp trong nước,suv,số tự động,xăng,2014.0,100000.0,57.0,2.7,485.0,486.20088917532485
vinfast,vf8 plus awd 2022,lắp ráp trong nước,suv,số tự động,điện,2022.0,26000.0,57.0,2.097755539082448,690.0,780.9083457013346
ford,everest titanium plus 2.0l 4x4 at 2024,nhập khẩu,suv,số tự động,dầu,2024.0,25000.0,57.0,2.0,1379.0,1436.292471622487
toyota,fortuner 2.4g 4x2 at 2020,lắp ráp trong nước,suv,số tự động,dầu,2020.0,87000.0,57.0,2.4,768.0,826.1353025848798
kia,cerato 1.6 mt 2018,lắp ráp trong nước,sedan,số tay,xăng,2018.0,179626.7683965918,97.0,1.6,308.0,318.28383426109525
bmw,5 series 520i 2018,nhập khẩu,sedan,số tự động,xăng,2018.0,47000.0,57.0,1.6,935.0,884.311093486755
toyota,wigo 1.2g at 2018,nhập khẩu,hatchback,số tự động,xăng,2018.0,70000.0,98.0,1.2,265.0,272.385389576987
hyundai,tucson 2.0 at 2018,lắp ráp trong nước,crossover,số tự động,xăng,2018.0,99.0,67.0,2.0,545.0,553.3485274614851
mercedes,benz e class e300 amg 2022,lắp ráp trong nước,sedan,số tự động,xăng,2022.0,84000.0,58.0,2.0,1789.0,1888.3268932462895
lexus,ls 460l 2007,nhập khẩu,sedan,số tự động,xăng,2007.0,179626.7683965918,59.0,4.6,660.0,540.350526658053
bmw,5 series 528i gt 2015,nhập khẩu,sedan,số tự động,xăng,2015.0,15000.0,57.0,2.0,1058.0,882.9515688396614
kia,carnival signature 2.2d 2023,lắp ráp trong nước,van/minivan,số tự động,dầu,2023.0,45000.0,57.0,2.2,1280.0,1289.6268037989203
ford,ecosport titanium 1.5l at 2015,lắp ráp trong nước,suv,số tự động,xăng,2015.0,150000.0,58.0,1.5,268.0,283.91349698389706
ford,ecosport titanium 1.5l at 2018,lắp ráp trong nước,suv,số tự động,xăng,2018.0,76000.0,57.0,1.5,385.0,377.3215356262144
kia,sorento 2.2 dat premium 2019,lắp ráp trong nước,suv,số tự động,dầu,2019.0,90000.0,57.0,2.2,629.0,638.8904119869009
kia,cerato 2.0 at premium 2020,lắp ráp trong nước,sedan,số tự động,xăng,2020.0,61000.0,58.0,2.0,477.0,478.73224445054564
mazda,3 1.5l deluxe 2024,lắp ráp trong nước,sedan,số tự động,xăng,2024.0,25000.0,58.0,1.5,550.0,569.585787044032
volvo,s90 inscription t6 2020,nhập khẩu,sedan,số tự động,xăng,2020.0,21000.0,57.0,2.0,1399.0,1413.828328102884
mercedes,benz glc 300 4matic 2021,lắp ráp trong nước,suv,số tự động,xăng,2021.0,80000.0,95.0,2.0,1595.0,1578.193902256569
kia,sonet premium 1.5 at 2023,lắp ráp trong nước,crossover,số tự động,xăng,2023.0,53000.0,59.0,1.5,495.0,566.1904854067238
audi,a1 2.0t s,nhập khẩu,hatchback,số tự động,xăng,2012.0,179626.7683965918,59.0,2.0,2012.0,1802.5384167528543
ford,everest titanium 2.0l 4x2 at 2020,nhập khẩu,suv,số tự động,dầu,2020.0,65000.0,57.0,2.0,835.0,853.3766606157185
toyota,vios e cvt 2022,lắp ráp trong nước,sedan,số tự động,xăng,2022.0,56000.0,60.0,1.5,385.0,410.28375517460296
hyundai,i10 1.2 at 2025,lắp ráp trong nước,hatchback,số tự động,xăng,2025.0,13000.0,57.0,1.25,415.0,435.4586532849267
mercedes,benz glc 300 4matic 2021,lắp ráp trong nước,suv,số tự động,xăng,2021.0,30000.0,59.0,2.0,1620.0,1595.9448446545223
audi,tt s 2.0 at 2008,nhập khẩu,coupe,số tự động,xăng,2008.0,77000.0,78.0,2.0,459.0,529.3087651616324
lexus,es 250 2019,nhập khẩu,sedan,số tự động,xăng,2019.0,68000.0,58.0,2.5,1850.0,1710.706994334953
ford,escape xls 2.3l 4x2 at 2010,lắp ráp trong nước,suv,số tự động,xăng,2010.0,90000.0,58.0,2.3,218.0,231.00666734090368
ford,ranger xls 2.2l 4x2 mt 2019,nhập khẩu,bán tải / pickup,số tay,dầu,2019.0,85000.0,57.0,2.2,485.0,454.47535994396384
hyundai,santafe cao cấp 2.2l htrac 2022,lắp ráp trong nước,suv,số tự động,dầu,2022.0,47000.0,58.0,2.2,1119.0,1133.9847161293412
toyota,camry 2.0q 2023,nhập khẩu,sedan,số tự động,xăng,2023.0,33000.0,57.0,2.0,1035.0,1024.4245233275967
suzuki,xl7 1.5 at 2022,nhập khẩu,suv,số tự động,xăng,2022.0,40000.0,99.0,1.5,460.0,450.2485824882002
landrover,range rover hse 3.0 2015,nhập khẩu,suv,số tự động,xăng,2015.0,179626.7683965918,93.0,3.0,2120.0,2091.6483492116927
omoda,c5 flagship 1.5 turbo 2024,nhập khẩu,suv,số tự động,xăng,2024.0,7500.0,58.0,1.5,609.0,400.2310307268317
toyota,rush 1.5s at 2019,nhập khẩu,suv,số tự động,xăng,2019.0,179626.7683965918,58.0,1.5,415.0,457.60257677943804
kia,carnival gs 2.5 at 2009,lắp ráp trong nước,van/minivan,số tự động,xăng,2009.0,200000.0,70.0,2.5,155.0,160.81292111204135
chevrolet,captiva ltz 2.4 at 2013,lắp ráp trong nước,suv,số tự động,xăng,2013.0,85000.0,57.0,2.4,288.0,296.73720336499605
mercedes,benz glc 300 4matic 2017,lắp ráp trong nước,suv,số tự động,xăng,2017.0,70000.0,57.0,2.0,960.0,927.9279078686754
hyundai,santafe mlx 2.0l 2009,nhập khẩu,suv,số tự động,dầu,2009.0,168000.0,66.0,2.0,365.0,313.5827477725237
toyota,innova 2.0e 2019,lắp ráp trong nước,crossover,số tay,xăng,2019.0,103046.0,59.0,2.0,475.0,436.69421161129674
ford,ranger xls 2.0l 4x2 mt 2022,lắp ráp trong nước,bán tải / pickup,số tay,dầu,2022.0,179626.7683965918,57.0,2.0,525.0,553.1370812195851
hyundai,santafe 2.4l 4wd 2018,lắp ráp trong nước,suv,số tự động,xăng,2018.0,80000.0,57.0,2.4,665.0,667.7319251001917
mitsubishi,xpander 1.5 mt 2019,nhập khẩu,suv,số tay,xăng,2019.0,27800.0,65.0,1.5,370.0,372.9728045956218
lexus,nx 200t 2016,nhập khẩu,suv,số tự động,xăng,2016.0,58000.0,57.0,2.0,1238.0,1255.1020242352108
mazda,3 1.5l sport luxury 2024,lắp ráp trong nước,hatchback,số tự động,xăng,2024.0,6000.0,57.0,1.5,615.0,622.1502021504425
toyota,fortuner 2.5g 2016,lắp ráp trong nước,suv,số tay,dầu,2016.0,96000.0,58.0,2.5,498.0,514.7646096449465
kia,k3 premium 2.0 at 2022,lắp ráp trong nước,sedan,số tự động,xăng,2022.0,45000.0,57.0,2.0,560.0,547.9979646662528
toyota,corolla cross 1.8hv 2021,nhập khẩu,suv,số tự động,hybrid,2021.0,56000.0,57.0,1.8,765.0,752.6036449541552
volvo,xc60 ultimate bright b6 awd 2023,nhập khẩu,suv,số tự động,xăng,2023.0,28000.0,91.0,2.0,1999.0,1980.8584396087072
mazda,3 1.5l sport luxury 2022,lắp ráp trong nước,hatchback,số tự động,xăng,2022.0,40000.0,59.0,1.5,565.0,570.2670318232873
toyota,innova e 2.0 mt 2022,lắp ráp trong nước,crossover,số tay,xăng,2022.0,55000.0,57.0,2.0,585.0,572.1914154222159
toyota,yaris 1.5g 2019,nhập khẩu,hatchback,số tự động,xăng,2019.0,43000.0,65.0,1.5,410.0,459.8629046894729
ford,everest sport 2.0l 4x2 at 2025,nhập khẩu,suv,số tự động,dầu,2025.0,179626.7683965918,57.0,2.0,1210.0,1171.4263191096163
bmw,x4 xdrive20i 2019,nhập khẩu,suv,số tự động,xăng,2019.0,30000.0,57.0,2.0,1650.0,1556.4545246545567
hyundai,click 1.4 at 2008,nhập khẩu,hatchback,số tự động,xăng,2008.0,179626.7683965918,105.0,1.4,148.0,151.18000285737514
vinfast,vf9 plus 2024,lắp ráp trong nước,suv,số tự động,điện,2024.0,38000.0,57.0,0.2,1269.0,1224.0691951964955
toyota,vios 1.5e 2015,lắp ráp trong nước,sedan,số tay,xăng,2015.0,150000.0,58.0,1.5,235.0,200.0245945917157
landrover,range rover evoque dynamic 2012,nhập khẩu,suv,số tự động,xăng,2012.0,179626.7683965918,57.0,2.0,485.0,494.2422123883933
